TrialName,PlantingDate,Loc Code,PlotId,PlotColumn,PlotRow,PlotType,Barcode,Tags,Designation,ENTRY_NO,Pedigree,Rep,June HEADING,Date:HEADING,HEIGHT (cm),Date:HEIGHT,LDG1,Date:LDG1,LDG2,Date:LDG2,LDG3,Date:LDG3,LDG4,Date:LDG4,Loc Ldg,LVS,Date:LVS,TS,Date:TS,BLS,Date:BLS,BYDV,Date:BYDV,SH,Date:SH,Maturity,Date:Maturity,Notes,Date:Notes,Plot Yield (kg/plot),Grian Yield (bu/acre),Adj. Grain Yield (bu/acre),Adj. Yield/dropped reps (bu/acre),Harvest Moisture (%),Test Weight (kg/hL),Quick Note,TWT,Prot,Notes
25Beck_AY1,4/12/2025,9,1001,2,11,,1090110001,,MN21090-4,37,MN14223-5/MN-Rothsay,1,,,,,,,,,,,,,,,,,,,,,,,,,,,,2.26,57.73,57.73365483,57.73365483,17.09,,,57.83,12.32,
25Ben_AY1,4/18/2025,16,1001,2,1,,1160110001,,MN22227-1,46,MN15413-2/MN10201-4-A//Linkert-gpcB1/MN13288-1-1/3/MN15482-4/Shelly//MN15482-4/MN10261-1,1,,,,,,,,,,,,,,,,,,0,7/15/2025 11:06,,,,,,,,,3.99,104.28,104.2761195,104.2761195,15.18,,,,,
25Crk_AY1_Conv,4/24/2025,6,1001,2,10,,1060110001,,NDHRS15-0006-C46,59,2025 NDSU,1,,,,,,,2,8/4/2025 17:56,,,,,,,,,,,,,,,,,,,,,191.04,,,,Plugged - Mixed with 1693,,,,
25Ferg_AY1,4/21/2025,10,1001,2,1,,1100110001,,AP Smith,5,2021 AgriPro/Syngenta,1,,,,,0,7/28/2025 11:18,0,8/5/2025 17:32,,,,,,5,7/28/2025 11:18,,,0,7/15/2025 14:37,,,,,,,,,3.9,100.58,100.5781776,100.5781776,16.3,,,,,
25Hall_AY1,4/26/2025,15,1001,2,1,,1150110001,,MN22227-1,46,MN15413-2/MN10201-4-A//Linkert-gpcB1/MN13288-1-1/3/MN15482-4/Shelly//MN15482-4/MN10261-1,1,,,,,,,,,,,,,,,,,,,,,,,,,,,,4.03,107.41,107.40756,107.40756,13.5,,,,,
25Lamb_AY1conv,4/15/2025,4,1001,21,1,,1040110001,,Driver,15,2019 SD State University,1,13,,93.98,,,,,,,,,,0,,,,,,,,,,,3,7/17/2025 15:11,,,,34.38,,,,,,,,
25LeCen_AY1,4/11/2025,17,1001,2,1,,1170110001,,LCS Cannon,27,2018 Limagrain Cereal Seeds,1,,,,,0,7/4/2025 16:12,1,7/17/2025 8:58,,,,,,,,,,,,,,,,,,,,3.74,98.68,98.67501179,98.67501179,13.2,,,,,
25Oklee_AY1,4/26/2025,12,1001,13,1,,1120110001,,Knudson,23,long term check,1,,,,,0,7/30/2025 11:44,,,,,,,,,,,,,,,,,,,,,,3.53,89.52,89.52431449,,17.69,,,,,
25Perl_AY1,4/21/2025,11,1001,2,1,,1110110001,,MN22356-2,51,MN15530-4/MN15005-4,1,,,,,0,7/28/2025 15:56,,,,,,,,3,7/28/2025 15:56,,,,,,,,,,,,,4.33,110.76,110.7603508,,16.98,,,,,
25Ros_AY1conv,4/25/2025,7,1001,2,1,,1070110001,,SY 611 CL2,63,2019 AgriPro/Syngenta,1,22,,73.66,,,,,,,,,,,7,7/29/2025 15:27,,,,,,,,,,,,,3.62,91.66,91.66180489,91.66180489,17.82,,,,,
25Steph_AY1,4/27/2025,13,1001,2,1,,1130110001,,MN22071-4,42,MN16024-6/MN15005-4,1,,,,,,,,,,,,,,,,,,,,,,,,,,first range has winter wheat in 1/3 of plot. discard that range or even entire 1st rep. use spatial for all traits. dryness gradient from south to north (dry),7/29/2025 9:53,3.05,76.68,76.68381225,,18.4,,,,,
25StP_C-9_AY1-3_URN-PEv2,4/16/2025,1,1001,2,2,,1010110001,,AP Smith,5,2021 AgriPro/Syngenta,1,18,6/18/2025 13:04,76.66666667,,0,6/17/2025 10:44,4,6/27/2025 9:51,1,7/3/2025 9:52,1,7/25/2025 11:16,,,,,,,,,,,,,,,,1.03,58.75,58.75151853,58.75151853,13.7,-,,,,
25Strath_AY1,5/8/2025,14,1001,2,1,,1140110001,,Linkert,32,2013 MN,1,,,,,0,7/30/2025 8:30,,,,,,,,,,7,7/30/2025 8:30,,,,,,,,,,,,51.51,,,,,,,,
25Was_AY1,1/1/2025,3,1001,2,1,,1030110001,better leaves,Glenn,22,long term check,1,12,,85,,1,7/17/2025 10:13,,,,,,,4,,,,,,,,,,,,,,,,46.53,46.53,46.53,,,,56.35,15.59,
25Beck_AY1,4/12/2025,9,1002,3,11,,1090110002,,Dyna-Gro 8582,16,2024 Nutrien Ag Solutions,1,,,,,,,,,,,,,,,,,,,,,,,,,,,,2.88,73.95,73.95366148,73.95366148,16.66,,,58,13.31,
25Ben_AY1,4/18/2025,16,1002,3,1,,1160110002,LTN,CAG Recoil,9,2022 Champions Alliance Group Inc,1,,,,,,,,,,,,,,,,,,0,7/15/2025 11:07,,,,,,,,,3.98,106.71,106.7126361,106.7126361,12.98,,,,,
25Crk_AY1_Conv,4/24/2025,6,1002,3,9,,1060110002,possible error,Ascend-SD,6,2021 SD State University,3,,,,,,,,,,,,,,,,,,,,,,,,,,Plot shift. stampede. ascend is behind me,7/16/2025 9:51,,123.13,123.13,123.13,,0,,,,
25Ferg_AY1,4/21/2025,10,1002,3,1,,1100110002,,MN22227-1,46,MN15413-2/MN10201-4-A//Linkert-gpcB1/MN13288-1-1/3/MN15482-4/Shelly//MN15482-4/MN10261-1,1,,,,,0,7/28/2025 11:18,0,8/5/2025 17:32,,,,,,6,7/28/2025 11:19,,,0,7/15/2025 14:38,,,,,,,,,3.83,99.46,99.45737624,99.45737624,15.72,,,,,
25Hall_AY1,4/26/2025,15,1002,3,1,,1150110002,,Glenn,22,long term check,1,,,,,,,,,,,,,,,,,,,,,,,,,,,,3.52,93.82,93.81504,93.81504,13.5,,,,,
25Lamb_AY1conv,4/15/2025,4,1002,22,1,,1040110002,,MN22131-3,43,MN15482-4/MN15005-4,1,14,,86.36,,,,,,,,,,0,,,,,,,,,,,2,7/17/2025 15:11,,,,79.48,79.4804982,79.4804982,,,,,,
25LeCen_AY1,4/11/2025,17,1002,3,1,,1170110002,,MN21168-1,38,10FAR-3134-1/MN14223-5,1,,,,,0,7/17/2025 9:00,2,7/17/2025 8:58,,,,,,,,,,,,,,,,,,,,4.06,107.19,107.1850391,107.1850391,11.59,,,,,
25Oklee_AY1,4/26/2025,12,1002,14,1,,1120110002,,PFS Rolls,61,2025 Peterson Farms Seed,1,,,,,0,7/30/2025 11:44,,,,,,,,,,,,,,,,,,,,,,3.5,88.36,88.36447491,,18.06,,,,,
25Perl_AY1,4/21/2025,11,1002,3,1,,1110110002,,AP Iconic,3,2025 AgriPro/Syngenta,1,,,,,1,7/28/2025 15:56,,,,,,,,7,7/28/2025 15:56,,,,,,,,,,,,,4.32,113.22,113.2199144,,14.94,,,,,
25Ros_AY1conv,4/25/2025,7,1002,3,1,,1070110002,,LCS Buster,26,2020 Limagrain Cereal Seeds,1,28,,86.36,,,,,,,,,,,5,7/29/2025 15:27,,,,,,,,,,,,,4.54,113.47,113.4742947,113.4742947,18.88,,,,,
25Steph_AY1,4/27/2025,13,1002,3,1,,1130110002,,LCS Dual,28,2021 Limagrain Cereal Seeds,1,,,,,,,,,,,,,,,,,,,,,,,,,,,,3.32,84.65,84.64860069,,17.25,,,,,
25StP_C-9_AY1-3_URN-PEv2,4/16/2025,1,1002,3,2,,1010110002,,CP3530,11,2022 Winfield Untied - Croplan,1,18,6/18/2025 13:04,90,,0,6/17/2025 10:45,8,6/27/2025 9:51,5,7/3/2025 9:52,6,7/25/2025 11:16,,,,,,,,,,,,,,,,1.13,63.41,63.40992061,63.40992061,15.1,74.8,,,,
25Strath_AY1,5/8/2025,14,1002,3,1,,1140110002,,Brawn-SD,7,2022 SD State University,1,,,,,6,7/30/2025 8:30,,,,,,,,,,4,7/30/2025 8:30,,,,,,,,,,,,111.15,111.15,111.15,,,,,,
25Was_AY1,1/1/2025,3,1002,3,1,,1030110002,better leaves,Dyna-Gro Ambush,17,2017 Nutrien Ag Solutions,1,11,,75,,0,7/17/2025 10:13,,,,,,,4,,,,,,,,,,,,,,,,59.05,59.05,59.05,,,,57.55,15.66,
25Beck_AY1,4/12/2025,9,1003,4,11,,1090110003,,LCS Ascent,24,2022 Limagrain Cereal Seeds,1,,,,,,,,,,,,,,,,,,,,,,,,,,,,2.68,73.59,73.59082455,73.59082455,10.88,,,57.38,13.26,
25Ben_AY1,4/18/2025,16,1003,4,1,,1160110003,,TCG-Badlands,66,2023 21st Century Genetics,1,,,,,,,,,,,,,,,,,,0,7/15/2025 11:07,,,,,,,,,3.66,95.65,95.65177876,95.65177876,15.18,,,,,
25Crk_AY1_Conv,4/24/2025,6,1003,4,10,,1060110003,,MN22227-1,46,MN15413-2/MN10201-4-A//Linkert-gpcB1/MN13288-1-1/3/MN15482-4/Shelly//MN15482-4/MN10261-1,1,,,,,,,2,8/4/2025 17:56,,,,,,,,,,,,,,,,,,,,,109.43,109.43,109.43,,0,,,,
25Ferg_AY1,4/21/2025,10,1003,4,1,,1100110003,,NDHRS15-0006-C46,59,2025 NDSU,1,,,,,1,7/28/2025 11:19,1,8/5/2025 17:32,,,,,,6,7/28/2025 11:19,,,0,7/15/2025 14:38,,,,,,,,,4.23,113.12,113.1159254,113.1159254,13.21,,,,,
25Hall_AY1,4/26/2025,15,1003,4,1,,1150110003,,WB9479,71,2017 WestBred,1,,,,,,,,,,,,,,,,,,,,,,,,,,,,3.45,87.53,87.52732481,87.52732481,17.66,,,,,
25Lamb_AY1conv,4/15/2025,4,1003,23,1,,1040110003,,MN22227-1,46,MN15413-2/MN10201-4-A//Linkert-gpcB1/MN13288-1-1/3/MN15482-4/Shelly//MN15482-4/MN10261-1,1,13,,81.28,,,,,,,,,,0,,,,,,,,,,,6,7/17/2025 15:11,,,,77.81,77.80788846,77.80788846,,,,,,
25LeCen_AY1,4/11/2025,17,1003,4,1,,1170110003,,TCG-Zelda,68,2023 21st Century Genetics,1,,,,,0,7/17/2025 9:00,5,7/17/2025 8:58,,,,,,,,,,,,,,,,,,,,3.84,101.34,101.3447205,101.3447205,13.59,,,,,
25Oklee_AY1,4/26/2025,12,1003,15,1,,1120110003,,TCG-Badlands,66,2023 21st Century Genetics,1,,,,,0,7/30/2025 11:44,,,,,,,,,,,,,,,,,,,,,,3.6,90.21,90.21255232,,18.67,,,,,
25Perl_AY1,4/21/2025,11,1003,4,1,,1110110003,,MN22322-2,48,MN15005/MN14223-5,1,,,,,1,7/28/2025 15:56,,,,,,,,6,7/28/2025 15:56,,,,,,,,,,,,,4.33,111.8,111.8009804,,16.2,,,,,
25Ros_AY1conv,4/25/2025,7,1003,4,1,,1070110003,,LCS Hammer AX,29,2022 Limagrain Cereal Seeds,1,21,,71.12,,,,,,,,,,,9,7/29/2025 15:27,,,,,,,,,,,,,3.04,77.89,77.89359737,77.89359737,16.84,,,,,
25Steph_AY1,4/27/2025,13,1003,4,1,,1130110003,,MN21089-4,36,MN14223-5/MN-Rothsay,1,,,,,,,,,,,,,,,,,,,,,,,,,,,,3.44,85.95,85.94872531,,18.91,,,,,
25StP_C-9_AY1-3_URN-PEv2,4/16/2025,1,1003,4,2,,1010110003,,LCS Boom,25,2023 Limagrain Cereal Seeds,1,12,6/12/2025 10:08,81,,0,6/17/2025 10:45,6,6/27/2025 9:51,3,7/3/2025 9:52,4,7/25/2025 11:17,,,,,,,,,,,,,,,,1.075,61.32,61.31833244,61.31833244,13.7,-,,,,
25Strath_AY1,5/8/2025,14,1003,4,1,,1140110003,,MN21168-1,38,10FAR-3134-1/MN14223-5,1,,,,,2,7/30/2025 8:30,,,,,,,,,,6,7/30/2025 8:30,,,,,,,,,,,,121.38,121.38,121.38,,,,,,
25Was_AY1,1/1/2025,3,1003,4,1,,1030110003,,TCG-Wildcat,67,2020 21st Century Genetics,1,17,,80,,0,7/17/2025 10:13,,,,,,,3,,,,,,,,,,,,,,,,65.56,65.56,65.56,,,,57.29,15.46,
25Beck_AY1,4/12/2025,9,1004,5,11,,1090110004,,LCS Rimfire,30,2025 Limagrain Cereal Seeds,1,,,,,,,,,,,,,,,,,,,,,,,,,,,,2.82,73.65,73.64677834,73.64677834,15.24,,,57.53,13.8,
25Ben_AY1,4/18/2025,16,1004,5,1,,1160110004,,MN21263-3,40,MN15332/MN-Washburn-A//MN-Rothsay,1,,,,,,,,,,,,,,,,,,0,7/15/2025 11:07,,,,,,,,,3.47,92.14,92.14030843,92.14030843,13.82,,,,,
25Crk_AY1_Conv,4/24/2025,6,1004,5,10,,1060110004,,LCS Buster,26,2020 Limagrain Cereal Seeds,1,,,,,,,1,8/4/2025 17:56,,,,,,,,,,,,,,,,,,,,,133.94,133.94,133.94,,0,,,,
25Ferg_AY1,4/21/2025,10,1004,5,1,,1100110004,,LCS Ascent,24,2022 Limagrain Cereal Seeds,1,,,,,2,7/28/2025 11:19,2,8/5/2025 17:32,,,,,,8,7/28/2025 11:19,,,1,7/15/2025 14:38,,,,,,,,,4.3,112.11,112.1127934,112.1127934,15.38,,,,,
25Hall_AY1,4/26/2025,15,1004,5,1,,1150110004,,Ascend-SD,6,2021 SD State University,1,,,,,,,,,,,,,,,,,,,,,,,,,,,,3.95,101.21,101.2104308,101.2104308,16.84,,,,,
25Lamb_AY1conv,4/15/2025,4,1004,24,1,,1040110004,,PFS Muffins,60,2026 Peterson Farms Seed,1,14,,88.9,,,,,,,,,,0,,,,,,,,,,,2,7/17/2025 15:11,,,,85.8,85.79877943,85.79877943,,,,,,
25LeCen_AY1,4/11/2025,17,1004,5,1,,1170110004,,MS Nova,56,"2023 Meridian Seeds, LLC",1,,,,,0,7/17/2025 9:00,2,7/17/2025 9:03,,,,,,,,,,,,,,,,,,,,3.68,97.1,97.09635422,97.09635422,14.97,,,,,
25Oklee_AY1,4/26/2025,12,1004,16,1,,1120110004,,CP3555,12,2024 Winfield Untied - Croplan,1,,,,,0,7/30/2025 11:44,,,,,,,,,,,,,,,,,,,,,,3.61,92.31,92.30955633,,17.01,,,,,
25Perl_AY1,4/21/2025,11,1004,5,1,,1110110004,,MN-Rothsay,34,2022 MN,1,,,,,0,7/28/2025 15:56,,,,,,,,8,7/28/2025 15:56,,,,,,,,,,,,,3.88,100.03,100.0265274,,16.33,,,,,
25Ros_AY1conv,4/25/2025,7,1004,5,1,,1070110004,,MN22342-2,50,MN16024-6/MN15119-2,1,21,,68.58,,,,,,,,,,,8,7/29/2025 15:27,,,,,,,,,,,,,3.49,88.25,88.25179704,88.25179704,17.93,,,,,
25Steph_AY1,4/27/2025,13,1004,5,1,,1130110004,,Dyna-Gro Rocker,20,2023 Nutrien Ag Solutions,1,,,,,,,,,,,,,,,,,,,,,,,,,,,,3.87,100.13,100.1264493,,16.03,,,,,
25StP_C-9_AY1-3_URN-PEv2,4/16/2025,1,1004,5,2,,1010110004,,LCS Dual,28,2021 Limagrain Cereal Seeds,1,17,6/18/2025 13:05,82.33333333,,0,6/17/2025 10:45,4,6/27/2025 9:52,2,7/3/2025 9:52,2,7/25/2025 11:17,,,,,,,,,,,,,,,,1.185,67.04,67.04450532,67.04450532,14.4,77.8,,,,
25Strath_AY1,5/8/2025,14,1004,5,1,,1140110004,,MN21385-1,41,Linkert-gpcB1/MN-Washburn-A//MN13479-8,1,,,,,1,7/30/2025 8:30,,,,,,,,,,2,7/30/2025 8:30,,,,,,,,,,,,129.15,129.15,129.15,,,,,,
25Was_AY1,1/1/2025,3,1004,5,1,,1030110004,,MN22429-2,53,MN16396/MN14227-4,1,16,,80,,0,7/17/2025 10:13,,,,,,,3,,,,,,,,,,,,,,,,69.29,69.29,69.29,,,,57.48,14.66,
25Beck_AY1,4/12/2025,9,1005,6,11,,1090110005,,AP Dagr,1,2025 AgriPro/Syngenta,1,,,,,,,,,,,,,,,,,,,,,,,,,,,,2.51,64.31,64.30572992,64.30572992,16.85,,,58.32,11.3,
25Ben_AY1,4/18/2025,16,1005,6,1,,1160110005,,MN21090-4,37,MN14223-5/MN-Rothsay,1,,,,,1,7/15/2025 11:08,,,,,,,,,,,,0,7/15/2025 11:08,,,,,,,,,4.01,106.22,106.2196819,106.2196819,14.03,,,,,
25Crk_AY1_Conv,4/24/2025,6,1005,6,10,,1060110005,LTN,CAG Recoil,9,2022 Champions Alliance Group Inc,1,,,,,,,2,8/4/2025 17:56,,,,,,,,,,,,,,,,,,,,,96.22,96.22,96.22,,0,,,,
25Ferg_AY1,4/21/2025,10,1005,6,1,,1100110005,,Dyna-Gro Ballistic,18,2018 Nutrien Ag Solutions,1,,,,,1,7/28/2025 11:19,1,8/5/2025 17:32,,,,,,7,7/28/2025 11:19,,,0,7/15/2025 14:38,,,,,,,,,4.34,114.47,114.4661804,114.4661804,14.4,,,,,
25Hall_AY1,4/26/2025,15,1005,6,1,,1150110005,,CP3915,14,2019 Winfield Untied - Croplan,1,,,,,,,,,,,,,,,,,,,,,,,,,,,,3.65,92.87,92.8712819,92.8712819,17.42,,,,,
25Lamb_AY1conv,4/15/2025,4,1005,25,1,,1040110005,,SY 611 CL2,63,2019 AgriPro/Syngenta,1,13,,86.36,,,,,,,,,,0,,,,,,,,,,,3,7/17/2025 15:11,,,,81.97,81.96849252,81.96849252,,,,,,
25LeCen_AY1,4/11/2025,17,1005,6,1,,1170110005,,WB9590,72,2017 WestBred,1,,,,,0,7/4/2025 16:13,1,7/17/2025 9:03,,,,,,,,,,,,,,,,,,,,3.46,91.22,91.22285642,91.22285642,14.1,,,,,
25Oklee_AY1,4/26/2025,12,1005,17,1,,1120110005,,MN22199-2,45,MN16360/MN15005,1,,,,,0,7/30/2025 11:44,,,,,,,,,,,,,,,,,,,,,,3.89,95.17,95.16643505,,20.6,,,,,
25Perl_AY1,4/21/2025,11,1005,6,1,,1110110005,,SY 611 CL2,63,2019 AgriPro/Syngenta,1,,,,,0,7/28/2025 15:56,,,,,,,,9,7/28/2025 15:57,,,,,,,,,,,,,3.49,91.47,91.46701421,,14.94,,,,,
25Ros_AY1conv,4/25/2025,7,1005,6,1,,1070110005,,SY Valda,64,2015 AgriPro/Syngenta,1,22,,76.2,,,,,,,,,,,8,7/29/2025 15:27,,,,,,,,,,,,,3.39,87.17,87.1749638,87.1749638,16.54,,,,,
25Steph_AY1,4/27/2025,13,1005,6,1,,1130110005,,MN21168-1,38,10FAR-3134-1/MN14223-5,1,,,,,,,,,,,,,,,,,,,,,,,,,,,,3.19,83.83,83.83058457,,14.71,,,,,
25StP_C-9_AY1-3_URN-PEv2,4/16/2025,1,1005,6,2,,1010110005,,AP Murdock,4,2020 AgriPro/Syngenta,1,13,6/13/2025 13:23,79.66666667,,2,6/17/2025 10:45,6,6/27/2025 9:52,4,7/3/2025 9:52,5,7/25/2025 11:17,,,,,,,,,,,,,,,,0.9,51.34,51.33627832,51.33627832,13.7,-,,,,
25Strath_AY1,5/8/2025,14,1005,6,1,,1140110005,,LCS Rimfire,30,2025 Limagrain Cereal Seeds,1,,,,,6,7/30/2025 8:31,,,,,,,,,,5,7/30/2025 8:31,,,,,,,,,,,,124.53,124.53,124.53,,,,,,
25Was_AY1,1/1/2025,3,1005,6,1,,1030110005,better leaves,MN22071-4,42,MN16024-6/MN15005-4,1,17,,75,,0,7/17/2025 10:14,,,,,,,3,,,,,,,,,,,,,,,,70.93,70.93,70.93,,,,57.83,13.98,
25Beck_AY1,4/12/2025,9,1006,7,11,,1090110006,,CP3530,11,2022 Winfield Untied - Croplan,1,,,,,,,,,,,,,,,,,,,,,,,,,,,,1.1,29.32,,,13.5,,,58.94,12.59,
25Ben_AY1,4/18/2025,16,1006,7,1,,1160110006,,Dyna-Gro Ambush,17,2017 Nutrien Ag Solutions,1,,,,,,,,,,,,,,,,,,0,7/15/2025 11:08,,,,,,,,,3.67,94.15,94.14909894,94.14909894,16.74,,,,,
25Crk_AY1_Conv,4/24/2025,6,1006,7,10,,1060110006,,MN21090-4,37,MN14223-5/MN-Rothsay,1,,,,,,,2,8/4/2025 17:56,,,,,,,,,,,,,,,,,,,,,100.51,100.51,100.51,,0,,,,
25Ferg_AY1,4/21/2025,10,1006,7,1,,1100110006,,MN21263-3,40,MN15332/MN-Washburn-A//MN-Rothsay,1,,,,,0,7/28/2025 11:19,0,8/5/2025 17:32,,,,,,3,7/28/2025 11:19,,,1,7/15/2025 14:39,,,,,,,,,3.95,103.06,103.0603569,103.0603569,15.32,,,,,
25Hall_AY1,4/26/2025,15,1006,7,1,,1150110006,,Linkert,32,2013 MN,1,,,,,,,,,,,,,,,,,,,,,,,,,,,,3.32,85.07,85.06800766,85.06800766,16.84,,,,,
25Lamb_AY1conv,4/15/2025,4,1006,26,1,,1040110006,,TW Olympic,69,2022 Thunder Seed,1,14,,88.9,,,,,,,,,,0,,,,,,,,,,,3,7/17/2025 15:11,,,,93,93.00158974,93.00158974,,,,,,
25LeCen_AY1,4/11/2025,17,1006,7,1,,1170110006,Late,CP3099A,10,2020 Winfield Untied - Croplan,1,,,,,0,7/4/2025 16:13,0,7/17/2025 9:03,,,,,,,,,,,,,,,,,,,,3.94,104,103.9958164,103.9958164,12.37,,,,,
25Oklee_AY1,4/26/2025,12,1006,18,1,,1120110006,,WB9479,71,2017 WestBred,1,,,,,0,7/30/2025 11:45,,,,,,,,,,,,,,,,,,,,,,3.65,93.56,93.55730129,,16.81,,,,,
25Perl_AY1,4/21/2025,11,1006,7,1,,1110110006,,MN22131-3,43,MN15482-4/MN15005-4,1,,,,,0,7/28/2025 15:57,,,,,,,,9,7/28/2025 15:57,,,,,,,,,,,,,3.16,82.42,82.41907616,,15.35,,,,,
25Ros_AY1conv,4/25/2025,7,1006,7,1,,1070110006,,MS Nova,56,"2023 Meridian Seeds, LLC",1,19,,73.66,,,,,,,,,,,8,7/29/2025 15:27,,,,,,,,,,,,,3.53,92.77,92.76550581,92.76550581,14.71,,,,,
25Steph_AY1,4/27/2025,13,1006,7,1,,1130110006,,Dyna-Gro Ballistic,18,2018 Nutrien Ag Solutions,1,,,,,,,,,,,,,,,,,,,,,,,,,,,,3.66,95.12,95.12175829,,15.65,,,,,
25StP_C-9_AY1-3_URN-PEv2,4/16/2025,1,1006,7,2,,1010110006,,Marshall,33,long term check,1,20,6/20/2025 10:48,80,,0,6/17/2025 10:45,7,6/27/2025 9:52,2,7/3/2025 9:52,3,7/25/2025 11:17,,,,,,,,,,,,,,,,0.93,53.05,53.0474876,53.0474876,13.7,-,,,,
25Strath_AY1,5/8/2025,14,1006,7,1,,1140110006,,CAG Recoil,9,2022 Champions Alliance Group Inc,1,,,,,3,7/30/2025 8:31,,,,,,,,,,5,7/30/2025 8:31,,,,,,,,,,,,107.34,107.34,107.34,,,,,,
25Was_AY1,1/1/2025,3,1006,7,1,,1030110006,better leaves,SY Valda,64,2015 AgriPro/Syngenta,1,16,,75,,0,7/17/2025 10:14,,,,,,,3,,,,,,,,,,,,,,,,66.27,66.27,66.27,,,,58.99,14.21,
25Beck_AY1,4/12/2025,9,1007,8,11,,1090110007,,CP3555,12,2024 Winfield Untied - Croplan,1,,,,,,,,,,,,,,,,,,,,,,,,,,,,, , , , ,,,58.11,11.87,
25Ben_AY1,4/18/2025,16,1007,8,1,,1160110007,,Shelly,62,2016 MN,1,,,,,,,,,,,,,,,,,,0,7/15/2025 11:08,,,,,,,,,3.87,100.29,100.2933863,100.2933863,15.89,,,,,
25Crk_AY1_Conv,4/24/2025,6,1007,8,10,,1060110007,,MN21168-1,38,10FAR-3134-1/MN14223-5,1,,,,,,,2,8/4/2025 17:56,,,,,,,,,,,,,,,,,,,,,104.01,104.01,104.01,,0,,,,
25Ferg_AY1,4/21/2025,10,1007,8,1,,1100110007,,TW Olympic,69,2022 Thunder Seed,1,,,,,2,7/28/2025 11:19,1,8/5/2025 17:32,,,,,,5,7/28/2025 11:19,,,0,7/15/2025 14:39,,,,,,,,,4.3,113.15,113.1462132,113.1462132,14.6,,,,,
25Hall_AY1,4/26/2025,15,1007,8,1,,1150110007,,MN22199-2,45,MN16360/MN15005,1,,,,,,,,,,,,,,,,,,,,,,,,,,,,4.55,111.5,111.4951757,111.4951757,20.47,,,,,
25Lamb_AY1conv,4/15/2025,4,1007,27,1,,1040110007,,MN21089-4,36,MN14223-5/MN-Rothsay,1,14,,86.36,,,,,,,,,,0,,,,,,,,,,,3,7/17/2025 15:11,,,,76.36,76.36131142,76.36131142,,,,,,
25LeCen_AY1,4/11/2025,17,1007,8,1,,1170110007,,MN22131-3,43,MN15482-4/MN15005-4,1,,,,,0,7/4/2025 16:13,0,7/17/2025 9:03,,,,,,,,,,,,,,,,,,,,3.84,101.36,101.361021,101.361021,15,,,,,
25Oklee_AY1,4/26/2025,12,1007,19,1,,1120110007,,Dyna-Gro Ambush,17,2017 Nutrien Ag Solutions,1,,,,,0,7/30/2025 11:45,,,,,,,,,,,,,,,,,,,,,,3.74,92.23,92.23428369,,19.96,,,,,
25Perl_AY1,4/21/2025,11,1007,8,1,,1110110007,,AP Smith,5,2021 AgriPro/Syngenta,1,,,,,0,7/28/2025 15:57,,,,,,,,9,7/28/2025 15:57,,,,,,,,,,,,,3.16,85.13,85.12581015,,12.57,,,,,
25Ros_AY1conv,4/25/2025,7,1007,8,1,,1070110007,,MN21089-4,36,MN14223-5/MN-Rothsay,1,22,,76.2,,,,,,,,,,,7,7/29/2025 15:28,,,,,,,,,,,,,3.45,86.2,86.19857625,86.19857625,18.91,,,,,
25Steph_AY1,4/27/2025,13,1007,8,1,,1130110007,,MN22314-2,47,MN15482-4/MN10201-4-A,1,,,,,,,,,,,,,,,,,,,,,,,,,,,,3.23,84.34,84.34433653,,15.25,,,,,
25StP_C-9_AY1-3_URN-PEv2,4/16/2025,1,1007,8,2,,1010110007,,MS Charger,54,"2023 Meridian Seeds, LLC",1,16,6/16/2025 11:05,82,,0,6/17/2025 10:45,8,6/27/2025 9:52,7,7/3/2025 9:52,8,7/25/2025 11:17,,,,,,,,,,,,,,,,1.085,61.24,61.24331419,61.24331419,14.6,75,,,,
25Strath_AY1,5/8/2025,14,1007,8,1,,1140110007,,MN22342-2,50,MN16024-6/MN15119-2,1,,,,,1,7/30/2025 8:31,,,,,,,,,,7,7/30/2025 8:31,,,,,,,,,,,,121.33,121.33,121.33,,,,,,
25Was_AY1,1/1/2025,3,1007,8,1,,1030110007,,MN-Rothsay,34,2022 MN,1,19,,70,,0,7/17/2025 10:14,,,,,,,2,,,,,,,,,,,,,at a thesis,7/2/2025 12:16,,69.52,69.52,69.52,,,,58.29,14.44,
25Beck_AY1,4/12/2025,9,1008,9,11,,1090110008,,LCS Cannon,27,2018 Limagrain Cereal Seeds,1,,,,,,,,,,,,,,,,,,,,,,,,,,,,2.3,58.48,58.47910973,58.47910973,17.48,,,60.09,13.46,
25Ben_AY1,4/18/2025,16,1008,9,1,,1160110008,,MS Nova,56,"2023 Meridian Seeds, LLC",1,,,,,,,,,,,,,,,,,,0,7/15/2025 11:08,,,,,,,,,3.74,97.78,97.77709859,97.77709859,15.15,,,,,
25Crk_AY1_Conv,4/24/2025,6,1008,9,10,,1060110008,,Dyna-Gro Rocker,20,2023 Nutrien Ag Solutions,1,,,,,,,2,8/4/2025 17:56,,,,,,,,,,,,,,,,,,,,,115.27,115.27,115.27,,0,,,,
25Ferg_AY1,4/21/2025,10,1008,9,1,,1100110008,,LCS Cannon,27,2018 Limagrain Cereal Seeds,1,,,,,0,7/28/2025 11:19,0,8/5/2025 17:32,,,,,,8,7/28/2025 11:19,,,1,7/15/2025 14:39,,,,,,,,,4.18,108.58,108.5848081,108.5848081,15.69,,,,,
25Hall_AY1,4/26/2025,15,1008,9,1,,1150110008,,MN22429-2,53,MN16396/MN14227-4,1,,,,,,,,,,,,,,,,,,,,,,,,,,,,3.78,96.46,96.45854866,96.45854866,17.18,,,,,
25Lamb_AY1conv,4/15/2025,4,1008,28,1,,1040110008,,AP Murdock,4,2020 AgriPro/Syngenta,1,12,,83.82,,,,,,,,,,0,,,,,,,,,,,7,7/17/2025 15:11,,,,85.96,85.96185019,85.96185019,,,,,,
25LeCen_AY1,4/11/2025,17,1008,9,1,,1170110008,,Dyna-Gro Ambush,17,2017 Nutrien Ag Solutions,1,,,,,0,7/4/2025 16:13,2,7/17/2025 9:03,,,,,,,,,,,,,,,,,,,,3.72,98.17,98.16601803,98.16601803,15.28,,,,,
25Oklee_AY1,4/26/2025,12,1008,20,1,,1120110008,Tall|possible error,Glenn,22,long term check,1,,,,,0,7/30/2025 11:45,,,,,,,,,,,,,,,,,,,,"1st 2 plots mixed, unclear which end of pass",7/2/2025 12:01,3.31,86.61,86.606737,,15.08,,,,,
25Perl_AY1,4/21/2025,11,1008,9,1,,1110110008,,NDHRS15-0006-C46,59,2025 NDSU,1,,,,,0,7/28/2025 15:57,,,,,,,,9,7/28/2025 15:57,,,,,,,,,,,,,3.46,91.62,91.6189152,,14.06,,,,,
25Ros_AY1conv,4/25/2025,7,1008,9,1,,1070110008,,Brawn-SD,7,2022 SD State University,1,21,,78.74,,,,,,,,,,,8,7/29/2025 15:28,,,,,,,,,,,,,3.37,87.16,87.15906504,87.15906504,16.06,,,,,
25Steph_AY1,4/27/2025,13,1008,9,1,,1130110008,,Dyna-Gro Ambush,17,2017 Nutrien Ag Solutions,1,,,,,,,,,,,,,,,,,,,,,,,,,,,,3.42,88.06,88.06233675,,16.43,,,,,
25StP_C-9_AY1-3_URN-PEv2,4/16/2025,1,1008,9,2,,1010110008,Nice Color (harvest),MN21263-3,40,MN15332/MN-Washburn-A//MN-Rothsay,1,18,6/18/2025 13:05,79,,0,6/17/2025 10:45,1,6/27/2025 9:53,1,7/3/2025 9:53,1,7/25/2025 11:17,,,,,,,,,,,,,,,,1.35,77.63,77.62901879,77.62901879,13,81.3,,,,
25Strath_AY1,5/8/2025,14,1008,9,1,,1140110008,,AP Dagr,1,2025 AgriPro/Syngenta,1,,,,,6,7/30/2025 8:31,,,,,,,,,,9,7/30/2025 8:31,,,,,,,,,,,,110.12,110.12,110.12,,,,,,
25Was_AY1,1/1/2025,3,1008,9,1,,1030110008,,MN22342-2,50,MN16024-6/MN15119-2,1,16,,75,,0,7/17/2025 10:14,,,,,,,3,,,,,,,,,,,,,,,,57.96,57.96,57.96,,,,57.78,14.64,
25Beck_AY1,4/12/2025,9,1009,10,11,,1090110009,,LCS Trigger,31,2016 Limagrain Cereal Seeds,1,,,,,,,,,,,,,,,,,,,,,,,,,,,,2.6,66.42,66.41924892,66.41924892,17.09,,,58.02,10.6,
25Ben_AY1,4/18/2025,16,1009,10,1,,1160110009,,ND Stampede,57,2024 NDSU,1,,,,,,,,,,,,,,,,,,0,7/15/2025 11:08,,,,,,,,,4.23,110.68,110.6787002,110.6787002,15.08,,,,,
25Crk_AY1_Conv,4/24/2025,6,1009,10,10,,1060110009,,MN22154-1,44,BW980/MN10201-4-A//MN15005,1,,,,,,,2,8/4/2025 17:56,,,,,,,,,,,,,,,,,,,,,109.55,109.55,109.55,,0,,,,
25Ferg_AY1,4/21/2025,10,1009,10,1,,1100110009,,CAG Ceres,8,2024 Champions Alliance Group Inc,1,,,,,0,7/28/2025 11:19,0,8/5/2025 17:32,,,,,,6,7/28/2025 11:19,,,0,7/15/2025 14:39,,,,,,,,,4.04,106.85,106.8525205,106.8525205,14.16,,,,,
25Hall_AY1,4/26/2025,15,1009,10,1,,1150110009,,Dyna-Gro Rocker,20,2023 Nutrien Ag Solutions,1,,,,,,,,,,,,,,,,,,,,,,,,,,,,4.48,114.83,114.8319753,114.8319753,16.81,,,,,
25Lamb_AY1conv,4/15/2025,4,1009,29,1,,1040110009,,AP Iconic,3,2025 AgriPro/Syngenta,1,15,,91.44,,,,,,,,,,0,,,,,,,,,,,5,7/17/2025 15:11,,,,75.3,75.30166764,75.30166764,,,,,,
25LeCen_AY1,4/11/2025,17,1009,10,1,,1170110009,,Enhance-SD,21,2024 SD State University,1,,,,,0,7/4/2025 16:13,3,7/17/2025 9:03,,,,,,,,,,,,,,,,,,,,3.62,95.48,95.48128046,95.48128046,13.59,,,,,
25Oklee_AY1,4/26/2025,12,1009,21,1,,1120110009,,MN22406-1,52,MN16360/MN15320-1,1,,,,,0,7/30/2025 11:45,,,,,,,,,,,,,,,,,,,,,,3.43,87.24,87.2418557,,17.45,,,,,
25Perl_AY1,4/21/2025,11,1009,10,1,,1110110009,,Enhance-SD,21,2024 SD State University,1,,,,,0,7/28/2025 15:57,,,,,,,,9,7/28/2025 15:57,,,,,,,,,,,,,3.68,96.98,96.97951053,,14.47,,,,,
25Ros_AY1conv,4/25/2025,7,1009,10,1,,1070110009,,Marshall,33,long term check,1,25,,73.66,,,,,,,,,,,7,7/29/2025 15:28,,,,,,,,,,,,,3.45,88.25,88.25016402,88.25016402,16.98,,,,,
25Steph_AY1,4/27/2025,13,1009,10,1,,1130110009,,MN22199-2,45,MN16360/MN15005,1,,,,,,,,,,,,,,,,,,,,,,,,,,,,3.49,90.4,90.40244397,,15.93,,,,,
25StP_C-9_AY1-3_URN-PEv2,4/16/2025,1,1009,10,2,,1010110009,,TCG-Badlands,66,2023 21st Century Genetics,1,16,6/16/2025 11:06,84.33333333,,0,6/17/2025 10:45,7,6/27/2025 9:53,4,7/3/2025 9:53,5,7/25/2025 11:17,,,,,,,,,,,,,,,,1.18,67.85,67.85351272,67.85351272,13,78.7,,,,
25Strath_AY1,5/8/2025,14,1009,10,1,,1140110009,,MS Cobra,55,"2022 Meridian Seeds, LLC",1,,,,,6,7/30/2025 8:32,,,,,,,,,,7,7/30/2025 8:32,,,,,,,,,,,,110.56,110.56,110.56,,,,,,
25Was_AY1,1/1/2025,3,1009,10,1,,1030110009,,AP Smith,5,2021 AgriPro/Syngenta,1,17,,75,,0,7/17/2025 10:14,,,,,,,2,,,,,,,,,,,,,,,,59.24,59.24,59.24,,,,58.02,15.03,
25Beck_AY1,4/12/2025,9,1010,11,11,,1090110010,,LCS Buster,26,2020 Limagrain Cereal Seeds,1,,,,,,,,,,,,,,,,,,,,,,,,,,,,2.29,59.66,59.6642456,59.6642456,15.44,,,55.87,11.55,
25Ben_AY1,4/18/2025,16,1010,11,1,,1160110010,,Ascend-SD,6,2021 SD State University,1,,,,,1,7/15/2025 11:09,,,,,,,,,,,,0,7/15/2025 11:09,,,,,,,,,3.62,94.42,94.41678978,94.41678978,15.35,,,,,
25Crk_AY1_Conv,4/24/2025,6,1010,11,10,,1060110010,,WB9590,72,2017 WestBred,1,,,,,,,2,8/4/2025 17:56,,,,,,,,,,,,,,,,,,,,,114.41,114.41,114.41,,0,,,,
25Ferg_AY1,4/21/2025,10,1010,11,1,,1100110010,,CAG Recoil,9,2022 Champions Alliance Group Inc,1,,,,,0,7/28/2025 11:19,0,8/5/2025 17:32,,,,,,7,7/28/2025 11:20,,,0,7/15/2025 14:39,,,,,,,,,3.84,102.64,102.639471,102.639471,13.25,,,,,
25Hall_AY1,4/26/2025,15,1010,11,1,,1150110010,,LCS Rimfire,30,2025 Limagrain Cereal Seeds,1,,,,,,,,,,,,,,,,,,,,,,,,,,,,4.21,107.25,107.2497432,107.2497432,17.32,,,,,
25Lamb_AY1conv,4/15/2025,4,1010,30,1,,1040110010,,WB9590,72,2017 WestBred,1,12,,83.82,,,,,,,,,,0,,,,,,,,,,,5,7/17/2025 15:11,,,,84.8,84.79675287,84.79675287,,,,,,
25LeCen_AY1,4/11/2025,17,1010,11,1,,1170110010,,MN21385-1,41,Linkert-gpcB1/MN-Washburn-A//MN13479-8,1,,,,,0,7/4/2025 16:13,0,7/17/2025 9:03,,,,,,,,,,,,,,,,,,,,3.59,94.68,94.68079561,94.68079561,13.51,,,,,
25Oklee_AY1,4/26/2025,12,1010,22,1,,1120110010,,NDHRS15-0006-C46,59,2025 NDSU,1,,,,,0,7/30/2025 11:46,,,,,,,,,,,,,,,,,,,,,,3.74,96.53,96.53255803,,16.23,,,,,
25Perl_AY1,4/21/2025,11,1010,11,1,,1110110010,,Dyna-Gro Commander,19,2019 Nutrien Ag Solutions,1,,,,,0,7/28/2025 15:57,,,,,,,,9,7/28/2025 15:57,,,,,,,,,,,,,4.08,105.69,105.6853786,,15.93,,,,,
25Ros_AY1conv,4/25/2025,7,1010,11,1,,1070110010,,TCG-Wildcat,67,2020 21st Century Genetics,1,22,,78.74,,,,,,,,,,,9,7/29/2025 15:28,,,,,,,,,,,,,3.9,100.58,100.5781776,100.5781776,16.3,,,,,
25Steph_AY1,4/27/2025,13,1010,11,1,,1130110010,,LCS Buster,26,2020 Limagrain Cereal Seeds,1,,,,,,,,,,,,,,,,,,,,,,,,,,,,3.78,98.75,98.75296234,,15.21,,,,,
25StP_C-9_AY1-3_URN-PEv2,4/16/2025,1,1010,11,2,,1010110010,,CAG Ceres,8,2024 Champions Alliance Group Inc,1,13,6/12/2025 10:09,79,,0,6/17/2025 10:45,7,6/27/2025 9:53,3,7/3/2025 9:53,5,7/25/2025 11:17,,,,,,,,,,,,,,,,1.05,59.89,59.89232471,59.89232471,13.7,-,,,,
25Strath_AY1,5/8/2025,14,1010,11,1,,1140110010,,MN22071-4,42,MN16024-6/MN15005-4,1,,,,,2,7/30/2025 8:32,,,,,,,,,,4,7/30/2025 8:32,,,,,,,,,,,,122.13,122.13,122.13,,,,,,
25Was_AY1,1/1/2025,3,1010,11,1,,1030110010,,WB9479,71,2017 WestBred,1,10,,70,,0,7/17/2025 10:14,,,,,,,2,,,,,,,,,,,,,,,,50.27,50.27,50.27,,,,56.84,15.8,
25Beck_AY1,4/12/2025,9,1011,12,11,,1090110011,,Ascend-SD,6,2021 SD State University,1,,,,,,,,,,,,,,,,,,,,,,,,,,,,2.92,75.09,75.08875938,75.08875938,16.54,,,59.54,12.67,
25Ben_AY1,4/18/2025,16,1011,12,1,,1160110011,,MN22314-2,47,MN15482-4/MN10201-4-A,1,,,,,0,7/15/2025 11:09,,,,,,,,,,,,2,7/15/2025 11:09,,,,,,,,,3.69,96.32,96.32211507,96.32211507,15.28,,,,,
25Crk_AY1_Conv,4/24/2025,6,1011,12,10,,1060110011,,CP3555,12,2024 Winfield Untied - Croplan,1,,,,,,,2,8/4/2025 17:56,,,,,,,,,,,,,,,,,,,,,112.68,112.68,112.68,,0,,,,
25Ferg_AY1,4/21/2025,10,1011,12,1,,1100110011,,Shelly,62,2016 MN,1,,,,,1,7/28/2025 11:20,1,8/5/2025 17:32,,,,,,5,7/28/2025 11:20,,,2,7/15/2025 14:39,,,,,,,,,4.06,106.32,106.3181865,106.3181865,15.01,,,,,
25Hall_AY1,4/26/2025,15,1011,12,1,,1150110011,,MN22356-2,51,MN15530-4/MN15005-4,1,,,,,,,,,,,,,,,,,,,,,,,,,,,,3.78,94.53,94.52518485,94.52518485,18.84,,,,,
25Lamb_AY1conv,4/15/2025,4,1011,31,1,,1040110011,,AP Elevate,2,2024 AgriPro/Syngenta,1,15,,88.9,,,,,,,,,,0,,,,,,,,,,,4,7/17/2025 15:11,,,,81.15,81.14717637,81.14717637,,,,,,
25LeCen_AY1,4/11/2025,17,1011,12,1,,1170110011,,Dyna-Gro Rocker,20,2023 Nutrien Ag Solutions,1,,,,,1,7/4/2025 16:13,5,7/17/2025 9:04,,,,,,,,,,,,,,,,,,,,3.32,87.52,87.51608509,87.51608509,16.22,,,,,
25Oklee_AY1,4/26/2025,12,1011,23,1,,1120110011,nice,MN21090-4,37,MN14223-5/MN-Rothsay,1,,,,,0,7/30/2025 11:46,,,,,,,,,,,,,,,,,,,,,,3.86,98.46,98.46431964,,17.21,,,,,
25Perl_AY1,4/21/2025,11,1011,12,1,,1110110011,,Dyna-Gro 8582,16,2024 Nutrien Ag Solutions,1,,,,,0,7/28/2025 15:57,,,,,,,,9,7/28/2025 15:57,,,,,,,,,,,,,3.99,104.61,104.6080524,,14.91,,,,,
25Ros_AY1conv,4/25/2025,7,1011,12,1,,1070110011,,MN21263-3,40,MN15332/MN-Washburn-A//MN-Rothsay,1,23,,71.12,,,,,,,,,,,5,7/29/2025 15:28,,,,,,,,,,,,,3.51,88.65,88.64938942,88.64938942,18.03,,,,,
25Steph_AY1,4/27/2025,13,1011,12,1,,1130110011,,MN22429-2,53,MN16396/MN14227-4,1,,,,,,,,,,,,,,,,,,,,,,,,,,,,2.98,79,79.00059513,,13.96,,,,,
25StP_C-9_AY1-3_URN-PEv2,4/16/2025,1,1011,11,3,,1010110011,,TW Olympic,69,2022 Thunder Seed,1,18,6/18/2025 13:08,85.66666667,,0,6/17/2025 10:49,8,6/27/2025 9:59,3,7/3/2025 9:56,4,7/25/2025 11:19,,,,,,,,,,,,,,,,1.21,69.5,69.49862662,69.49862662,13.1,79.9,,,,
25Strath_AY1,5/8/2025,14,1011,12,1,,1140110011,,NDHRS15-0006-C46,59,2025 NDSU,1,,,,,2,7/30/2025 8:32,,,,,,,,,,6,7/30/2025 8:32,,,,,,,,,,,,135.24,135.24,135.24,,,,,,
25Was_AY1,1/1/2025,3,1011,12,1,,1030110011,,MN22199-2,45,MN16360/MN15005,1,16,,75,,0,7/17/2025 10:14,,,,,,,2,,,,,,,,,,,,,,,,61,61,61,,,,59.08,15.04,
25Beck_AY1,4/12/2025,9,1012,13,11,,1090110012,,MN-Torgy,35,2020 MN,1,,,,,,,,,,,,,,,,,,,,,,,,,,,,2.3,59.62,59.62006183,59.62006183,15.87,,,58.22,13,
25Ben_AY1,4/18/2025,16,1012,13,1,,1160110012,,CP3099A,10,2020 Winfield Untied - Croplan,1,,,,,0,7/15/2025 11:09,,,,,,,,,,,,1,7/15/2025 11:10,,,,,,,,,3.63,100.71,100.7061072,100.7061072,9.96,,,,,
25Crk_AY1_Conv,4/24/2025,6,1012,13,10,,1060110012,dry,MN22406-1,52,MN16360/MN15320-1,1,,,,,,,2,8/4/2025 17:56,,,,,,,,,,,,,,,,,,,,,91.85,91.85,91.85,,0,,,,
25Ferg_AY1,4/21/2025,10,1012,13,1,,1100110012,,TW Trailfire,70,2024 Thunder Seed,1,,,,,2,7/28/2025 11:20,2,8/5/2025 17:32,,,,,,7,7/28/2025 11:20,,,2,7/15/2025 14:39,,,,,,,,,3.63,98.31,98.31260351,98.31260351,12.1,,,,,
25Hall_AY1,4/26/2025,15,1012,13,1,,1150110012,,MN22406-1,52,MN16360/MN15320-1,1,,,,,,,,,,,,,,,,,,,,,,,,,,,,4,101.15,101.1481914,101.1481914,17.93,,,,,
25Lamb_AY1conv,4/15/2025,4,1012,32,1,,1040110012,,Ascend-SD,6,2021 SD State University,1,15,,88.9,,1,7/17/2025 15:08,,,,,,,0,,,,,,,,,,,6,7/17/2025 15:11,,,,90.03,90.0276945,90.0276945,,,,,,
25LeCen_AY1,4/11/2025,17,1012,13,1,,1170110012,,MN22227-1,46,MN15413-2/MN10201-4-A//Linkert-gpcB1/MN13288-1-1/3/MN15482-4/Shelly//MN15482-4/MN10261-1,1,,,,,0,7/4/2025 16:14,1,7/17/2025 9:04,,,,,,,,,,,,,,,,,,,,4.06,107.21,107.213594,107.213594,14.06,,,,,
25Oklee_AY1,4/26/2025,12,1012,24,1,,1120110012,,CP3099A,10,2020 Winfield Untied - Croplan,1,,,,,0,7/30/2025 11:46,,,,,,,,,,,,,,,,,,,,,,4.07,107.86,107.859165,,13.99,,,,,
25Perl_AY1,4/21/2025,11,1012,13,1,,1110110012,,Marshall,33,long term check,1,,,,,0,7/28/2025 15:57,,,,,,,,6,7/28/2025 15:57,,,,,,,,,,,,,3.98,105.81,105.805174,,13.72,,,,,
25Ros_AY1conv,4/25/2025,7,1012,13,1,,1070110012,,Enhance-SD,21,2024 SD State University,1,21,,91.44,,,,,,,,,,,8,7/29/2025 15:28,,,,,,,,,,,,,3.89,98.5,98.49845885,98.49845885,17.82,,,,,
25Steph_AY1,4/27/2025,13,1012,13,1,,1130110012,,WB9479,71,2017 WestBred,1,,,,,,,,,,,,,,,,,,,,,,,,,,,,3.27,85.8,85.80193903,,14.84,,,,,
25StP_C-9_AY1-3_URN-PEv2,4/16/2025,1,1012,10,3,,1010110012,Nice Color (harvest)|nice,MN-Rothsay,34,2022 MN,1,21,6/23/2025 12:07,75.66666667,,0,6/17/2025 10:49,0,6/27/2025 9:59,0,7/3/2025 9:56,0,7/25/2025 11:19,,,,,,,,,,,,,,,,1.405,80.79,80.79168251,80.79168251,13,78.7,,,,
25Strath_AY1,5/8/2025,14,1012,13,1,,1140110012,,ND Stampede,57,2024 NDSU,1,,,,,6,7/30/2025 8:32,,,,,,,,,,5,7/30/2025 8:32,,,,,,,,,,,,128.99,128.99,128.99,,,,,,
25Was_AY1,1/1/2025,3,1012,13,1,,1030110012,,Dyna-Gro Commander,19,2019 Nutrien Ag Solutions,1,13,,75,,0,7/17/2025 10:14,,,,,,,2,,,,,,,,,,,,,,,,53.32,53.32,53.32,,,,58.32,14.81,
25Beck_AY1,4/12/2025,9,1013,14,11,,1090110013,,MN21168-1,38,10FAR-3134-1/MN14223-5,1,,,,,,,,,,,,,,,,,,,,,,,,,,,,2.31,60.27,60.27074037,60.27074037,15.32,,,58.9,11.9,
25Ben_AY1,4/18/2025,16,1013,14,1,,1160110013,,NDHRS15-0006-C46,59,2025 NDSU,1,,,,,0,7/15/2025 11:10,,,,,,,,,,,,0,7/15/2025 11:10,,,,,,,,,3.83,100.09,100.0946209,100.0946209,15.18,,,,,
25Crk_AY1_Conv,4/24/2025,6,1013,14,10,,1060110013,,MN-Rothsay,34,2022 MN,1,,,,,,,1,8/4/2025 17:56,,,,,,,,,,,,,,,,,,,,,113.2,113.2,113.2,,0,,,,
25Ferg_AY1,4/21/2025,10,1013,14,1,,1100110013,,MN22406-1,52,MN16360/MN15320-1,1,,,,,0,7/28/2025 11:20,1,8/5/2025 17:32,,,,,,8,7/28/2025 11:20,,,0,7/15/2025 14:39,,,,,,,,,3.7,97.62,97.62057586,97.62057586,14.37,,,,,
25Hall_AY1,4/26/2025,15,1013,14,1,,1150110013,,Shelly,62,2016 MN,1,,,,,,,,,,,,,,,,,,,,,,,,,,,,4.11,103.77,103.7651405,103.7651405,18.06,,,,,
25Lamb_AY1conv,4/15/2025,4,1013,33,1,,1040110013,,PFS Rolls,61,2025 Peterson Farms Seed,1,14,,96.52,,,,,,,,,,0,,,,,,,,,,,5,7/17/2025 15:11,,,,78.12,78.12172745,78.12172745,,,,,,
25LeCen_AY1,4/11/2025,17,1013,14,1,,1170110013,,AP Iconic,3,2025 AgriPro/Syngenta,1,,,,,0,7/4/2025 16:14,3,7/17/2025 9:04,,,,,,,,,,,,,,,,,,,,3.55,93.61,93.61066936,93.61066936,13.16,,,,,
25Oklee_AY1,4/26/2025,12,1013,25,1,,1120110013,,MN21172-3,39,Bolles/MN-Rothsay,1,,,,,0,7/30/2025 11:46,,,,,,,,,,,,,,,,,,,,,,3.52,89.27,89.27070454,,17.69,,,,,
25Perl_AY1,4/21/2025,11,1013,14,1,,1110110013,,TW Trailfire,70,2024 Thunder Seed,1,,,,,2,7/28/2025 15:57,,,,,,,,9,7/28/2025 15:57,,,,,,,,,,,,,3.86,103.95,103.9471136,,12.6,,,,,
25Ros_AY1conv,4/25/2025,7,1013,14,1,,1070110013,,AP Iconic,3,2025 AgriPro/Syngenta,1,23,,78.74,,,,,,,,,,,8,7/29/2025 15:28,,,,,,,,,,,,,3.78,96.34,96.34208096,96.34208096,17.28,,,,,
25Steph_AY1,4/27/2025,13,1013,14,1,,1130110013,,Knudson,23,long term check,1,,,,,,,,,,,,,,,,,,,,,,,,,,,,3.26,87.07,87.06632224,,13.32,,,,,
25StP_C-9_AY1-3_URN-PEv2,4/16/2025,1,1013,9,3,,1010110013,,CP3555,12,2024 Winfield Untied - Croplan,1,16,6/16/2025 11:08,90.33333333,,0,6/17/2025 10:49,7,6/27/2025 10:00,4,7/3/2025 9:56,3,7/25/2025 11:19,,,,,,,,,,,,,,,,1.32,75.64,75.64219179,75.64219179,13.3,79.7,,,,
25Was_AY1,1/1/2025,3,1013,14,1,,1030110013,,LCS Boom,25,2023 Limagrain Cereal Seeds,1,12,,70,,0,7/17/2025 10:14,,,,,,,3,,,,,,,,,,,,,,,,50.81,50.81,50.81,,,,59.07,14.73,
25Beck_AY1,4/12/2025,9,1014,15,11,,1090110014,Late,TCG-Arsenal,65,2024 21st Century Genetics,1,,,,,,,,,,,,,,,,,,,,,,,,,,,,2.35,61.4,61.40127815,61.40127815,15.2,,,58.24,12.85,
25Ben_AY1,4/18/2025,16,1014,15,1,,1160110014,,CP3530,11,2022 Winfield Untied - Croplan,1,,,,,0,7/15/2025 11:10,,,,,,,,,,,,2,7/15/2025 11:10,,,,,,,,,3.65,97.45,97.44849329,97.44849329,13.35,,,,,
25Crk_AY1_Conv,4/24/2025,6,1014,15,10,,1060110014,,ND Stampede,57,2024 NDSU,1,,,,,,,1,8/4/2025 17:56,,,,,,,,,,,,,,,,,,,,,116.6,116.6,116.6,,0,,,,
25Ferg_AY1,4/21/2025,10,1014,15,1,,1100110014,,AP Murdock,4,2020 AgriPro/Syngenta,1,,,,,2,7/28/2025 11:20,2,8/5/2025 17:32,,,,,,7,7/28/2025 11:20,,,1,7/15/2025 14:39,,,,,,,,,4.15,109.45,109.4549882,109.4549882,14.4,,,,,
25Hall_AY1,4/26/2025,15,1014,15,1,,1150110014,,TCG-Arsenal,65,2024 21st Century Genetics,1,,,,,,,,,,,,,,,,,,,,,,,,,,,,4.32,105.37,105.3666638,105.3666638,20.84,,,,,
25Lamb_AY1conv,4/15/2025,4,1014,34,1,,1040110014,,CAG Ceres,8,2024 Champions Alliance Group Inc,1,12,,93.98,,,,,,,,,,0,,,,,,,,,,,4,7/17/2025 15:12,,,,78.9,78.90475367,78.90475367,,,,,,
25LeCen_AY1,4/11/2025,17,1014,15,1,,1170110014,,MN-Torgy,35,2020 MN,1,,,,,0,7/4/2025 16:14,3,7/17/2025 9:04,,,,,,,,,,,,,,,,,,,,3.32,87.48,87.4829059,87.4829059,13.35,,,,,
25Oklee_AY1,4/26/2025,12,1014,26,1,,1120110014,,ND Stampede,57,2024 NDSU,1,,,,,0,7/30/2025 11:47,,,,,,,,,,,,,,,,,,,,,,3.88,99.05,99.04622677,,17.15,,,,,
25Perl_AY1,4/21/2025,11,1014,15,1,,1110110014,,Ascend-SD,6,2021 SD State University,1,,,,,3,7/28/2025 15:57,,,,,,,,8,7/28/2025 15:57,,,,,,,,,,,,,4.22,109.71,109.7149145,,15.62,,,,,
25Ros_AY1conv,4/25/2025,7,1014,15,1,,1070110014,,MN22322-2,48,MN15005/MN14223-5,1,22,,78.74,,,,,,,,,,,7,7/29/2025 15:28,,,,,,,,,,,,,4.21,106.24,106.2379532,106.2379532,18.1,,,,,
25Steph_AY1,4/27/2025,13,1014,15,1,,1130110014,,Linkert,32,2013 MN,1,,,,,,,,,,,,,,,,,,,,,,,,,,,,3.14,83.69,83.68728,,13.5,,,,,
25StP_C-9_AY1-3_URN-PEv2,4/16/2025,1,1014,8,3,,1010110014,,MN22227-1,46,MN15413-2/MN10201-4-A//Linkert-gpcB1/MN13288-1-1/3/MN15482-4/Shelly//MN15482-4/MN10261-1,1,16,6/16/2025 11:08,79.33333333,,0,6/17/2025 10:49,3,6/27/2025 10:00,2,7/3/2025 9:56,3,7/25/2025 11:19,,,,,,,,,,,,,,,,1.275,72.89,72.8949375,72.8949375,13.5,78.1,,,,
25Strath_AY1,5/8/2025,14,1014,15,1,,1140110014,,MN22227-1,46,MN15413-2/MN10201-4-A//Linkert-gpcB1/MN13288-1-1/3/MN15482-4/Shelly//MN15482-4/MN10261-1,1,,,,,1,7/30/2025 8:33,,,,,,,,,,5,7/30/2025 8:33,,,,,,,,,,,,121.52,121.52,121.52,,,,,,
25Was_AY1,1/1/2025,3,1014,15,1,,1030110014,,Dyna-Gro 8582,16,2024 Nutrien Ag Solutions,1,10,,75,,0,7/17/2025 10:14,,,,,,,3,,,,,,,,,,,,,,,,52.35,52.35,52.35,,,,57.89,14.98,
25Beck_AY1,4/12/2025,9,1015,16,11,,1090110015,,MS Nova,56,"2023 Meridian Seeds, LLC",1,,,,,,,,,,,,,,,,,,,,,,,,,,,,2.5,64.47,64.47319075,64.47319075,16.3,,,59.29,13.29,
25Ben_AY1,4/18/2025,16,1015,16,1,,1160110015,,TCG-Arsenal,65,2024 21st Century Genetics,1,,,,,0,7/15/2025 11:10,,,,,,,,,,,,2,7/15/2025 11:11,,,,,,,,,3.3,86.27,86.27391052,86.27391052,15.15,,,,,
25Crk_AY1_Conv,4/24/2025,6,1015,16,10,,1060110015,,MN22429-2,53,MN16396/MN14227-4,1,,,,,,,2,8/4/2025 17:56,,,,,,,,,,,,,,,,,,,,,96.99,96.99,96.99,,0,,,,
25Ferg_AY1,4/21/2025,10,1015,16,1,,1100110015,,WB9590,72,2017 WestBred,1,,,,,0,7/28/2025 11:20,2,8/5/2025 17:32,,,,,,8,7/28/2025 11:20,,,4,7/15/2025 14:39,,,,,,,,,3.33,88.98,88.97688549,88.97688549,13.28,,,,,
25Hall_AY1,4/26/2025,15,1015,16,1,,1150110015,,Dyna-Gro Ambush,17,2017 Nutrien Ag Solutions,1,,,,,,,,,,,,,,,,,,,,,,,,,,,,4.04,98.87,98.87343554,98.87343554,20.57,,,,,
25Lamb_AY1conv,4/15/2025,4,1015,35,1,,1040110015,,MN22322-2,48,MN15005/MN14223-5,1,13,,81.28,,,,,,,,,,0,,,,,,,,,,,6,7/17/2025 15:12,,,,80.92,80.92234363,80.92234363,,,,,,
25LeCen_AY1,4/11/2025,17,1015,16,1,,1170110015,Mechanical,Dyna-Gro Commander,19,2019 Nutrien Ag Solutions,1,,,,,0,7/4/2025 16:14,0,7/17/2025 9:04,,,,,,,,,,,,,,,,,,,,3.36,88.55,,,13.75,,,,,
25Oklee_AY1,4/26/2025,12,1015,27,1,,1120110015,,MN22314-2,47,MN15482-4/MN10201-4-A,1,,,,,0,7/30/2025 11:47,,,,,,,,,,,,,,,,,,,,,,3.5,90.05,90.04678613,,16.5,,,,,
25Perl_AY1,4/21/2025,11,1015,16,1,,1110110015,,Glenn,22,long term check,1,,,,,1,7/28/2025 15:57,,,,,,,,8,7/28/2025 15:57,,,,,,,,,,,,,3.84,100.79,100.7937353,,14.81,,,,,
25Ros_AY1conv,4/25/2025,7,1015,16,1,,1070110015,,LCS Dual,28,2021 Limagrain Cereal Seeds,1,21,,78.74,,,,,,,,,,,8,7/29/2025 15:28,,,,,,,,,,,,,3.88,99.82,99.82329434,99.82329434,16.5,,,,,
25Steph_AY1,4/27/2025,13,1015,16,1,,1130110015,,TW Olympic,69,2022 Thunder Seed,1,,,,,,,,,,,,,,,,,,,,,,,,,,,,4.21,107.74,107.7426665,,16.94,,,,,
25StP_C-9_AY1-3_URN-PEv2,4/16/2025,1,1015,7,3,,1010110015,,AP Elevate,2,2024 AgriPro/Syngenta,1,18,6/18/2025 13:08,82.33333333,,0,6/17/2025 10:49,8,6/27/2025 10:00,3,7/3/2025 9:56,4,7/25/2025 11:19,,,,,,,,,,,,,,,,1.17,66.66,66.65983023,66.65983023,13.8,78.2,,,,
25Strath_AY1,5/8/2025,14,1015,16,1,,1140110015,,MN21263-3,40,MN15332/MN-Washburn-A//MN-Rothsay,1,,,,,1,7/30/2025 8:33,,,,,,,,,,3,7/30/2025 8:33,,,,,,,,,,,,122.74,122.74,122.74,,,,,,
25Was_AY1,1/1/2025,3,1015,16,1,,1030110015,,LCS Buster,26,2020 Limagrain Cereal Seeds,1,18,,75,,0,7/17/2025 10:14,,,,,,,3,,,,,,,,,,,,,,,,65.28,65.28,65.28,,,,56.38,13.16,
25Beck_AY1,4/12/2025,9,1016,17,11,,1090110016,,MN22199-2,45,MN16360/MN15005,1,,,,,,,,,,,,,,,,,,,,,,,,,,,,2.86,74.17,74.17149922,74.17149922,15.83,,,59.09,12.25,
25Ben_AY1,4/18/2025,16,1016,17,1,,1160110016,,MS Charger,54,"2023 Meridian Seeds, LLC",1,,,,,0,7/15/2025 11:11,,,,,,,,,,,,1,7/15/2025 11:11,,,,,,,,,4.32,115.7,115.695685,115.695685,13.08,,,,,
25Crk_AY1_Conv,4/24/2025,6,1016,17,10,,1060110016,,Shelly,62,2016 MN,1,,,,,,,2,8/4/2025 17:56,,,,,,,,,,,,,,,,,,,,,112.51,112.51,112.51,,0,,,,
25Ferg_AY1,4/21/2025,10,1016,17,1,,1100110016,,TCG-Wildcat,67,2020 21st Century Genetics,1,,,,,0,7/28/2025 11:20,0,8/5/2025 17:32,,,,,,8,7/28/2025 11:20,,,3,7/15/2025 14:39,,,,,,,,,3.7,98.9,98.89740694,98.89740694,13.25,,,,,
25Hall_AY1,4/26/2025,15,1016,17,1,,1150110016,,LCS Boom,25,2023 Limagrain Cereal Seeds,1,,,,,,,,,,,,,,,,,,,,,,,,,,,,4.03,100.48,100.4788411,100.4788411,19.08,,,,,
25Lamb_AY1conv,4/15/2025,4,1016,36,1,,1040110016,,LCS Boom,25,2023 Limagrain Cereal Seeds,1,12,,91.44,,,,,,,,,,0,,,,,,,,,,,7,7/17/2025 15:12,,,,83.63,83.63301109,83.63301109,,,,,,
25LeCen_AY1,4/11/2025,17,1016,17,1,,1170110016,,MN21263-3,40,MN15332/MN-Washburn-A//MN-Rothsay,1,,,,,0,7/4/2025 16:14,0,7/17/2025 9:04,,,,,,,,,,,,,,,,,,,,3.43,90.41,90.41335422,90.41335422,13.24,,,,,
25Oklee_AY1,4/26/2025,12,1016,28,1,,1120110016,,MN22227-1,46,MN15413-2/MN10201-4-A//Linkert-gpcB1/MN13288-1-1/3/MN15482-4/Shelly//MN15482-4/MN10261-1,1,,,,,0,7/30/2025 11:47,,,,,,,,,,,,,,,,,,,,,,3.68,95.18,95.17666449,,16.06,,,,,
25Perl_AY1,4/21/2025,11,1016,17,1,,1110110016,,AP Dagr,1,2025 AgriPro/Syngenta,1,,,,,1,7/28/2025 15:57,,,,,,,,9,7/28/2025 15:57,,,,,,,,,,,,,4.07,109.09,109.088115,,13.01,,,,,
25Ros_AY1conv,4/25/2025,7,1016,17,1,,1070110016,,Glenn,22,long term check,1,19,,91.44,,,,,,,,,,,8,7/29/2025 15:28,,,,,,,,,,,,,3.76,94.93,94.92869305,94.92869305,18.06,,,,,
25Steph_AY1,4/27/2025,13,1016,17,1,,1130110016,,MS Nova,56,"2023 Meridian Seeds, LLC",1,,,,,,,,,,,,,,,,,,,,,,,,,,,,3.73,95.69,95.68832127,,16.74,,,,,
25StP_C-9_AY1-3_URN-PEv2,4/16/2025,1,1016,6,3,,1010110016,,Shelly,62,2016 MN,1,19,6/20/2025 10:51,80.33333333,,0,6/17/2025 10:49,8,6/27/2025 10:00,4,7/3/2025 9:56,5,7/25/2025 11:19,,,,,,,,,,,,,,,,1.345,76.45,76.4525211,76.4525211,14,77.3,,,,
25Strath_AY1,5/8/2025,14,1016,17,1,,1140110016,,AP Elevate,2,2024 AgriPro/Syngenta,1,,,,,2,7/30/2025 8:33,,,,,,,,,,7,7/30/2025 8:33,,,,,,,,,,,,125.28,125.28,125.28,,,,,,
25Was_AY1,1/1/2025,3,1016,17,1,,1030110016,,TCG-Badlands,66,2023 21st Century Genetics,1,16,,75,,0,7/17/2025 10:14,,,,,,,4,,,,,,,,,,,,,,,,59.22,59.22,59.22,,,,57.99,14.43,
25Beck_AY1,4/12/2025,9,1017,18,11,,1090110017,,TCG-Badlands,66,2023 21st Century Genetics,1,,,,,,,,,,,,,,,,,,,,,,,,,,,,2.52,65.94,65.9362469,65.9362469,15.08,,,58.38,13.77,
25Ben_AY1,4/18/2025,16,1017,18,1,,1160110017,,WB9590,72,2017 WestBred,1,,,,,0,7/15/2025 11:11,,,,,,,,,,,,2,7/15/2025 11:11,,,,,,,,,3.97,103.13,103.1295905,103.1295905,15.69,,,,,
25Crk_AY1_Conv,4/24/2025,6,1017,18,10,,1060110017,,MN-Torgy,35,2020 MN,1,,,,,,,2,8/4/2025 17:56,,,,,,,,,,,,,,,,,,,,,93.89,93.89,93.89,,0,,,,
25Ferg_AY1,4/21/2025,10,1017,18,1,,1100110017,,MN22131-3,43,MN15482-4/MN15005-4,1,,,,,0,7/28/2025 11:20,0,8/5/2025 17:32,,,,,,6,7/28/2025 11:20,,,2,7/15/2025 14:39,,,,,,,,,3.5,92.57,92.57025295,92.57025295,14.16,,,,,
25Hall_AY1,4/26/2025,15,1017,18,1,,1150110017,,MN-Torgy,35,2020 MN,1,,,,,,,,,,,,,,,,,,,,,,,,,,,,4.32,105.05,105.0472096,105.0472096,21.08,,,,,
25Lamb_AY1conv,4/15/2025,4,1017,37,1,,1040110017,,Dyna-Gro 8582,16,2024 Nutrien Ag Solutions,1,12,,88.9,,,,,,,,,,0,,,,,,,,,,,6,7/17/2025 15:12,,,,91.7,91.69535078,91.69535078,,,,,,
25LeCen_AY1,4/11/2025,17,1017,18,1,,1170110017,,AP Smith,5,2021 AgriPro/Syngenta,1,,,,,0,7/4/2025 16:14,0,7/17/2025 9:04,,,,,,,,,,,,,,,,,,,,3.26,85.88,85.88158936,85.88158936,13.16,,,,,
25Oklee_AY1,4/26/2025,12,1017,29,1,,1120110017,,TCG-Wildcat,67,2020 21st Century Genetics,1,,,,,0,7/30/2025 11:47,,,,,,,,,,,,,,,,,,,,,,3.8,96.97,96.96891135,,17.18,,,,,
25Perl_AY1,4/21/2025,11,1017,18,1,,1110110017,,CP3530,11,2022 Winfield Untied - Croplan,1,,,,,1,7/28/2025 15:57,,,,,,,,8,7/28/2025 15:57,,,,,,,,,,,,,4.39,116.38,116.3800713,,13.96,,,,,
25Ros_AY1conv,4/25/2025,7,1017,18,1,,1070110017,,MN21090-4,37,MN14223-5/MN-Rothsay,1,25,,83.82,,,,,,,,,,,7,7/29/2025 15:28,,,,,,,,,,,,,4.21,107.52,107.5221482,107.5221482,17.11,,,,,
25Steph_AY1,4/27/2025,13,1017,18,1,,1130110017,,NDHRS15-0006-C46,59,2025 NDSU,1,,,,,,,,,,,,,,,,,,,,,,,,,,,,3.79,99.08,99.08427905,,15.15,,,,,
25StP_C-9_AY1-3_URN-PEv2,4/16/2025,1,1017,5,3,,1010110017,,ND Stampede,57,2024 NDSU,1,16,6/16/2025 11:08,83.33333333,,0,6/17/2025 10:49,7,6/27/2025 10:00,3,7/3/2025 9:57,4,7/25/2025 11:20,,,,,,,,,,,,,,,,1.565,89.27,89.26808397,89.26808397,13.7,80,,,,
25Strath_AY1,5/8/2025,14,1017,18,1,,1140110017,,AP Smith,5,2021 AgriPro/Syngenta,1,,,,,5,7/30/2025 8:33,,,,,,,,,,5,7/30/2025 8:33,,,,,,,,,,,,115,115,115,,,,,,
25Was_AY1,1/1/2025,3,1017,18,1,,1030110017,,LCS Hammer AX,29,2022 Limagrain Cereal Seeds,1,16,,80,,0,7/17/2025 10:14,,,,,,,3,,,,,,,,,,,,,,,,56.18,56.18,56.18,,,,57.08,14.86,
25Beck_AY1,4/12/2025,9,1018,19,11,,1090110018,,CP3915,14,2019 Winfield Untied - Croplan,1,,,,,,,,,,,,,,,,,,,,,,,,,,,,1.94,51.44,51.44187252,51.44187252,13.94,,,56.54,14.45,
25Ben_AY1,4/18/2025,16,1018,19,1,,1160110018,,CP3555,12,2024 Winfield Untied - Croplan,1,,,,,0,7/15/2025 11:12,,,,,,,,,,,,0,7/15/2025 11:12,,,,,,,,,3.71,99.08,99.0846796,99.0846796,13.32,,,,,
25Crk_AY1_Conv,4/24/2025,6,1018,19,10,,1060110018,,MN22199-2,45,MN16360/MN15005,1,,,,,,,1,8/4/2025 17:56,,,,,,,,,,,,,,,,,,,,,106.9,106.9,106.9,,0,,,,
25Ferg_AY1,4/21/2025,10,1018,19,1,,1100110018,,Dyna-Gro 8582,16,2024 Nutrien Ag Solutions,1,,,,,0,7/28/2025 11:20,0,8/5/2025 17:33,,,,,,7,7/28/2025 11:20,,,1,7/15/2025 14:39,,,,,,,,,4.02,107.15,107.1534262,107.1534262,13.49,,,,,
25Hall_AY1,4/26/2025,15,1018,19,1,,1150110018,,AP Dagr,1,2025 AgriPro/Syngenta,1,,,,,,,,,,,,,,,,,,,,,,,,,,,,3.88,100.15,100.1460762,100.1460762,16.23,,,,,
25Lamb_AY1conv,4/15/2025,4,1018,38,1,,1040110018,,MN21385-1,41,Linkert-gpcB1/MN-Washburn-A//MN13479-8,1,13,,86.36,,,,,,,,,,0,,,,,,,,,,,6,7/17/2025 15:12,,,,85.79,85.78980466,85.78980466,,,,,,
25LeCen_AY1,4/11/2025,17,1018,19,1,,1170110018,,AP Murdock,4,2020 AgriPro/Syngenta,1,,,,,0,7/4/2025 16:14,1,7/17/2025 9:04,,,,,,,,,,,,,,,,,,,,3.54,93.35,93.34680832,93.34680832,13.39,,,,,
25Oklee_AY1,4/26/2025,12,1018,30,1,,1120110018,nice,MN22429-2,53,MN16396/MN14227-4,1,,,,,0,7/30/2025 11:47,,,,,,,,,,,,,,,,,,,,,,3.37,88.63,88.63352146,,14.64,,,,,
25Perl_AY1,4/21/2025,11,1018,19,1,,1110110018,,WB9590,72,2017 WestBred,1,,,,,0,7/28/2025 15:57,,,,,,,,8,7/28/2025 15:58,,,,,,,,,,,,, , , , , ,,,,,
25Ros_AY1conv,4/25/2025,7,1018,19,1,,1070110018,,Dyna-Gro Rocker,20,2023 Nutrien Ag Solutions,1,24,,83.82,,,,,,,,,,,8,7/29/2025 15:29,,,,,,,,,,,,,4.03,105.15,105.1476553,105.1476553,15.32,,,,,
25Steph_AY1,4/27/2025,13,1018,19,1,,1130110018,,CAG Ceres,8,2024 Champions Alliance Group Inc,1,,,,,,,,,,,,,,,,,,,,,,,,,,,,3.52,92.55,92.54609668,,14.67,,,,,
25StP_C-9_AY1-3_URN-PEv2,4/16/2025,1,1018,4,3,,1010110018,,MN21168-1,38,10FAR-3134-1/MN14223-5,1,14,6/13/2025 13:25,84.33333333,,0,6/17/2025 10:49,3,6/27/2025 10:00,2,7/3/2025 9:57,2,7/25/2025 11:20,,,,,,,,,,,,,,,,1.34,76.17,76.16831098,76.16831098,14,78.9,,,,
25Strath_AY1,5/8/2025,14,1018,19,1,,1140110018,,MN22314-2,47,MN15482-4/MN10201-4-A,1,,,,,2,7/30/2025 8:33,,,,,,,,,,5,7/30/2025 8:33,,,,,,,,,,,,115.12,115.12,115.12,,,,,,
25Was_AY1,1/1/2025,3,1018,19,1,,1030110018,better leaves,Shelly,62,2016 MN,1,19,,80,,0,7/17/2025 10:14,,,,,,,4,,,,,,,,,,,,,,,,65.5,65.5,65.5,,,,58.17,14.38,
25Beck_AY1,4/12/2025,9,1019,19,12,,1090110019,,WB9590,72,2017 WestBred,1,,,,,,,,,,,,,,,,,,,,,,,,,,,,2.08,55.44,55.43616,55.43616,13.5,,,57.56,15.38,
25Ben_AY1,4/18/2025,16,1019,20,1,,1160110019,,Knudson,23,long term check,1,,,,,0,7/15/2025 11:12,,,,,,,,,,,,0,7/15/2025 11:12,,,,,,,,,3.33,87.23,87.23264304,87.23264304,14.98,,,,,
25Crk_AY1_Conv,4/24/2025,6,1019,20,10,,1060110019,dry,TCG-Wildcat,67,2020 21st Century Genetics,1,,,,,,,3,8/4/2025 17:56,,,,,,,,,,,,,,,,,,,,,101.8,101.8,101.8,,0,,,,
25Ferg_AY1,4/21/2025,10,1019,20,1,,1100110019,,LCS Trigger,31,2016 Limagrain Cereal Seeds,1,,,,,0,7/28/2025 11:20,1,8/5/2025 17:33,,,,,,6,7/28/2025 11:21,,,1,7/15/2025 14:39,,,,,,,,,3.83,103.29,103.2926453,103.2926453,12.47,,,,,
25Hall_AY1,4/26/2025,15,1019,20,1,,1150110019,,Marshall,33,long term check,1,,,,,,,,,,,,,,,,,,,,,,,,,,,,3.77,95.07,95.06500339,95.06500339,18.16,,,,,
25Lamb_AY1conv,4/15/2025,4,1019,38,2,,1040110019,,Brawn-SD,7,2022 SD State University,1,13,,91.44,,,,,,,,,,0,,,,,,,,,,,3,7/17/2025 15:12,,,,79.94,79.9417784,79.9417784,,,,,,
25LeCen_AY1,4/11/2025,17,1019,20,1,,1170110019,,CP3555,12,2024 Winfield Untied - Croplan,1,,,,,0,7/4/2025 16:14,4,7/17/2025 9:04,,,,,,,,,,,,,,,,,,,,3.65,96.27,96.26719884,96.26719884,12.41,,,,,
25Oklee_AY1,4/26/2025,12,1019,31,1,,1120110019,Mechanical,LCS Hammer AX,29,2022 Limagrain Cereal Seeds,1,,,,,0,7/30/2025 11:48,,,,,,,,,,,,,,,,,,,,,, , , ,, ,,,,,
25Perl_AY1,4/21/2025,11,1019,20,1,,1110110019,,MN22154-1,44,BW980/MN10201-4-A//MN15005,1,,,,,1,7/28/2025 15:58,,,,,,,,6,7/28/2025 15:58,,,,,,,,,,,,, , , ,,,,,,,
25Ros_AY1conv,4/25/2025,7,1019,20,1,,1070110019,,Dyna-Gro Ballistic,18,2018 Nutrien Ag Solutions,1,23,,88.9,,,,,,,,,,,9,7/29/2025 15:29,,,,,,,,,,,,,4.19,107.36,107.3599253,107.3599253,16.84,,,,,
25Steph_AY1,4/27/2025,13,1019,20,1,,1130110019,,Marshall,33,long term check,1,,,,,,,,,,,,,,,,,,,,,,,,,,,,3.11,82.89,82.88772,,13.5,,,,,
25StP_C-9_AY1-3_URN-PEv2,4/16/2025,1,1019,3,3,,1010110019,,LCS Cannon,27,2018 Limagrain Cereal Seeds,1,12,6/12/2025 10:15,82,,0,6/17/2025 10:49,8,6/27/2025 10:00,4,7/3/2025 9:57,5,7/25/2025 11:20,,,,,,,,,,,,,,,,0.965,55.04,55.04389842,55.04389842,13.7,-,,,,
25Strath_AY1,5/8/2025,14,1019,20,1,,1140110019,,Dyna-Gro Ambush,17,2017 Nutrien Ag Solutions,1,,,,,4,7/30/2025 8:33,,,,,,,,,,8,7/30/2025 8:34,,,,,,,,,,,,111.15,111.15,111.15,,,,,,
25Was_AY1,1/1/2025,3,1019,20,1,,1030110019,,MN21172-3,39,Bolles/MN-Rothsay,1,18,,75,,0,7/17/2025 10:14,,,,,,,3,,,,,,,,,,,,,,,,68.11,68.11,68.11,,,,57.55,14.86,
25Beck_AY1,4/12/2025,9,1020,18,12,,1090110020,,Dyna-Gro Ambush,17,2017 Nutrien Ag Solutions,1,,,,,,,,,,,,,,,,,,,,,,,,,,,,2.63,67.98,67.97976204,67.97976204,16.11,,,60.07,14.71,
25Ben_AY1,4/18/2025,16,1020,21,1,,1160110020,,LCS Dual,28,2021 Limagrain Cereal Seeds,1,,,,,0,7/15/2025 11:12,,,,,,,,,,,,0,7/15/2025 11:12,,,,,,,,,3.5,92.42,92.4192763,92.4192763,14.3,,,,,
25Crk_AY1_Conv,4/24/2025,6,1020,21,10,,1060110020,,Knudson,23,long term check,1,,,,,,,3,8/4/2025 17:56,,,,,,,,,,,,,,,,,,,,,99.79,99.79,99.79,,0,,,,
25Ferg_AY1,4/21/2025,10,1020,21,1,,1100110020,,MN-Torgy,35,2020 MN,1,,,,,0,7/28/2025 11:21,0,8/5/2025 17:33,,,,,,6,7/28/2025 11:21,,,2,7/15/2025 14:39,,,,,,,,,3.88,102.62,102.6207376,102.6207376,14.16,,,,,
25Hall_AY1,4/26/2025,15,1020,21,1,,1150110020,,AP Smith,5,2021 AgriPro/Syngenta,1,,,,,,,,,,,,,,,,,,,,,,,,,,,,4.15,103.25,103.2533913,103.2533913,19.25,,,,,
25Lamb_AY1conv,4/15/2025,4,1020,37,2,,1040110020,,Dyna-Gro Commander,19,2019 Nutrien Ag Solutions,1,12,,91.44,,,,,,,,,,0,,,,,,,,,,,3,7/17/2025 15:12,,,,70.17,62.39978238,62.39978238,,,,,,
25LeCen_AY1,4/11/2025,17,1020,21,1,,1170110020,,PFS Rolls,61,2025 Peterson Farms Seed,1,,,,,0,7/4/2025 16:14,1,7/17/2025 9:04,,,,,,,,,,,,,,,,,,,,3.7,97.6,97.59933642,97.59933642,12.37,,,,,
25Oklee_AY1,4/26/2025,12,1020,32,1,,1120110020,,PFS Muffins,60,2026 Peterson Farms Seed,1,,,,,0,7/30/2025 11:48,,,,,,,,,,,,,,,,,,,,,,3.91,101.45,101.4504837,,15.79,,,,,
25Perl_AY1,4/21/2025,11,1020,21,1,,1110110020,,MN21172-3,39,Bolles/MN-Rothsay,1,,,,,2,7/28/2025 15:58,,,,,,,,7,7/28/2025 15:58,,,,,,,,,,,,,4.22,111.21,111.2101996,,14.47,,,,,
25Ros_AY1conv,4/25/2025,7,1020,21,1,,1070110020,,TCG-Zelda,68,2023 21st Century Genetics,1,22,,71.12,,,,,,,,,,,8,7/29/2025 15:29,,,,,,,,,,,,,3.93,101.11,101.109677,101.109677,16.5,,,,,
25Steph_AY1,4/27/2025,13,1020,21,1,,1130110020,,MN22322-2,48,MN15005/MN14223-5,1,,,,,,,,,,,,,,,,,,,,,,,,,,,,3.4,88.75,88.75208435,,15.28,,,,,
25StP_C-9_AY1-3_URN-PEv2,4/16/2025,1,1020,2,3,,1010110020,,Linkert,32,2013 MN,1,16,6/16/2025 11:08,78,,0,6/17/2025 10:49,6,6/27/2025 10:00,1,7/3/2025 9:57,2,7/25/2025 11:20,,,,,,,,,,,,,,,,0.8,45.63,45.6322474,45.6322474,13.7,-,,,,
25Strath_AY1,5/8/2025,14,1020,21,1,,1140110020,,Glenn,22,long term check,1,,,,,3,7/30/2025 8:34,,,,,,,,,,7,7/30/2025 8:34,,,,,,,,,,,,95.88,95.88,95.88,,,,,,
25Was_AY1,1/1/2025,3,1020,21,1,,1030110020,,Knudson,23,long term check,1,16,,75,,0,7/17/2025 10:14,,,,,,,5,,,,,,,,,,,,,,,,49.2,49.2,49.2,,,,57.37,14.6,
25Beck_AY1,4/12/2025,9,1021,17,12,,1090110021,,ND Stampede,57,2024 NDSU,1,,,,,,,,,,,,,,,,,,,,,,,,,,,,3.08,80.29,80.28506747,80.28506747,15.4,,,58.72,13.37,
25Ben_AY1,4/18/2025,16,1021,22,1,,1160110021,,AP Dagr,1,2025 AgriPro/Syngenta,1,,,,,0,7/15/2025 11:12,,,,,,,,,,,,0,7/15/2025 11:12,,,,,,,,,3.8,101.1,101.1019741,101.1019741,13.65,,,,,
25Crk_AY1_Conv,4/24/2025,6,1021,22,10,,1060110021,,ND Thresher,58,2023 NDSU,1,,,,,,,2,8/4/2025 17:56,,,,,,,,,,,,,,,,,,,,,102.66,102.66,102.66,,0,,,,
25Ferg_AY1,4/21/2025,10,1021,22,1,,1100110021,,CP3915,14,2019 Winfield Untied - Croplan,1,,,,,0,7/28/2025 11:21,0,8/5/2025 17:33,,,,,,7,7/28/2025 11:21,,,1,7/15/2025 14:39,,,,,,,,,3.55,95.97,95.9709249,95.9709249,12.26,,,,,
25Hall_AY1,4/26/2025,15,1021,22,1,,1150110021,,CP3530,11,2022 Winfield Untied - Croplan,1,,,,,,,,,,,,,,,,,,,,,,,,,,,,3.9,99.44,99.43660925,99.43660925,17.25,,,,,
25Lamb_AY1conv,4/15/2025,4,1021,36,2,,1040110021,,TCG-Zelda,68,2023 21st Century Genetics,1,13,,83.82,,,,,,,,,,0,,,,,,,,,,,3,7/17/2025 15:12,,,,72.5,70.17463937,70.17463937,,,,,,
25LeCen_AY1,4/11/2025,17,1021,22,1,,1170110021,nodding,ND Stampede,57,2024 NDSU,1,,,,,0,7/4/2025 16:15,3,7/17/2025 9:04,,,,,,,,,,,,,,,,,,,,3.88,102.41,102.410338,102.410338,13.55,,,,,
25Oklee_AY1,4/26/2025,12,1021,33,1,,1120110021,,TCG-Arsenal,65,2024 21st Century Genetics,1,,,,,0,7/30/2025 11:48,,,,,,,,,,,,,,,,,,,,,,4.02,101.86,101.8644986,,17.76,,,,,
25Perl_AY1,4/21/2025,11,1021,22,1,,1110110021,,Driver,15,2019 SD State University,1,,,,,1,7/28/2025 15:58,,,,,,,,4,7/28/2025 15:58,,,,,,,,,,,,,4.58,118.02,118.0161036,,16.37,,,,,
25Ros_AY1conv,4/25/2025,7,1021,22,1,,1070110021,,AP Dagr,1,2025 AgriPro/Syngenta,1,23,,76.2,,,,,,,,,,,8,7/29/2025 15:29,,,,,,,,,,,,,3.82,97.6,97.59697421,97.59697421,17.08,,,,,
25Steph_AY1,4/27/2025,13,1021,22,1,,1130110021,,TW Trailfire,70,2024 Thunder Seed,1,,,,,,,,,,,,,,,,,,,,,,,,,,,,3.52,93.68,93.68489197,,13.62,,,,,
25StP_C-9_AY1-3_URN-PEv2,4/16/2025,1,1021,2,4,,1010110021,,Knudson,23,long term check,1,17,6/18/2025 13:10,82.33333333,,0,6/17/2025 10:50,6,6/27/2025 10:01,2,7/3/2025 9:57,4,7/25/2025 11:20,,,,,,,,,,,,,,,,1.04,59.32,59.32192162,59.32192162,13.7,-,,,,
25Strath_AY1,5/8/2025,14,1021,22,1,,1140110021,,MS Charger,54,"2023 Meridian Seeds, LLC",1,,,,,7,7/30/2025 8:34,,,,,,,,,,8,7/30/2025 8:34,,,,,,,,,,,,110.99,110.99,110.99,,,,,,
25Was_AY1,1/1/2025,3,1021,22,1,,1030110021,,CP3678,13,2024 Winfield Untied - Croplan,1,19,,75,,0,7/17/2025 10:14,,,,,,,3,,,,,,,,,,,,,,,,67.65,67.65,67.65,,,,58.7,14.9,
25Beck_AY1,4/12/2025,9,1022,16,12,,1090110022,,MN21263-3,40,MN15332/MN-Washburn-A//MN-Rothsay,1,,,,,,,,,,,,,,,,,,,,,,,,,,,,2.55,65.54,65.54266002,65.54266002,16.58,,,59.91,13.1,
25Ben_AY1,4/18/2025,16,1022,23,1,,1160110022,,MN22071-4,42,MN16024-6/MN15005-4,1,,,,,0,7/15/2025 11:12,,,,,,,,,,,,0,7/15/2025 11:12,,,,,,,,,3.74,98.56,98.5606982,98.5606982,14.47,,,,,
25Crk_AY1_Conv,4/24/2025,6,1022,23,10,,1060110022,,Dyna-Gro Ambush,17,2017 Nutrien Ag Solutions,1,,,,,,,3,8/4/2025 17:56,,,,,,,,,,,,,,,,,,,,,114.02,114.02,114.02,,0,,,,
25Ferg_AY1,4/21/2025,10,1022,23,1,,1100110022,,Dyna-Gro Ambush,17,2017 Nutrien Ag Solutions,1,,,,,0,7/28/2025 11:21,1,8/5/2025 17:33,,,,,,6,7/28/2025 11:21,,,1,7/15/2025 14:39,,,,,,,,,3.92,102.62,102.6158077,102.6158077,15.04,,,,,
25Hall_AY1,4/26/2025,15,1022,23,1,,1150110022,,ND Thresher,58,2023 NDSU,1,,,,,,,,,,,,,,,,,,,,,,,,,,,,4.07,103.39,103.3948164,103.3948164,17.55,,,,,
25Lamb_AY1conv,4/15/2025,4,1022,35,2,,1040110022,,ND Thresher,58,2023 NDSU,1,16,,88.9,,,,,,,,,,0,,,,,,,,,,,4,7/17/2025 15:12,,,,65.08,72.49839125,72.49839125,,,,,,
25LeCen_AY1,4/11/2025,17,1022,23,1,,1170110022,,MN22342-2,50,MN16024-6/MN15119-2,1,,,,,0,7/4/2025 16:15,0,7/17/2025 9:04,,,,,,,,,,,,,,,,,,,,3.28,86.4,86.40410913,86.40410913,12.25,,,,,
25Oklee_AY1,4/26/2025,12,1022,34,1,,1120110022,,MS Nova,56,"2023 Meridian Seeds, LLC",1,,,,,1,7/30/2025 11:48,,,,,,,,,,,,,,,,,,,,,,3.72,94.96,94.96184629,,17.15,,,,,
25Perl_AY1,4/21/2025,11,1022,23,1,,1110110022,,MS Nova,56,"2023 Meridian Seeds, LLC",1,,,,,0,7/28/2025 15:58,,,,,,,,6,7/28/2025 15:58,,,,,,,,,,,,,4.18,109.99,109.9886444,,14.6,,,,,
25Ros_AY1conv,4/25/2025,7,1022,23,1,,1070110022,,CAG Ceres,8,2024 Champions Alliance Group Inc,1,22,,81.28,,,,,,,,,,,9,7/29/2025 15:29,,,,,,,,,,,,,3.5,89.64,89.63699237,89.63699237,16.88,,,,,
25Steph_AY1,4/27/2025,13,1022,23,1,,1130110022,,CAG Recoil,9,2022 Champions Alliance Group Inc,1,,,,,,,,,,,,,,,,,,,,,,,,,,,,3.86,102.21,102.2106973,,14.06,,,,,
25StP_C-9_AY1-3_URN-PEv2,4/16/2025,1,1022,3,4,,1010110022,,MN22429-2,53,MN16396/MN14227-4,1,16,6/16/2025 11:09,80,,0,6/17/2025 10:50,7,6/27/2025 10:01,3,7/3/2025 9:57,6,7/25/2025 11:20,,,,,,,,,,,,,,,,0.965,55.04,55.04389842,55.04389842,13.7,-,,,,
25Strath_AY1,5/8/2025,14,1022,23,1,,1140110022,,Driver,15,2019 SD State University,1,,,,,5,7/30/2025 8:34,,,,,,,,,,5,7/30/2025 8:34,,,,,,,,,,,,113.3,113.3,113.3,,,,,,
25Was_AY1,1/1/2025,3,1022,23,1,,1030110022,,MN21090-4,37,MN14223-5/MN-Rothsay,1,16,,70,,0,7/17/2025 10:15,,,,,,,3,,,,,,,,,,,,,,,,58.94,58.94,58.94,,,,58.19,14.52,
25Beck_AY1,4/12/2025,9,1023,15,12,,1090110023,,AP Elevate,2,2024 AgriPro/Syngenta,1,,,,,,,,,,,,,,,,,,,,,,,,,,,,2.4,61.61,61.60586691,61.60586691,16.69,,,59.02,12.8,
25Ben_AY1,4/18/2025,16,1023,24,1,,1160110023,,LCS Hammer AX,29,2022 Limagrain Cereal Seeds,1,,,,,0,7/15/2025 11:12,,,,,,,,,,,,7,7/15/2025 11:13,,,,,,,,,3.59,96.97,96.97485798,96.97485798,12.33,,,,,
25Crk_AY1_Conv,4/24/2025,6,1023,24,10,,1060110023,,MS Cobra,55,"2022 Meridian Seeds, LLC",1,,,,,,,3,8/4/2025 17:55,,,,,,,,,,,,,,,,,,,,,80.5,80.5,80.5,,0,,,,
25Ferg_AY1,4/21/2025,10,1023,24,1,,1100110023,,Marshall,33,long term check,1,,,,,3,7/28/2025 11:21,3,8/5/2025 17:33,,,,,,5,7/28/2025 11:21,,,3,7/15/2025 14:39,,,,,,,,,3.08,84.32,84.31830076,84.31830076,11.15,,,,,
25Hall_AY1,4/26/2025,15,1023,24,1,,1150110023,,AP Elevate,2,2024 AgriPro/Syngenta,1,,,,,,,,,,,,,,,,,,,,,,,,,,,,3.93,99.22,99.22068183,99.22068183,18.06,,,,,
25Lamb_AY1conv,4/15/2025,4,1023,34,2,,1040110023,,MN22356-2,51,MN15530-4/MN15005-4,1,15,,81.28,,,,,,,,,,0,,,,,,,,,,,3,7/17/2025 15:12,,,,70.68,65.08037039,65.08037039,,,,,,
25LeCen_AY1,4/11/2025,17,1023,24,1,,1170110023,Nice Color (harvest),MN21089-4,36,MN14223-5/MN-Rothsay,1,,,,,0,7/4/2025 16:15,1,7/17/2025 9:04,,,,,,,,,,,,,,,,,,,,3.49,92.03,92.02738751,92.02738751,14.53,,,,,
25Oklee_AY1,4/26/2025,12,1023,35,1,,1120110023,,Enhance-SD,21,2024 SD State University,1,,,,,1,7/30/2025 11:48,,,,,,,,,,,,,,,,,,,,,,4.1,103.34,103.3358123,,18.2,,,,,
25Perl_AY1,4/21/2025,11,1023,24,1,,1110110023,,MN22429-2,53,MN16396/MN14227-4,1,,,,,0,7/28/2025 15:58,,,,,,,,8,7/28/2025 15:58,,,,,,,,,,,,,4.01,107.69,107.6899788,,12.84,,,,,
25Ros_AY1conv,4/25/2025,7,1023,24,1,,1070110023,,MN21168-1,38,10FAR-3134-1/MN14223-5,1,21,,76.2,,,,,,,,,,,9,7/29/2025 15:29,,,,,,,,,,,,,3.35,85.73,85.73347575,85.73347575,16.94,,,,,
25Steph_AY1,4/27/2025,13,1023,24,1,,1130110023,,Ascend-SD,6,2021 SD State University,1,,,,,,,,,,,,,,,,,,,,,,,,,,,,4.26,112.09,112.0936903,,14.6,,,,,
25StP_C-9_AY1-3_URN-PEv2,4/16/2025,1,1023,4,4,,1010110023,,MN21090-4,37,MN14223-5/MN-Rothsay,1,18,6/18/2025 13:10,80.66666667,,0,6/17/2025 10:50,4,6/27/2025 10:01,1,7/3/2025 9:57,2,7/25/2025 11:20,,,,,,,,,,,,,,,,1.5,85.06,85.06474855,85.06474855,14.2,78.3,,,,
25Strath_AY1,5/8/2025,14,1023,24,1,,1140110023,,TCG-Wildcat,67,2020 21st Century Genetics,1,,,,,1,7/30/2025 8:34,,,,,,,,,,8,7/30/2025 8:34,,,,,,,,,,,,103.1,103.1,103.1,,,,,,
25Was_AY1,1/1/2025,3,1023,24,1,,1030110023,,NDHRS15-0006-C46,59,2025 NDSU,1,16,,75,,0,7/17/2025 10:15,,,,,,,3,,,,,,,,,,,,,,,,66.32,66.32,66.32,,,,58.65,15.29,
25Beck_AY1,4/12/2025,9,1024,14,12,,1090110024,,Dyna-Gro Commander,19,2019 Nutrien Ag Solutions,1,,,,,,,,,,,,,,,,,,,,,,,,,,,,2.74,70.7,70.69638653,70.69638653,16.26,,,58.94,12.45,
25Ben_AY1,4/18/2025,16,1024,25,1,,1160110024,,LCS Cannon,27,2018 Limagrain Cereal Seeds,1,,,,,0,7/15/2025 11:13,,,,,,,,,,,,1,7/15/2025 11:13,,,,,,,,,3.8,99.23,99.22863121,99.22863121,15.25,,,,,
25Crk_AY1_Conv,4/24/2025,6,1024,25,10,,1060110024,,PFS Rolls,61,2025 Peterson Farms Seed,1,,,,,,,2,8/4/2025 17:55,,,,,,,,,,,,,,,,,,,,,111.48,111.48,111.48,,0,,,,
25Ferg_AY1,4/21/2025,10,1024,25,1,,1100110024,,LCS Dual,28,2021 Limagrain Cereal Seeds,1,,,,,0,7/28/2025 11:21,0,8/5/2025 17:33,,,,,,6,7/28/2025 11:21,,,3,7/15/2025 14:39,,,,,,,,,3.64,96.46,96.463725,96.463725,13.99,,,,,
25Hall_AY1,4/26/2025,15,1024,25,1,,1150110024,,MN22131-3,43,MN15482-4/MN15005-4,1,,,,,,,,,,,,,,,,,,,,,,,,,,,,4.49,107.63,107.63156,107.63156,22.2,,,,,
25Lamb_AY1conv,4/15/2025,4,1024,33,2,,1040110024,,TCG-Arsenal,65,2024 21st Century Genetics,1,17,,78.74,,,,,,,,,,0,,,,,,,,,,,1,7/17/2025 15:12,,,,73.96,70.67557718,70.67557718,,,,,,
25LeCen_AY1,4/11/2025,17,1024,25,1,,1170110024,,MN22199-2,45,MN16360/MN15005,1,,,,,0,7/4/2025 16:15,1,7/17/2025 9:04,,,,,,,,,,,,,,,,,,,,4,105.61,105.608578,105.608578,13.55,,,,,
25Oklee_AY1,4/26/2025,12,1024,36,1,,1120110024,,CAG Ceres,8,2024 Champions Alliance Group Inc,1,,,,,0,7/30/2025 11:49,,,,,,,,,,,,,,,,,,,,,,3.71,94.98,94.98091865,,16.91,,,,,
25Perl_AY1,4/21/2025,11,1024,25,1,,1110110024,,LCS Rimfire,30,2025 Limagrain Cereal Seeds,1,,,,,2,7/28/2025 15:58,,,,,,,,7,7/28/2025 15:58,,,,,,,,,,,,,4.52,119.87,119.8681865,,13.93,,,,,
25Ros_AY1conv,4/25/2025,7,1024,25,1,,1070110024,,CP3915,14,2019 Winfield Untied - Croplan,1,23,,78.74,,,,,,,,,,,9,7/29/2025 15:29,,,,,,,,,,,,,2.96,77.51,77.51276648,77.51276648,15.01,,,,,
25Steph_AY1,4/27/2025,13,1024,25,1,,1130110024,,MN22356-2,51,MN15530-4/MN15005-4,1,,,,,,,,,,,,,,,,,,,,,,,,,,,,4.1,106.47,106.4687317,,15.72,,,,,
25StP_C-9_AY1-3_URN-PEv2,4/16/2025,1,1024,5,4,,1010110024,,MN21172-3,39,Bolles/MN-Rothsay,1,19,6/20/2025 10:53,79,,0,6/17/2025 10:50,3,6/27/2025 10:01,1,7/3/2025 9:57,1,7/25/2025 11:20,,,,,,,,,,,,,,,,1.235,70.44,70.44478192,70.44478192,13.7,76.2,,,,
25Strath_AY1,5/8/2025,14,1024,25,1,,1140110024,,PFS Rolls,61,2025 Peterson Farms Seed,1,,,,,1,7/30/2025 8:34,,,,,,,,,,6,7/30/2025 8:35,,,,,,,,,,,,116.33,116.33,116.33,,,,,,
25Was_AY1,1/1/2025,3,1024,25,1,,1030110024,,MS Charger,54,"2023 Meridian Seeds, LLC",1,12,,75,,0,7/17/2025 10:15,,,,,,,3,,,,,,,,,,,,,,,,64.45,64.45,64.45,,,,58.72,13.32,
25Beck_AY1,4/12/2025,9,1025,13,12,,1090110025,,TCG-Zelda,68,2023 21st Century Genetics,1,,,,,,,,,,,,,,,,,,,,,,,,,,,,2.74,70.96,70.95809993,70.95809993,15.95,,,59.15,12.42,
25Ben_AY1,4/18/2025,16,1025,26,1,,1160110025,,MN22154-1,44,BW980/MN10201-4-A//MN15005,1,,,,,0,7/15/2025 11:13,,,,,,,,,,,,1,7/15/2025 11:13,,,,,,,,,4.11,106.68,106.6777574,106.6777574,15.76,,,,,
25Crk_AY1_Conv,4/24/2025,6,1025,25,11,,1060110025,,CP3915,14,2019 Winfield Untied - Croplan,1,,,,,,,3,8/4/2025 17:58,,,,,,,,,,,,,,,,,,,,,115.02,,115.0180957,,Plugged,,,,
25Ferg_AY1,4/21/2025,10,1025,26,1,,1100110025,,MN21172-3,39,Bolles/MN-Rothsay,1,,,,,3,7/28/2025 11:21,3,8/5/2025 17:33,,,,,,4,7/28/2025 11:21,,,2,7/15/2025 14:39,,,,,,,,,3.36,91.39,91.39349782,91.39349782,11.72,,,,,
25Hall_AY1,4/26/2025,15,1025,26,1,,1150110025,,PFS Rolls,61,2025 Peterson Farms Seed,1,,,,,,,,,,,,,,,,,,,,,,,,,,,,4.38,109.57,109.5696688,109.5696688,18.81,,,,,
25Lamb_AY1conv,4/15/2025,4,1025,32,2,,1040110025,,TCG-Wildcat,67,2020 21st Century Genetics,1,15,,88.9,,,,,,,,,,0,,,,,,,,,,,2,7/17/2025 15:12,,,,68.71,73.9589687,73.9589687,,,,,,
25LeCen_AY1,4/11/2025,17,1025,26,1,,1170110025,,MS Charger,54,"2023 Meridian Seeds, LLC",1,,,,,0,7/4/2025 16:15,3,7/17/2025 9:04,,,,,,,,,,,,,,,,,,,,4.13,109.06,109.0642051,109.0642051,12.76,,,,,
25Oklee_AY1,4/26/2025,12,1025,37,1,,1120110025,,Linkert,32,2013 MN,1,,,,,0,7/30/2025 11:49,,,,,,,,,,,,,,,,,,,,,,3.5,90.34,90.33795538,,16.23,,,,,
25Perl_AY1,4/21/2025,11,1025,26,1,,1110110025,,LCS Boom,25,2023 Limagrain Cereal Seeds,1,,,,,0,7/28/2025 15:58,,,,,,,,7,7/28/2025 15:58,,,,,,,,,,,,,3.84,100.12,100.1193318,,15.38,,,,,
25Ros_AY1conv,4/25/2025,7,1025,26,1,,1070110025,,PFS Rolls,61,2025 Peterson Farms Seed,1,23,,83.82,,,,,,,,,,,9,7/29/2025 15:29,,,,,,,,,,,,,3.11,80.76,80.76042823,80.76042823,15.72,,,,,
25Steph_AY1,4/27/2025,13,1025,26,1,,1130110025,,PFS Rolls,61,2025 Peterson Farms Seed,1,,,,,,,,,,,,,,,,,,,,,,,,,,,,4.5,118.92,118.9218402,,14.23,,,,,
25StP_C-9_AY1-3_URN-PEv2,4/16/2025,1,1025,6,4,,1010110025,,TCG-Wildcat,67,2020 21st Century Genetics,1,17,6/18/2025 13:10,86.33333333,,0,6/17/2025 10:50,3,6/27/2025 10:01,1,7/3/2025 9:57,0,7/25/2025 11:20,,,,,,,,,,,,,,,,1.34,76.52,76.5225822,76.5225822,13.6,79.8,,,,
25Strath_AY1,5/8/2025,14,1025,26,1,,1140110025,,TCG-Badlands,66,2023 21st Century Genetics,1,,,,,1,7/30/2025 8:35,,,,,,,,,,5,7/30/2025 8:35,,,,,,,,,,,,116.38,116.38,116.38,,,,,,
25Was_AY1,1/1/2025,3,1025,26,1,,1030110025,,CP3530,11,2022 Winfield Untied - Croplan,1,16,,80,,0,7/17/2025 10:15,,,,,,,4,,,,,,,,,,,,,,,,65.19,65.19,65.19,,,,58.53,15.72,
25Beck_AY1,4/12/2025,9,1026,12,12,,1090110026,Late,Shelly,62,2016 MN,1,,,,,,,,,,,,,,,,,,,,,,,,,,,,2.12,54.8,54.79737472,54.79737472,16.11,,,58.28,11.74,
25Ben_AY1,4/18/2025,16,1026,27,1,,1160110026,,MN22429-2,53,MN16396/MN14227-4,1,,,,,0,7/15/2025 11:14,,,,,,,,,,,,0,7/15/2025 11:14,,,,,,,,,3.98,104.55,104.5543479,104.5543479,14.74,,,,,
25Crk_AY1_Conv,4/24/2025,6,1026,24,11,,1060110026,,CAG Ceres,8,2024 Champions Alliance Group Inc,1,,,,,,,2,8/4/2025 17:58,,,,,,,,,,,,,,,,,,,,,108.86,108.86,108.86,,0,,,,
25Ferg_AY1,4/21/2025,10,1026,27,1,,1100110026,,AP Dagr,1,2025 AgriPro/Syngenta,1,,,,,1,7/28/2025 11:21,1,8/5/2025 17:33,,,,,,7,7/28/2025 11:21,,,0,7/15/2025 14:39,,,,,,,,,3.82,102.87,102.8699415,102.8699415,12.6,,,,,
25Hall_AY1,4/26/2025,15,1026,27,1,,1150110026,,AP Iconic,3,2025 AgriPro/Syngenta,1,,,,,,,,,,,,,,,,,,,,,,,,,,,,4.22,109.36,109.3638476,109.3638476,15.89,,,,,
25Lamb_AY1conv,4/15/2025,4,1026,31,2,,1040110026,,MN22406-1,52,MN16360/MN15320-1,1,12,,81.28,,,,,,,,,,0,,,,,,,,,,,6,7/17/2025 15:13,,,,62.51,68.70738091,68.70738091,,,,,,
25LeCen_AY1,4/11/2025,17,1026,27,1,,1170110026,,ND Thresher,58,2023 NDSU,1,,,,,0,7/4/2025 16:15,0,7/17/2025 9:04,,,,,,,,,,,,,,,,,,,,3.56,93.86,93.85626451,93.85626451,11.35,,,,,
25Oklee_AY1,4/26/2025,12,1026,38,1,,1120110026,,AP Iconic,3,2025 AgriPro/Syngenta,1,,,,,0,7/30/2025 11:49,,,,,,,,,,,,,,,,,,,,,,3.88,101.89,101.8914895,,14.77,,,,,
25Perl_AY1,4/21/2025,11,1026,27,1,,1110110026,,Dyna-Gro Rocker,20,2023 Nutrien Ag Solutions,1,,,,,4,7/28/2025 15:58,,,,,,,,5,7/28/2025 15:58,,,,,,,,,,,,,4.38,115.85,115.8450594,,14.16,,,,,
25Ros_AY1conv,4/25/2025,7,1026,27,1,,1070110026,,LCS Trigger,31,2016 Limagrain Cereal Seeds,1,28,,83.82,,,,,,,,,,,5,7/29/2025 15:29,,,,,,,,,,,,,4.11,104.97,104.9681779,104.9681779,17.11,,,,,
25Steph_AY1,4/27/2025,13,1026,27,1,,1130110026,,CP3099A,10,2020 Winfield Untied - Croplan,1,,,,,,,,,,,,,,,,,,,,,,,,,,,,4.68,124.52,124.5150628,,13.65,,,,,
25StP_C-9_AY1-3_URN-PEv2,4/16/2025,1,1026,7,4,,1010110026,,TCG-Zelda,68,2023 21st Century Genetics,1,16,6/16/2025 11:09,83.66666667,,0,6/17/2025 10:50,6,6/27/2025 10:01,2,7/3/2025 9:57,5,7/25/2025 11:20,,,,,,,,,,,,,,,,1.19,67.8,67.79931451,67.79931451,13.8,77.8,,,,
25Strath_AY1,5/8/2025,14,1026,27,1,,1140110026,nice,MN22429-2,53,MN16396/MN14227-4,1,,,,,0,7/30/2025 8:35,,,,,,,,,,6,7/30/2025 8:35,,,,,,,,,,,,113.81,113.81,113.81,,,,,,
25Was_AY1,1/1/2025,3,1026,27,1,,1030110026,,MN22322-2,48,MN15005/MN14223-5,1,19,,70,,0,7/17/2025 10:15,,,,,,,3,,,,,,,,,,,,,,,,51.59,51.59,51.59,,,,58.78,15.64,
25Beck_AY1,4/12/2025,9,1027,11,12,,1090110027,,Linkert,32,2013 MN,1,,,,,,,,,,,,,,,,,,,,,,,,,,,,2.14,55.53,55.52532866,55.52532866,15.79,,,58.4,13.81,
25Ben_AY1,4/18/2025,16,1027,28,1,,1160110027,,ND Thresher,58,2023 NDSU,1,,,,,0,7/15/2025 11:14,,,,,,,,,,,,1,7/15/2025 11:14,,,,,,,,,3.5,93.48,93.47611283,93.47611283,13.32,,,,,
25Crk_AY1_Conv,4/24/2025,6,1027,23,11,,1060110027,,CP3099A,10,2020 Winfield Untied - Croplan,1,,,,,,,2,8/4/2025 17:57,,,,,,,,,,,,,,,,,,,,,109.24,109.24,109.24,,0,,,,
25Ferg_AY1,4/21/2025,10,1027,28,1,,1100110027,,CP3555,12,2024 Winfield Untied - Croplan,1,,,,,2,7/28/2025 11:21,2,8/5/2025 17:33,,,,,,7,7/28/2025 11:22,,,0,7/15/2025 14:39,,,,,,,,,3.76,101.8,101.7986851,101.7986851,12.13,,,,,
25Hall_AY1,4/26/2025,15,1027,28,1,,1150110027,,LCS Cannon,27,2018 Limagrain Cereal Seeds,1,,,,,,,,,,,,,,,,,,,,,,,,,,,,3.96,102.25,102.2475479,102.2475479,16.2,,,,,
25Lamb_AY1conv,4/15/2025,4,1027,30,2,,1040110027,,LCS Rimfire,30,2025 Limagrain Cereal Seeds,1,12,,83.82,,,,,,,,,,0,,,,,,,,,,,3,7/17/2025 15:13,,,,75.01,62.51021844,62.51021844,,,,,,
25LeCen_AY1,4/11/2025,17,1027,28,1,,1170110027,,LCS Ascent,24,2022 Limagrain Cereal Seeds,1,,,,,0,7/4/2025 16:16,1,7/17/2025 9:05,,,,,,,,,,,,,,,,,,,,3.87,102.13,102.1275175,102.1275175,12.14,,,,,
25Oklee_AY1,4/26/2025,12,1027,39,1,,1120110027,,AP Dagr,1,2025 AgriPro/Syngenta,1,,,,,0,7/30/2025 11:49,,,,,,,,,,,,,,,,,,,,,,3.65,95.17,95.16551071,,15.38,,,,,
25Perl_AY1,4/21/2025,11,1027,28,1,,1110110027,,Knudson,23,long term check,1,,,,,6,7/28/2025 15:58,,,,,,,,4,7/28/2025 15:58,,,,,,,,,,,,,4.19,110.68,110.6778066,,14.27,,,,,
25Ros_AY1conv,4/25/2025,7,1027,28,1,,1070110027,,AP Elevate,2,2024 AgriPro/Syngenta,1,24,,76.2,,,,,,,,,,,9,7/29/2025 15:29,,,,,,,,,,,,,3.54,91.03,91.03226308,91.03226308,16.54,,,,,
25Steph_AY1,4/27/2025,13,1027,28,1,,1130110027,,ND Stampede,57,2024 NDSU,1,,,,,,,,,,,,,,,,,,,,,,,,,,,,4.6,120.42,120.416509,,15.04,,,,,
25StP_C-9_AY1-3_URN-PEv2,4/16/2025,1,1027,8,4,,1010110027,,Ascend-SD,6,2021 SD State University,1,19,6/20/2025 10:53,86.33333333,,4,6/17/2025 10:50,7,6/27/2025 10:01,4,7/3/2025 9:58,5,7/25/2025 11:20,,,,,,,,,,,,,,,,1.215,69.38,69.38428162,69.38428162,13.6,79.1,,,,
25Strath_AY1,5/8/2025,14,1027,28,1,,1140110027,,Knudson,23,long term check,1,,,,,1,7/30/2025 8:35,,,,,,,,,,4,7/30/2025 8:35,,,,,,,,,,,,101.99,101.99,101.99,,,,,,
25Was_AY1,1/1/2025,3,1027,28,1,,1030110027,,WB9590,72,2017 WestBred,1,10,,65,,0,7/17/2025 10:15,,,,,,,2,,,,,,,,,,,,,,,,55.04,55.04,55.04,,,,57.11,16.18,
25Beck_AY1,4/12/2025,9,1028,10,12,,1090110028,,Enhance-SD,21,2024 SD State University,1,,,,,,,,,,,,,,,,,,,,,,,,,,,,2.35,60.74,60.74237292,60.74237292,16.11,,,57.33,11.85,
25Ben_AY1,4/18/2025,16,1028,28,2,,1160110028,scabby,TCG-Wildcat,67,2020 21st Century Genetics,1,,,,,0,7/15/2025 11:15,,,,,,,,,,,,0,7/15/2025 11:15,,,,,,,,,3.27,85.36,85.3586223,85.3586223,15.28,,,,,
25Crk_AY1_Conv,4/24/2025,6,1028,22,11,,1060110028,dry,LCS Boom,25,2023 Limagrain Cereal Seeds,1,,,,,,,2,8/4/2025 17:57,,,,,,,,,,,,,,,,,,,,,94.81,94.81,94.81,,0,,,,
25Ferg_AY1,4/21/2025,10,1028,28,2,,1100110028,,ND Stampede,57,2024 NDSU,1,,,,,3,7/28/2025 11:22,3,8/5/2025 17:33,,,,,,8,7/28/2025 11:22,,,1,7/15/2025 14:39,,,,,,,,,4.28,114.36,114.3606817,114.3606817,13.28,,,,,
25Hall_AY1,4/26/2025,15,1028,28,2,,1150110028,,MN21263-3,40,MN15332/MN-Washburn-A//MN-Rothsay,1,,,,,,,,,,,,,,,,,,,,,,,,,,,,3.9,98.05,98.05471075,98.05471075,18.4,,,,,
25Lamb_AY1conv,4/15/2025,4,1028,29,2,,1040110028,,Linkert,32,2013 MN,1,13,,88.9,,,,,,,,,,0,,,,,,,,,,,4,7/17/2025 15:13,,,,59.97,75.01117764,75.01117764,,,,,,
25LeCen_AY1,4/11/2025,17,1028,28,2,,1170110028,,TCG-Arsenal,65,2024 21st Century Genetics,1,,,,,0,7/4/2025 16:16,1,7/17/2025 9:05,,,,,,,,,,,,,,,,,,,,3.42,90.14,90.14452208,90.14452208,13.04,,,,,
25Oklee_AY1,4/26/2025,12,1028,39,2,,1120110028,Late|better leaves,MN21263-3,40,MN15332/MN-Washburn-A//MN-Rothsay,1,,,,,0,7/30/2025 11:50,,,,,,,,,,,,,,,,,,,,,,4.19,105,104.9973873,,18.67,,,,,
25Perl_AY1,4/21/2025,11,1028,28,2,,1110110028,,LCS Ascent,24,2022 Limagrain Cereal Seeds,1,,,,,1,7/28/2025 15:58,,,,,,,,3,7/28/2025 15:59,,,,,,,,,,,,,4.84,127.15,127.1464934,,14.74,,,,,
25Ros_AY1conv,4/25/2025,7,1028,28,2,,1070110028,,CP3555,12,2024 Winfield Untied - Croplan,1,22,,76.2,,,,,,,,,,,7,7/29/2025 15:29,,,,,,,,,,,,,3.78,97.48,97.48346442,97.48346442,16.3,,,,,
25Steph_AY1,4/27/2025,13,1028,28,2,,1130110028,,MN-Torgy,35,2020 MN,1,,,,,,,,,,,,,,,,,,,,,,,,,,,,4.7,121.75,121.7454117,,15.93,,,,,
25StP_C-9_AY1-3_URN-PEv2,4/16/2025,1,1028,9,4,,1010110028,,CAG Recoil,9,2022 Champions Alliance Group Inc,1,21,6/23/2025 12:07,84,,0,6/17/2025 10:50,0,6/27/2025 10:01,0,7/3/2025 9:58,0,7/25/2025 11:20,,,,,,,,,,,,,,,,1.465,84.53,84.5323503,84.5323503,12.7,79.6,,,,
25Strath_AY1,5/8/2025,14,1028,28,2,,1140110028,,TCG-Zelda,68,2023 21st Century Genetics,1,,,,,1,7/30/2025 8:35,,,,,,,,,,7,7/30/2025 8:36,,,,,,,,,,,,111.85,111.85,111.85,,,,,,
25Was_AY1,1/1/2025,3,1028,29,1,,1030110028,nice,Dyna-Gro Ballistic,18,2018 Nutrien Ag Solutions,1,16,,80,,0,7/17/2025 10:15,,,,,,,3,,,,,,,,,,,,,,,,55.3,55.3,55.3,,,,57.74,15.26,
25Beck_AY1,4/12/2025,9,1029,9,12,,1090110029,,CP3678,13,2024 Winfield Untied - Croplan,1,,,,,,,,,,,,,,,,,,,,,,,,,,,,2.26,58.28,58.28376444,58.28376444,16.3,,,58.92,14.33,
25Ben_AY1,4/18/2025,16,1029,27,2,,1160110029,scabby,Dyna-Gro Rocker,20,2023 Nutrien Ag Solutions,1,,,,,0,7/15/2025 11:15,,,,,,,,,,,,1,7/15/2025 11:15,,,,,,,,,3.04,84.63,84.62826506,84.62826506,9.65,,,,,
25Crk_AY1_Conv,4/24/2025,6,1029,21,11,,1060110029,,TCG-Badlands,66,2023 21st Century Genetics,1,,,,,,,2,8/4/2025 17:57,,,,,,,,,,,,,,,,,,,,,111.19,111.19,111.19,,0,,,,
25Ferg_AY1,4/21/2025,10,1029,27,2,,1100110029,,MN22071-4,42,MN16024-6/MN15005-4,1,,,,,2,7/28/2025 11:22,2,8/5/2025 17:35,,,,,,6,7/28/2025 11:22,,,3,7/15/2025 14:39,,,,,,,,,3.68,98.78,98.78235657,98.78235657,12.88,,,,,
25Hall_AY1,4/26/2025,15,1029,27,2,,1150110029,,MN22341-1,49,MN15320-1/MN14105-7,1,,,,,,,,,,,,,,,,,,,,,,,,,,,,4.38,111.18,111.175629,111.175629,17.62,,,,,
25Lamb_AY1conv,4/15/2025,4,1029,28,2,,1040110029,,MN21090-4,37,MN14223-5/MN-Rothsay,1,13,,78.74,,,,,,,,,,0,,,,,,,,,,,5,7/17/2025 15:13,,,,73.31,59.96813871,59.96813871,,,,,,
25LeCen_AY1,4/11/2025,17,1029,27,2,,1170110029,,WB9479,71,2017 WestBred,1,,,,,0,7/4/2025 16:16,0,7/17/2025 9:05,,,,,,,,,,,,,,,,,,,,3.18,83.76,83.75844671,83.75844671,13.94,,,,,
25Oklee_AY1,4/26/2025,12,1029,38,2,,1120110029,,MS Cobra,55,"2022 Meridian Seeds, LLC",1,,,,,2,7/30/2025 11:50,,,,,,,,,,,,,,,,,,,,,,4.17,105.97,105.9737748,,17.52,,,,,
25Perl_AY1,4/21/2025,11,1029,27,2,,1110110029,,CP3915,14,2019 Winfield Untied - Croplan,1,,,,,0,7/28/2025 15:59,,,,,,,,5,7/28/2025 15:59,,,,,,,,,,,,,3.97,105.49,105.4904031,,13.76,,,,,
25Ros_AY1conv,4/25/2025,7,1029,27,2,,1070110029,,MN22406-1,52,MN16360/MN15320-1,1,21,,66.04,,,,,,,,,,,9,7/29/2025 15:30,,,,,,,,,,,,,3.21,83.26,83.25832145,83.25832145,15.82,,,,,
25Steph_AY1,4/27/2025,13,1029,27,2,,1130110029,,Shelly,62,2016 MN,1,,,,,,,,,,,,,,,,,,,,,,,,,,,,4.76,124.5,124.5022452,,15.11,,,,,
25StP_C-9_AY1-3_URN-PEv2,4/16/2025,1,1029,10,4,,1010110029,,SY Valda,64,2015 AgriPro/Syngenta,1,18,6/18/2025 13:10,80.33333333,,0,6/17/2025 10:50,6,6/27/2025 10:01,3,7/3/2025 9:58,6,7/25/2025 11:20,,,,,,,,,,,,,,,,1.22,69.99,69.99235908,69.99235908,13.2,80,,,,
25Strath_AY1,5/8/2025,14,1029,27,2,,1140110029,,CP3555,12,2024 Winfield Untied - Croplan,1,,,,,5,7/30/2025 8:36,,,,,,,,,,7,7/30/2025 8:36,,,,,,,,,,,,115.77,115.77,115.77,,,,,,
25Was_AY1,1/1/2025,3,1029,30,1,,1030110029,,Marshall,33,long term check,1,20,,75,,0,7/17/2025 10:15,,,,,,,2,,,,,,,,,,,,,clean,7/2/2025 12:16,,41.92,41.92,41.92,,,,54.49,15,
25Beck_AY1,4/12/2025,9,1030,8,12,,1090110030,,MN21089-4,36,MN14223-5/MN-Rothsay,1,,,,,,,,,,,,,,,,,,,,,,,,,,,,1.96,52.24,52.23792,52.23792,13.5,,,61.13,12.78,
25Ben_AY1,4/18/2025,16,1030,26,2,,1160110030,,MN22199-2,45,MN16360/MN15005,1,,,,,0,7/15/2025 11:15,,,,,,,,,,,,1,7/15/2025 11:15,,,,,,,,,3.91,102.15,102.1492282,102.1492282,15.21,,,,,
25Crk_AY1_Conv,4/24/2025,6,1030,20,11,,1060110030,,LCS Rimfire,30,2025 Limagrain Cereal Seeds,1,,,,,,,2,8/4/2025 17:57,,,,,,,,,,,,,,,,,,,,,92.21,92.21,92.21,,0,,,,
25Ferg_AY1,4/21/2025,10,1030,26,2,,1100110030,,Enhance-SD,21,2024 SD State University,1,,,,,0,7/28/2025 11:22,1,8/5/2025 17:35,,,,,,8,7/28/2025 11:22,,,2,7/15/2025 14:39,,,,,,,,,3.61,97.89,97.89328898,97.89328898,11.99,,,,,
25Hall_AY1,4/26/2025,15,1030,26,2,,1150110030,,LCS Trigger,31,2016 Limagrain Cereal Seeds,1,,,,,,,,,,,,,,,,,,,,,,,,,,,,5.07,128.16,128.1584683,128.1584683,17.96,,,,,
25Lamb_AY1conv,4/15/2025,4,1030,27,2,,1040110030,,MN22429-2,53,MN16396/MN14227-4,1,13,,88.9,,,,,,,,,,0,,,,,,,,,,,6,7/17/2025 15:13,,,,68.31,73.30672178,73.30672178,,,,,,
25LeCen_AY1,4/11/2025,17,1030,26,2,,1170110030,,MN22341-1,49,MN15320-1/MN14105-7,1,,,,,0,7/4/2025 16:16,0,7/17/2025 9:05,,,,,,,,,,,,,,,,,,,,3.45,90.94,90.93726127,90.93726127,12.45,,,,,
25Oklee_AY1,4/26/2025,12,1030,37,2,,1120110030,,LCS Dual,28,2021 Limagrain Cereal Seeds,1,,,,,0,7/30/2025 11:50,,,,,,,,,,,,,,,,,,,,,,4.3,109.15,109.1450239,,17.62,,,,,
25Perl_AY1,4/21/2025,11,1030,26,2,,1110110030,,LCS Hammer AX,29,2022 Limagrain Cereal Seeds,1,,,,,0,7/28/2025 15:59,,,,,,,,8,7/28/2025 15:59,,,,,,,,,,,,,4.09,107.41,107.4062351,,14.77,,,,,
25Ros_AY1conv,4/25/2025,7,1030,26,2,,1070110030,,MN22429-2,53,MN16396/MN14227-4,1,20,,81.28,,,,,,,,,,,9,7/29/2025 15:30,,,,,,,,,,,,,3.88,100.64,100.6362266,100.6362266,15.82,,,,,
25Steph_AY1,4/27/2025,13,1030,26,2,,1130110030,,MS Cobra,55,"2022 Meridian Seeds, LLC",1,,,,,,,,,,,,,,,,,,,,,,,,,,,,4.66,121.2,121.1974589,,15.59,,,,,
25StP_C-9_AY1-3_URN-PEv2,4/16/2025,1,1030,11,4,,1010110030,,AP Iconic,3,2025 AgriPro/Syngenta,1,18,6/18/2025 13:10,90.66666667,,0,6/17/2025 10:50,6,6/27/2025 10:02,3,7/3/2025 9:58,3,7/25/2025 11:20,,,,,,,,,,,,,,,,1.185,67.83,67.82773552,67.82773552,13.4,78.4,,,,
25Strath_AY1,5/8/2025,14,1030,26,2,,1140110030,Thin,PFS Muffins,60,2026 Peterson Farms Seed,1,,,,,0,7/30/2025 8:36,,,,,,,,,,5,7/30/2025 8:36,,,,,,,,,,,,95.48,95.48,95.48,,,,,,
25Was_AY1,1/1/2025,3,1030,31,1,,1030110030,,MN21089-4,36,MN14223-5/MN-Rothsay,1,16,,75,,0,7/17/2025 10:15,,,,,,,3,,,,,,,,,,,,,bls 1,7/2/2025 12:16,,49.12,49.12,49.12,,,,59.02,15.57,
25Beck_AY1,4/12/2025,9,1031,7,12,,1090110031,,MN21172-3,39,Bolles/MN-Rothsay,1,,,,,,,,,,,,,,,,,,,,,,,,,,,,2.2,56.23,56.22801711,56.22801711,17.05,,,58.16,12.41,
25Ben_AY1,4/18/2025,16,1031,25,2,,1160110031,,CP3678,13,2024 Winfield Untied - Croplan,1,,,,,0,7/15/2025 11:15,,,,,,,,,,,,0,7/15/2025 11:15,,,,,,,,,3.46,94.15,94.1455248,94.1455248,11.69,,,,,
25Crk_AY1_Conv,4/24/2025,6,1031,19,11,,1060110031,dry,TW Trailfire,70,2024 Thunder Seed,1,,,,,,,2,8/4/2025 17:57,,,,,,,,,,,,,,,,,,,,,96.29,96.29,96.29,,0,,,,
25Ferg_AY1,4/21/2025,10,1031,25,2,,1100110031,,CP3530,11,2022 Winfield Untied - Croplan,1,,,,,3,7/28/2025 11:22,3,8/5/2025 17:34,,,,,,6,7/28/2025 11:22,,,1,7/15/2025 14:40,,,,,,,,,3.98,107.3,107.3012601,107.3012601,12.5,,,,,
25Hall_AY1,4/26/2025,15,1031,25,2,,1150110031,,MN22342-2,50,MN16024-6/MN15119-2,1,,,,,,,,,,,,,,,,,,,,,,,,,,,,4.3,108.24,108.2440939,108.2440939,18.3,,,,,
25Lamb_AY1conv,4/15/2025,4,1031,26,2,,1040110031,,AP Smith,5,2021 AgriPro/Syngenta,1,15,,81.28,,,,,,,,,,0,,,,,,,,,,,2,7/17/2025 15:13,,,,66.94,68.30776043,68.30776043,,,,,,
25LeCen_AY1,4/11/2025,17,1031,25,2,,1170110031,,Dyna-Gro Ballistic,18,2018 Nutrien Ag Solutions,1,,,,,0,7/4/2025 16:16,3,7/17/2025 9:05,,,,,,,,,,,,,,,,,,,,3.78,99.74,99.74236347,99.74236347,13.31,,,,,
25Oklee_AY1,4/26/2025,12,1031,36,2,,1120110031,Late,LCS Buster,26,2020 Limagrain Cereal Seeds,1,,,,,2,7/30/2025 11:50,,,,,,,,,,,,,,,,,,,,,,4.97,121.37,121.3735777,,20.74,,,,,
25Perl_AY1,4/21/2025,11,1031,25,2,,1110110031,,Brawn-SD,7,2022 SD State University,1,,,,,2,7/28/2025 15:59,,,,,,,,6,7/28/2025 15:59,,,,,,,,,,,,,4.87,125.85,125.8488645,,16.13,,,,,
25Ros_AY1conv,4/25/2025,7,1031,25,2,,1070110031,,Dyna-Gro Commander,19,2019 Nutrien Ag Solutions,1,20,,78.74,,,,,,,,,,,9,7/29/2025 15:30,,,,,,,,,,,,,3.43,88.46,88.45721771,88.45721771,16.3,,,,,
25Steph_AY1,4/27/2025,13,1031,25,2,,1130110031,,LCS Rimfire,30,2025 Limagrain Cereal Seeds,1,,,,,,,,,,,,,,,,,,,,,,,,,,,,4.53,119.62,119.616949,,14.3,,,,,
25StP_C-9_AY1-3_URN-PEv2,4/16/2025,1,1031,11,5,,1010110031,,TW Trailfire,70,2024 Thunder Seed,1,12,6/12/2025 10:17,86,,6,6/17/2025 10:52,8,6/27/2025 10:04,5,7/3/2025 10:00,6,7/25/2025 11:22,,,,,,,,,,,,,,,,0.88,50.2,50.19547214,50.19547214,13.7,-,,,,
25Strath_AY1,5/8/2025,14,1031,25,2,,1140110031,,CP3678,13,2024 Winfield Untied - Croplan,1,,,,,1,7/30/2025 8:36,,,,,,,,,,6,7/30/2025 8:36,,,,,,,,,,,,86.6,86.6,86.6,,,,,,
25Was_AY1,1/1/2025,3,1031,32,1,,1030110031,,CAG Recoil,9,2022 Champions Alliance Group Inc,1,19,,70,,0,7/17/2025 10:15,,,,,,,3,,,,,,,,,,,,,,,,64.83,64.83,64.83,,,,58.07,15.58,
25Beck_AY1,4/12/2025,9,1032,6,12,,1090110032,,MN22341-1,49,MN15320-1/MN14105-7,1,,,,,,,,,,,,,,,,,,,,,,,,,,,,2.25,59.97,59.967,59.967,13.5,,,58.1,11.96,
25Ben_AY1,4/18/2025,16,1032,24,2,,1160110032,,AP Iconic,3,2025 AgriPro/Syngenta,1,,,,,0,7/15/2025 11:16,,,,,,,,,,,,0,7/15/2025 11:16,,,,,,,,,3.97,107.07,107.0683555,107.0683555,12.47,,,,,
25Crk_AY1_Conv,4/24/2025,6,1032,18,11,,1060110032,,AP Dagr,1,2025 AgriPro/Syngenta,1,,,,,,,2,8/4/2025 17:57,,,,,,,,,,,,,,,,,,,,,102.24,102.24,102.24,,0,,,,
25Ferg_AY1,4/21/2025,10,1032,24,2,,1100110032,,SY 611 CL2,63,2019 AgriPro/Syngenta,1,,,,,3,7/28/2025 11:22,3,8/5/2025 17:34,,,,,,6,7/28/2025 11:22,,,1,7/15/2025 14:40,,,,,,,,,3.68,99.71,99.71212622,99.71212622,12.06,,,,,
25Hall_AY1,4/26/2025,15,1032,24,2,,1150110032,,Dyna-Gro 8582,16,2024 Nutrien Ag Solutions,1,,,,,,,,,,,,,,,,,,,,,,,,,,,,4.19,109.37,109.3738922,109.3738922,15.28,,,,,
25Lamb_AY1conv,4/15/2025,4,1032,25,2,,1040110032,,Glenn,22,long term check,1,12,,91.44,,,,,,,,,,0,,,,,,,,,,,4,7/17/2025 15:13,,,,54.76,66.93693633,66.93693633,,,,,,
25LeCen_AY1,4/11/2025,17,1032,24,2,,1170110032,broken straw,Brawn-SD,7,2022 SD State University,1,,,,,3,7/4/2025 16:16,7,7/17/2025 9:05,,,,,,,,,,,,,,,,,,,,3.26,85.89,85.88517318,85.88517318,13.47,,,,,
25Oklee_AY1,4/26/2025,12,1032,35,2,,1120110032,,ND Thresher,58,2023 NDSU,1,,,,,1,7/30/2025 11:50,,,,,,,,,,,,,,,,,,,,,,3.97,104.62,104.6219176,,14.47,,,,,
25Perl_AY1,4/21/2025,11,1032,24,2,,1110110032,,ND Stampede,57,2024 NDSU,1,,,,,0,7/28/2025 15:59,,,,,,,,6,7/28/2025 15:59,,,,,,,,,,,,,4.56,119.83,119.8330613,,14.71,,,,,
25Ros_AY1conv,4/25/2025,7,1032,24,2,,1070110032,,MN-Rothsay,34,2022 MN,1,27,,76.2,,,,,,,,,,,4,7/29/2025 15:30,,,,,,,,,,,,,4.11,104.7,104.7022433,104.7022433,17.32,,,,,
25Steph_AY1,4/27/2025,13,1032,24,2,,1130110032,,MN21263-3,40,MN15332/MN-Washburn-A//MN-Rothsay,1,,,,,,,,,,,,,,,,,,,,,,,,,,,,4.47,115.94,115.9391579,,15.82,,,,,
25StP_C-9_AY1-3_URN-PEv2,4/16/2025,1,1032,10,5,,1010110032,,Glenn,22,long term check,1,12,6/12/2025 10:17,91.33333333,,3,6/17/2025 10:53,6,6/27/2025 10:05,3,7/3/2025 10:00,3,7/25/2025 11:22,,,,,,,,,,,,,,,,1.015,57.9,57.89591389,57.89591389,13.7,-,,,,
25Strath_AY1,5/8/2025,14,1032,24,2,,1140110032,,MN21089-4,36,MN14223-5/MN-Rothsay,1,,,,,1,7/30/2025 8:36,,,,,,,,,,5,7/30/2025 8:36,,,,,,,,,,,,108.09,108.09,108.09,,,,,,
25Was_AY1,1/1/2025,3,1032,33,1,,1030110032,,LCS Ascent,24,2022 Limagrain Cereal Seeds,1,X,,X,,0,7/17/2025 10:16,,,,,,,X,,,,,,,,,,,,,plots 32 and 41 got planted together in plot 32 so both of those have no data.,,,-,-,-,,,,NA,NA,
25Beck_AY1,4/12/2025,9,1033,5,12,,1090110033,,Dyna-Gro Rocker,20,2023 Nutrien Ag Solutions,1,,,,,,,,,,,,,,,,,,,,,,,,,,,,2.86,76.22,76.22472,76.22472,13.5,,,58.56,13.6,
25Ben_AY1,4/18/2025,16,1033,23,2,,1160110033,,AP Murdock,4,2020 AgriPro/Syngenta,1,,,,,0,7/15/2025 11:16,,,,,,,,,,,,0,7/15/2025 11:16,,,,,,,,,3.72,98.31,98.30872126,98.30872126,14.23,,,,,
25Crk_AY1_Conv,4/24/2025,6,1033,17,11,,1060110033,,CP3530,11,2022 Winfield Untied - Croplan,1,,,,,,,3,8/4/2025 17:57,,,,,,,,,,,,,,,,,,,,,105.38,105.38,105.38,,0,,,,
25Ferg_AY1,4/21/2025,10,1033,23,2,,1100110033,,Ascend-SD,6,2021 SD State University,1,,,,,2,7/28/2025 11:22,3,8/5/2025 17:35,,,,,,7,7/28/2025 11:23,,,0,7/15/2025 14:40,,,,,,,,,4.06,107.81,107.8068162,107.8068162,13.82,,,,,
25Hall_AY1,4/26/2025,15,1033,23,2,,1150110033,,NDHRS15-0006-C46,59,2025 NDSU,1,,,,,,,,,,,,,,,,,,,,,,,,,,,,4.15,107.46,107.4602478,107.4602478,15.96,,,,,
25Lamb_AY1conv,4/15/2025,4,1033,24,2,,1040110033,,AP Dagr,1,2025 AgriPro/Syngenta,1,15,,81.28,,,,,,,,,,0,,,,,,,,,,,3,7/17/2025 15:13,,,,79.39,54.75785086,54.75785086,,,,,,
25LeCen_AY1,4/11/2025,17,1033,23,2,,1170110033,Late,PFS Muffins,60,2026 Peterson Farms Seed,1,,,,,0,7/4/2025 16:16,5,7/17/2025 9:05,,,,,,,,,,,,,,,,,,,,3.46,91.21,91.21245179,91.21245179,13.2,,,,,
25Oklee_AY1,4/26/2025,12,1033,34,2,,1120110033,,LCS Ascent,24,2022 Limagrain Cereal Seeds,1,,,,,2,7/30/2025 11:50,,,,,,,,,,,,,,,,,,,,,,4.22,109.36,109.3638476,,15.89,,,,,
25Perl_AY1,4/21/2025,11,1033,23,2,,1110110033,,ND Thresher,58,2023 NDSU,1,,,,,0,7/28/2025 15:59,,,,,,,,5,7/28/2025 15:59,,,,,,,,,,,,,4.24,113.07,113.0698005,,13.45,,,,,
25Ros_AY1conv,4/25/2025,7,1033,23,2,,1070110033,,AP Murdock,4,2020 AgriPro/Syngenta,1,21,,78.74,,,,,,,,,,,8,7/29/2025 15:30,,,,,,,,,,,,,3.9,101.64,101.6356303,101.6356303,15.42,,,,,
25Steph_AY1,4/27/2025,13,1033,23,2,,1130110033,,TCG-Badlands,66,2023 21st Century Genetics,1,,,,,,,,,,,,,,,,,,,,,,,,,,,,4.36,113.91,113.9055333,,15.21,,,,,
25StP_C-9_AY1-3_URN-PEv2,4/16/2025,1,1033,9,5,,1010110033,,Dyna-Gro Ballistic,18,2018 Nutrien Ag Solutions,1,18,6/18/2025 13:13,86.66666667,,0,6/17/2025 10:53,8,6/27/2025 10:05,4,7/3/2025 10:00,6,7/25/2025 11:23,,,,,,,,,,,,,,,,1.48,85.01,85.00658462,85.00658462,13.1,80,,,,
25Strath_AY1,5/8/2025,14,1033,23,2,,1140110033,,Enhance-SD,21,2024 SD State University,1,,,,,0,7/30/2025 8:36,,,,,,,,,,7,7/30/2025 8:37,,,,,,,,,,,,114.73,114.73,114.73,,,,,,
25Was_AY1,1/1/2025,3,1033,34,1,,1030110033,,MN22356-2,51,MN15530-4/MN15005-4,1,13,,75,,0,7/17/2025 10:16,,,,,,,3,,,,,,,,,,,,,longer plot,7/2/2025 12:16,,66.02,66.02,66.02,,,,59.45,13.78,
25Beck_AY1,4/12/2025,9,1034,4,12,,1090110034,,CAG Recoil,9,2022 Champions Alliance Group Inc,1,,,,,,,,,,,,,,,,,,,,,,,,,,,,2.8,73.12,73.12446076,73.12446076,15.24,,,NA,NA,CLOG
25Ben_AY1,4/18/2025,16,1034,22,2,,1160110034,,Dyna-Gro Ballistic,18,2018 Nutrien Ag Solutions,1,,,,,0,7/15/2025 11:16,,,,,,,,,,,,2,7/15/2025 11:16,,,,,,,,,3.88,100.59,100.588407,100.588407,15.86,,,,,
25Crk_AY1_Conv,4/24/2025,6,1034,16,11,,1060110034,,MN22341-1,49,MN15320-1/MN14105-7,1,,,,,,,2,8/4/2025 17:57,,,,,,,,,,,,,,,,,,,,,107.7,107.7,107.7,,0,,,,
25Ferg_AY1,4/21/2025,10,1034,22,2,,1100110034,,Glenn,22,long term check,1,,,,,0,7/28/2025 11:23,1,8/5/2025 17:36,,,,,,7,7/28/2025 11:23,,,1,7/15/2025 14:40,,,,,,,,,3.4,91.41,91.41297073,91.41297073,12.74,,,,,
25Hall_AY1,4/26/2025,15,1034,22,2,,1150110034,,ND Stampede,57,2024 NDSU,1,,,,,,,,,,,,,,,,,,,,,,,,,,,,4.26,108.62,108.6153732,108.6153732,17.25,,,,,
25Lamb_AY1conv,4/15/2025,4,1034,23,2,,1040110034,,TCG-Badlands,66,2023 21st Century Genetics,1,13,,78.74,,,,,,,,,,0,,,,,,,,,,,5,7/17/2025 15:13,,,,73.72,79.39204616,79.39204616,,,,,,
25LeCen_AY1,4/11/2025,17,1034,22,2,,1170110034,,LCS Dual,28,2021 Limagrain Cereal Seeds,1,,,,,0,7/4/2025 16:16,0,7/17/2025 9:05,,,,,,,,,,,,,,,,,,,,2.92,76.82,76.82488046,76.82488046,13.59,,,,,
25Oklee_AY1,4/26/2025,12,1034,33,2,,1120110034,,Dyna-Gro Rocker,20,2023 Nutrien Ag Solutions,1,,,,,1,7/30/2025 11:51,,,,,,,,,,,,,,,,,,,,,,3.84,99.31,99.31478034,,16.06,,,,,
25Perl_AY1,4/21/2025,11,1034,22,2,,1110110034,,LCS Cannon,27,2018 Limagrain Cereal Seeds,1,,,,,0,7/28/2025 15:59,,,,,,,,8,7/28/2025 15:59,,,,,,,,,,,,,3.94,102.14,102.1438978,,15.86,,,,,
25Ros_AY1conv,4/25/2025,7,1034,22,2,,1070110034,,ND Thresher,58,2023 NDSU,1,27,,81.28,,,,,,,,,,,8,7/29/2025 15:30,,,,,,,,,,,,,3.4,89.11,89.10826599,89.10826599,14.94,,,,,
25Steph_AY1,4/27/2025,13,1034,22,2,,1130110034,,Driver,15,2019 SD State University,1,,,,,,,,,,,,,,,,,,,,,,,,,,,,4.67,119.9,119.9035274,,16.67,,,,,
25StP_C-9_AY1-3_URN-PEv2,4/16/2025,1,1034,8,5,,1010110034,,Dyna-Gro 8582,16,2024 Nutrien Ag Solutions,1,12,6/12/2025 10:17,84.66666667,,0,6/17/2025 10:53,6,6/27/2025 10:05,2,7/3/2025 10:00,5,7/25/2025 11:23,,,,,,,,,,,,,,,,1.395,80.03,80.03224665,80.03224665,13.2,79.2,,,,
25Strath_AY1,5/8/2025,14,1034,22,2,,1140110034,,SY 611 CL2,63,2019 AgriPro/Syngenta,1,,,,,2,7/30/2025 8:37,,,,,,,,,,6,7/30/2025 8:37,,,,,,,,,,,,106.92,106.92,106.92,,,,,,
25Was_AY1,1/1/2025,3,1034,35,1,,1030110034,,AP Murdock,4,2020 AgriPro/Syngenta,1,13,,70,,0,7/17/2025 10:16,,,,,,,4,,,,,,,,,,,,,,,,52.67,52.67,52.67,,,,58.29,14.43,
25Beck_AY1,4/12/2025,9,1035,3,12,,1090110035,,PFS Rolls,61,2025 Peterson Farms Seed,1,,,,,,,,,,,,,,,,,,,,,,,,,,,,2.62,67.34,67.3418703,67.3418703,16.58,,,57.74,12.14,
25Ben_AY1,4/18/2025,16,1035,21,2,,1160110035,,CP3915,14,2019 Winfield Untied - Croplan,1,,,,,0,7/15/2025 11:16,,,,,,,,,,,,1,7/15/2025 11:16,,,,,,,,,3.55,99.19,99.18672749,99.18672749,9.32,,,,,
25Crk_AY1_Conv,4/24/2025,6,1035,15,11,,1060110035,,Brawn-SD,7,2022 SD State University,1,,,,,,,2,8/4/2025 17:57,,,,,,,,,,,,,,,,,,,,,105.89,105.89,105.89,,0,,,,
25Ferg_AY1,4/21/2025,10,1035,21,2,,1100110035,,CP3678,13,2024 Winfield Untied - Croplan,1,,,,,3,7/28/2025 11:23,4,8/5/2025 17:36,,,,,,7,7/28/2025 11:23,,,1,7/15/2025 14:40,,,,,,,,,3.52,95.82,95.82148883,95.82148883,11.65,,,,,
25Hall_AY1,4/26/2025,15,1035,21,2,,1150110035,,SY Valda,64,2015 AgriPro/Syngenta,1,,,,,,,,,,,,,,,,,,,,,,,,,,,,3.6,91.94,91.94292957,91.94292957,17.11,,,,,
25Lamb_AY1conv,4/15/2025,4,1035,22,2,,1040110035,,MN22342-2,50,MN16024-6/MN15119-2,1,14,,86.36,,,,,,,,,,0,,,,,,,,,,,4,7/17/2025 15:13,,,,65.03,73.71718262,73.71718262,,,,,,
25LeCen_AY1,4/11/2025,17,1035,21,2,,1170110035,,Glenn,22,long term check,1,,,,,0,7/4/2025 16:16,1,7/17/2025 9:05,,,,,,,,,,,,,,,,,,,,2.38,62.43,62.42597965,62.42597965,13,,,,,
25Oklee_AY1,4/26/2025,12,1035,32,2,,1120110035,,CP3530,11,2022 Winfield Untied - Croplan,1,,,,,0,7/30/2025 11:51,,,,,,,,,,,,,,,,,,,,,,3.7,95.97,95.96753563,,15.82,,,,,
25Perl_AY1,4/21/2025,11,1035,21,2,,1110110035,,TW Olympic,69,2022 Thunder Seed,1,,,,,0,7/28/2025 15:59,,,,,,,,7,7/28/2025 15:59,,,,,,,,,,,,,4.45,114.72,114.7211461,,16.33,,,,,
25Ros_AY1conv,4/25/2025,7,1035,21,2,,1070110035,,TW Trailfire,70,2024 Thunder Seed,1,22,,81.28,,,,,,,,,,,6,7/29/2025 15:30,,,,,,,,,,,,,3.79,96.88,96.87721615,96.87721615,17.04,,,,,
25Steph_AY1,4/27/2025,13,1035,21,2,,1130110035,,AP Elevate,2,2024 AgriPro/Syngenta,1,,,,,,,,,,,,,,,,,,,,,,,,,,,,4.5,117.6,117.604646,,15.18,,,,,
25StP_C-9_AY1-3_URN-PEv2,4/16/2025,1,1035,7,5,,1010110035,,MN-Torgy,35,2020 MN,1,17,6/18/2025 13:13,87.66666667,,1,6/17/2025 10:53,7,6/27/2025 10:05,4,7/3/2025 10:00,4,7/25/2025 11:23,,,,,,,,,,,,,,,,1.035,59.04,59.03672007,59.03672007,13.7,-,,,,
25Strath_AY1,5/8/2025,14,1035,21,2,,1140110035,,LCS Buster,26,2020 Limagrain Cereal Seeds,1,,,,,2,7/30/2025 8:37,,,,,,,,,,6,7/30/2025 8:37,,,,,,,,,,,,120.92,120.92,120.92,,,,,,
25Was_AY1,1/1/2025,3,1035,36,1,,1030110035,,Brawn-SD,7,2022 SD State University,1,16,,85,,0,7/17/2025 10:16,,,,,,,3,,,,,,,,,,,,,,,,75.73,75.73,75.73,,,,59.93,13.93,
25Beck_AY1,4/12/2025,9,1036,2,12,,1090110036,Late,MN-Rothsay,34,2022 MN,1,,,,,,,,,,,,,,,,,,,,,,,,,,,,2.32,59.72,59.7167485,59.7167485,16.46,,,58.64,13.77,
25Ben_AY1,4/18/2025,16,1036,20,2,,1160110036,,Marshall,33,long term check,1,,,,,0,7/15/2025 11:16,,,,,,,,,,,,1,7/15/2025 11:17,,,,,,,,,3.17,85.66,85.65891177,85.65891177,12.3,,,,,
25Crk_AY1_Conv,4/24/2025,6,1036,14,11,,1060110036,,CP3678,13,2024 Winfield Untied - Croplan,1,,,,,,,1,8/4/2025 17:57,,,,,,,,,,,,,,,,,,,,,102.52,102.52,102.52,,0,,,,
25Ferg_AY1,4/21/2025,10,1036,20,2,,1100110036,,MN22356-2,51,MN15530-4/MN15005-4,1,,,,,0,7/28/2025 11:23,0,8/5/2025 17:36,,,,,,7,7/28/2025 11:23,,,1,7/15/2025 14:40,,,,,,,,,3.76,99.96,99.95664677,99.95664677,13.72,,,,,
25Hall_AY1,4/26/2025,15,1036,20,2,,1150110036,,MN21385-1,41,Linkert-gpcB1/MN-Washburn-A//MN13479-8,1,,,,,,,,,,,,,,,,,,,,,,,,,,,,4.32,107.35,107.3499424,107.3499424,19.35,,,,,
25Lamb_AY1conv,4/15/2025,4,1036,21,2,,1040110036,,CP3915,14,2019 Winfield Untied - Croplan,1,14,,93.98,,,,,,,,,,0,,,,,,,,,,,4,7/17/2025 15:13,,,,35.35,65.02654361,65.02654361,,,,,,
25LeCen_AY1,4/11/2025,17,1036,20,2,,1170110036,,Shelly,62,2016 MN,1,,,,,0,7/4/2025 16:17,2,7/17/2025 9:05,,,,,,,,,,,,,,,,,,,,3.22,84.81,84.80915098,84.80915098,12.61,,,,,
25Oklee_AY1,4/26/2025,12,1036,31,2,,1120110036,Mechanical,MN21089-4,36,MN14223-5/MN-Rothsay,1,,,,,0,7/30/2025 11:51,,,,,,,,,,,,,,,,,,,,,,3.04,74.68,,,20.27,,,,,
25Perl_AY1,4/21/2025,11,1036,20,2,,1110110036,,MN22406-1,52,MN16360/MN15320-1,1,,,,,0,7/28/2025 15:59,,,,,,,,8,7/28/2025 15:59,,,,,,,,,,,,,4.16,109.32,109.3213893,,14.71,,,,,
25Ros_AY1conv,4/25/2025,7,1036,20,2,,1070110036,,LCS Cannon,27,2018 Limagrain Cereal Seeds,1,20,,78.74,,,,,,,,,,,8,7/29/2025 15:30,,,,,,,,,,,,,3.76,94.45,94.45370203,94.45370203,18.47,,,,,
25Steph_AY1,4/27/2025,13,1036,20,2,,1130110036,nice,MN22341-1,49,MN15320-1/MN14105-7,1,,,,,,,,,,,,,,,,,,,,,,,,,,,,4.82,125.31,125.3141915,,15.62,,,,,
25StP_C-9_AY1-3_URN-PEv2,4/16/2025,1,1036,6,5,,1010110036,,MN22356-2,51,MN15530-4/MN15005-4,1,14,6/13/2025 13:31,78.66666667,,0,6/17/2025 10:53,5,6/27/2025 10:05,2,7/3/2025 10:00,2,7/25/2025 11:23,,,,,,,,,,,,,,,,1.265,71.99,71.9887699,71.9887699,13.9,79.8,,,,
25Strath_AY1,5/8/2025,14,1036,20,2,,1140110036,,CP3530,11,2022 Winfield Untied - Croplan,1,,,,,3,7/30/2025 8:37,,,,,,,,,,7,7/30/2025 8:37,,,,,,,,,,,,117.93,117.93,117.93,,,,,,
25Was_AY1,1/1/2025,3,1036,37,1,,1030110036,,Ascend-SD,6,2021 SD State University,1,17,,90,,1,7/17/2025 10:16,,,,,,,3,,,,,,,,,,,,,,,,75.18,75.18,75.18,,,,59.45,14.59,
25Beck_AY1,4/12/2025,9,1037,2,13,,1090110037,,MN22314-2,47,MN15482-4/MN10201-4-A,1,,,,,,,,,,,,,,,,,,,,,,,,,,,,2.27,58.54,58.5416572,58.5416572,16.3,,,NA,NA,CLOG
25Ben_AY1,4/18/2025,16,1037,19,2,,1160110037,,Brawn-SD,7,2022 SD State University,1,,,,,1,7/15/2025 11:17,,,,,,,,,,,,0,7/15/2025 11:17,,,,,,,,,3.8,99.86,99.86088444,99.86088444,14.71,,,,,
25Crk_AY1_Conv,4/24/2025,6,1037,13,11,,1060110037,,MN21263-3,40,MN15332/MN-Washburn-A//MN-Rothsay,1,,,,,,,2,8/4/2025 17:57,,,,,,,,,,,,,,,,,,,,,102.33,102.33,102.33,,0,,,,
25Ferg_AY1,4/21/2025,10,1037,19,2,,1100110037,,LCS Buster,26,2020 Limagrain Cereal Seeds,1,,,,,0,7/28/2025 11:23,2,8/5/2025 17:36,,,,,,8,7/28/2025 11:23,,,1,7/15/2025 14:40,,,,,,,,,3.16,87.24,87.23862049,87.23862049,10.4,,,,,
25Hall_AY1,4/26/2025,15,1037,19,2,,1150110037,,Knudson,23,long term check,1,,,,,,,,,,,,,,,,,,,,,,,,,,,,3.61,92.91,92.9101969,92.9101969,16.47,,,,,
25Lamb_AY1conv,4/15/2025,4,1037,21,3,,1040110037,,CP3555,12,2024 Winfield Untied - Croplan,1,13,,86.36,,,,,,,,,,0,,,,,,,,,,,3,7/17/2025 15:13,,,,65.55,,,,,,,,
25LeCen_AY1,4/11/2025,17,1037,19,2,,1170110037,,TW Trailfire,70,2024 Thunder Seed,1,,,,,0,7/4/2025 16:17,3,7/17/2025 9:05,,,,,,,,,,,,,,,,,,,,3.02,79.49,79.48603422,79.48603422,13.24,,,,,
25Oklee_AY1,4/26/2025,12,1037,30,2,,1120110037,,WB9590,72,2017 WestBred,1,,,,,0,7/30/2025 11:51,,,,,,,,,,,,,,,,,,,,,,3.82,99.55,99.55079689,,15.42,,,,,
25Perl_AY1,4/21/2025,11,1037,19,2,,1110110037,,MN21168-1,38,10FAR-3134-1/MN14223-5,1,,,,,0,7/28/2025 15:59,,,,,,,,5,7/28/2025 15:59,,,,,,,,,,,,,4.78,124.07,124.0680487,,15.76,,,,,
25Ros_AY1conv,4/25/2025,7,1037,19,2,,1070110037,,MN22341-1,49,MN15320-1/MN14105-7,1,26,,68.58,,,,,,,,,,,5,7/29/2025 15:30,,,,,,,,,,,,,3.62,91.47,91.47219055,91.47219055,17.99,,,,,
25Steph_AY1,4/27/2025,13,1037,19,2,,1130110037,,MN21172-3,39,Bolles/MN-Rothsay,1,,,,,,,,,,,,,,,,,,,,,,,,,,,,4.42,115.55,115.5547529,,15.15,,,,,
25StP_C-9_AY1-3_URN-PEv2,4/16/2025,1,1037,5,5,,1010110037,,MN22154-1,44,BW980/MN10201-4-A//MN15005,1,17,6/18/2025 13:14,79,,0,6/17/2025 10:53,8,6/27/2025 10:05,4,7/3/2025 10:00,6,7/25/2025 11:23,,,,,,,,,,,,,,,,1.275,72.31,72.30503627,72.30503627,14.2,78.3,,,,
25Strath_AY1,5/8/2025,14,1037,19,2,,1140110037,,CP3099A,10,2020 Winfield Untied - Croplan,1,,,,,1,7/30/2025 8:37,,,,,,,,,,6,7/30/2025 8:37,,,,,,,,,,,,113.01,113.01,113.01,,,,,,
25Was_AY1,1/1/2025,3,1037,37,2,,1030110037,,TCG-Zelda,68,2023 21st Century Genetics,1,17,,80,,0,7/17/2025 10:16,,,,,,,3,,,,,,,,,,,,,,,,53.7,53.7,53.7,,,,58.89,15.46,
25Beck_AY1,4/12/2025,9,1038,3,13,,1090110038,,TW Olympic,69,2022 Thunder Seed,1,,,,,,,,,,,,,,,,,,,,,,,,,,,,2.78,70.48,70.47787095,70.47787095,17.72,,,59.39,12.94,
25Ben_AY1,4/18/2025,16,1038,18,2,,1160110038,,MN21089-4,36,MN14223-5/MN-Rothsay,1,,,,,0,7/15/2025 11:17,,,,,,,,,,,,0,7/15/2025 11:17,,,,,,,,,3.7,94.95,94.95291094,94.95291094,16.71,,,,,
25Crk_AY1_Conv,4/24/2025,6,1038,12,11,,1060110038,,Enhance-SD,21,2024 SD State University,1,,,,,,,2,8/4/2025 17:57,,,,,,,,,,,,,,,,,,,,,84.02,84.02,84.02,,0,,,,
25Ferg_AY1,4/21/2025,10,1038,18,2,,1100110038,,CP3099A,10,2020 Winfield Untied - Croplan,1,,,,,0,7/28/2025 11:23,1,8/5/2025 17:36,,,,,,7,7/28/2025 11:23,,,2,7/15/2025 14:40,,,,,,,,,3.22,90.17,90.1749006,90.1749006,9.11,,,,,
25Hall_AY1,4/26/2025,15,1038,18,2,,1150110038,,LCS Buster,26,2020 Limagrain Cereal Seeds,1,,,,,,,,,,,,,,,,,,,,,,,,,,,,4.99,128.32,128.3194895,128.3194895,16.54,,,,,
25Lamb_AY1conv,4/15/2025,4,1038,22,3,,1040110038,,MN21263-3,40,MN15332/MN-Washburn-A//MN-Rothsay,1,15,,76.2,,,,,,,,,,0,,,,,,,,,,,3,7/17/2025 15:14,,,,70.45,65.55415379,65.55415379,,,,,,
25LeCen_AY1,4/11/2025,17,1038,18,2,,1170110038,broken straw,MN22429-2,53,MN16396/MN14227-4,1,,,,,0,7/4/2025 16:17,0,7/17/2025 9:05,,,,,,,,,,,,,,,,,,,,2.79,73.36,73.35873318,73.35873318,13.47,,,,,
25Oklee_AY1,4/26/2025,12,1038,29,2,,1120110038,,TW Olympic,69,2022 Thunder Seed,1,,,,,0,7/30/2025 11:51,,,,,,,,,,,,,,,,,,,,,,4.2,104.06,104.057419,,19.59,,,,,
25Perl_AY1,4/21/2025,11,1038,18,2,,1110110038,,MN22071-4,42,MN16024-6/MN15005-4,1,,,,,1,7/28/2025 15:59,,,,,,,,3,7/28/2025 15:59,,,,,,,,,,,,,4.55,117.3,117.2991494,,16.33,,,,,
25Ros_AY1conv,4/25/2025,7,1038,18,2,,1070110038,,Dyna-Gro Ambush,17,2017 Nutrien Ag Solutions,1,23,,81.28,,,,,,,,,,,8,7/29/2025 15:30,,,,,,,,,,,,,3.95,98.93,98.93453487,98.93453487,18.71,,,,,
25Steph_AY1,4/27/2025,13,1038,18,2,,1130110038,,AP Smith,5,2021 AgriPro/Syngenta,1,,,,,,,,,,,,,,,,,,,,,,,,,,,,4.03,104.65,104.6509729,,15.72,,,,,
25StP_C-9_AY1-3_URN-PEv2,4/16/2025,1,1038,4,5,,1010110038,,PFS Rolls,61,2025 Peterson Farms Seed,1,18,6/18/2025 13:14,85,,0,6/17/2025 10:53,4,6/27/2025 10:05,3,7/3/2025 10:01,2,7/25/2025 11:23,,,,,,,,,,,,,,,,1.2,67.89,67.89316994,67.89316994,14.4,76.1,,,,
25Strath_AY1,5/8/2025,14,1038,18,2,,1140110038,,MN21172-3,39,Bolles/MN-Rothsay,1,,,,,1,7/30/2025 8:37,,,,,,,,,,3,7/30/2025 8:37,,,,,,,,,,,,107.44,107.44,107.44,,,,,,
25Was_AY1,1/1/2025,3,1038,36,2,,1030110038,,TW Trailfire,70,2024 Thunder Seed,1,12,,80,,1,7/17/2025 10:16,,,,,,,3,,,,,,,,,,,,,,,,53.05,53.05,53.05,,,,57.63,15.53,
25Beck_AY1,4/12/2025,9,1039,4,13,,1090110039,,AP Murdock,4,2020 AgriPro/Syngenta,1,,,,,,,,,,,,,,,,,,,,,,,,,,,,2.52,66.27,66.27012097,66.27012097,14.65,,,56.38,13.53,
25Ben_AY1,4/18/2025,16,1039,17,2,,1160110039,,PFS Muffins,60,2026 Peterson Farms Seed,1,,,,,0,7/15/2025 11:17,,,,,,,,,,,,0,7/15/2025 11:17,,,,,,,,,3.61,96.54,96.53628623,96.53628623,13.21,,,,,
25Crk_AY1_Conv,4/24/2025,6,1039,11,11,,1060110039,,MN22071-4,42,MN16024-6/MN15005-4,1,,,,,,,2,8/4/2025 17:57,,,,,,,,,,,,,,,,,,,,,107.25,107.25,107.25,,0,,,,
25Ferg_AY1,4/21/2025,10,1039,17,2,,1100110039,,MS Charger,54,"2023 Meridian Seeds, LLC",1,,,,,5,7/28/2025 11:23,6,8/5/2025 17:36,,,,,,7,7/28/2025 11:24,,,0,7/15/2025 14:40,,,,,,,,,4,106.76,106.7558955,106.7558955,13.38,,,,,
25Hall_AY1,4/26/2025,15,1039,17,2,,1150110039,,MN21172-3,39,Bolles/MN-Rothsay,1,,,,,,,,,,,,,,,,,,,,,,,,,,,,3.92,98.03,98.02611762,98.02611762,18.84,,,,,
25Lamb_AY1conv,4/15/2025,4,1039,23,3,,1040110039,,MN-Torgy,35,2020 MN,1,13,,88.9,,,,,,,,,,0,,,,,,,,,,,4,7/17/2025 15:14,,,,65.87,70.44504529,70.44504529,,,,,,
25LeCen_AY1,4/11/2025,17,1039,17,2,,1170110039,Short,MN22406-1,52,MN16360/MN15320-1,1,,,,,0,7/4/2025 16:17,0,7/17/2025 9:05,,,,,,,,,,,,,,,,,,,,3.04,80.02,80.01988347,80.01988347,13.31,,,,,
25Oklee_AY1,4/26/2025,12,1039,28,2,,1120110039,,MN22356-2,51,MN15530-4/MN15005-4,1,,,,,0,7/30/2025 11:51,,,,,,,,,,,,,,,,,,,,,,4.03,100.6,100.6030117,,18.98,,,,,
25Perl_AY1,4/21/2025,11,1039,17,2,,1110110039,,Dyna-Gro Ambush,17,2017 Nutrien Ag Solutions,1,,,,,0,7/28/2025 15:59,,,,,,,,6,7/28/2025 15:59,,,,,,,,,,,,,4.33,111.27,111.2673242,,16.6,,,,,
25Ros_AY1conv,4/25/2025,7,1039,17,2,,1070110039,,Linkert,32,2013 MN,1,21,,71.12,,,,,,,,,,,8,7/29/2025 15:31,,,,,,,,,,,,,3.36,85.67,85.66846335,85.66846335,17.25,,,,,
25Steph_AY1,4/27/2025,13,1039,17,2,,1130110039,,Enhance-SD,21,2024 SD State University,1,,,,,,,,,,,,,,,,,,,,,,,,,,,,3.88,102.05,102.046903,,14.64,,,,,
25StP_C-9_AY1-3_URN-PEv2,4/16/2025,1,1039,3,5,,1010110039,,LCS Buster,26,2020 Limagrain Cereal Seeds,1,21,6/23/2025 12:08,83.66666667,,0,6/17/2025 10:53,2,6/27/2025 10:05,2,7/3/2025 10:01,5,7/25/2025 11:23,,,,,,,,,,,,,,,,0.89,50.77,50.76587523,50.76587523,13.7,-,,,,
25Strath_AY1,5/8/2025,14,1039,17,2,,1140110039,,CP3915,14,2019 Winfield Untied - Croplan,1,,,,,0,7/30/2025 8:38,,,,,,,,,,8,7/30/2025 8:38,,,,,,,,,,,,107.67,107.67,107.67,,,,,,
25Was_AY1,1/1/2025,3,1039,35,2,,1030110039,,LCS Rimfire,30,2025 Limagrain Cereal Seeds,1,14,,75,,0,7/17/2025 10:16,,,,,,,4,,,,,,,,,,,,,,,,51.52,51.52,51.52,,,,57.69,14.87,
25Beck_AY1,4/12/2025,9,1040,5,13,,1090110040,Late,SY Valda,64,2015 AgriPro/Syngenta,1,,,,,,,,,,,,,,,,,,,,,,,,,,,,2.34,62.1,62.09891351,62.09891351,13.87,,,58.64,12.2,
25Ben_AY1,4/18/2025,16,1040,16,2,,1160110040,,TW Trailfire,70,2024 Thunder Seed,1,,,,,0,7/15/2025 11:17,,,,,,,,,,,,0,7/15/2025 11:17,,,,,,,,,3.5,91.29,91.28695145,91.28695145,15.35,,,,,
25Crk_AY1_Conv,4/24/2025,6,1040,10,11,,1060110040,,Dyna-Gro Commander,19,2019 Nutrien Ag Solutions,1,,,,,,,2,8/4/2025 17:57,,,,,,,,,,,,,,,,,,,,,99.51,99.51,99.51,,0,,,,
25Ferg_AY1,4/21/2025,10,1040,16,2,,1100110040,,LCS Hammer AX,29,2022 Limagrain Cereal Seeds,1,,,,,0,7/28/2025 11:24,1,8/5/2025 17:36,,,,,,8,7/28/2025 11:24,,,2,7/15/2025 14:40,,,,,,,,,3.41,94.25,94.2454775,94.2454775,10.3,,,,,
25Hall_AY1,4/26/2025,15,1040,16,2,,1150110040,,LCS Hammer AX,29,2022 Limagrain Cereal Seeds,1,,,,,,,,,,,,,,,,,,,,,,,,,,,,3.77,96.75,96.74931736,96.74931736,16.71,,,,,
25Lamb_AY1conv,4/15/2025,4,1040,24,3,,1040110040,,Dyna-Gro Ballistic,18,2018 Nutrien Ag Solutions,1,15,,93.98,,,,,,,,,,0,,,,,,,,,,,3,7/17/2025 15:14,,,,72.28,65.87498679,65.87498679,,,,,,
25LeCen_AY1,4/11/2025,17,1040,16,2,,1170110040,Mechanical,LCS Boom,25,2023 Limagrain Cereal Seeds,1,,,,,0,7/4/2025 16:17,0,7/17/2025 9:05,,,,,,,,,,,,,,,,,,,,2.68,70.44,,,14.93,,,,,
25Oklee_AY1,4/26/2025,12,1040,27,2,,1120110040,,AP Smith,5,2021 AgriPro/Syngenta,1,,,,,0,7/30/2025 11:52,,,,,,,,,,,,,,,,,,,,,,3.96,98.61,98.61153728,,19.18,,,,,
25Perl_AY1,4/21/2025,11,1040,16,2,,1110110040,,LCS Dual,28,2021 Limagrain Cereal Seeds,1,,,,,0,7/28/2025 16:00,,,,,,,,5,7/28/2025 16:00,,,,,,,,,,,,,4.66,121.15,121.1543843,,15.62,,,,,
25Ros_AY1conv,4/25/2025,7,1040,16,2,,1070110040,,TW Olympic,69,2022 Thunder Seed,1,22,,78.74,,,,,,,,,,,5,7/29/2025 15:31,,,,,,,,,,,,,4.17,105.28,105.2799601,105.2799601,18.06,,,,,
25Steph_AY1,4/27/2025,13,1040,16,2,,1130110040,,LCS Hammer AX,29,2022 Limagrain Cereal Seeds,1,,,,,,,,,,,,,,,,,,,,,,,,,,,,3.58,94.91,94.90675522,,13.96,,,,,
25StP_C-9_AY1-3_URN-PEv2,4/16/2025,1,1040,2,5,,1010110040,,LCS Ascent,24,2022 Limagrain Cereal Seeds,1,12,6/12/2025 10:17,78.66666667,,3,6/17/2025 10:53,7,6/27/2025 10:05,4,7/3/2025 10:01,6,7/25/2025 11:23,,,,,,,,,,,,,,,,1.07,61.03,61.0331309,61.0331309,13.7,-,,,,
25Strath_AY1,5/8/2025,14,1040,16,2,,1140110040,,Dyna-Gro Commander,19,2019 Nutrien Ag Solutions,1,,,,,4,7/30/2025 8:38,,,,,,,,,,9,7/30/2025 8:38,,,,,,,,,,,,111.03,111.03,111.03,,,,,,
25Was_AY1,1/1/2025,3,1040,34,2,,1030110040,,TW Olympic,69,2022 Thunder Seed,1,18,,80,,0,7/17/2025 10:16,,,,,,,3,,,,,,,,,,,,,,,,61.8,61.8,61.8,,,,59.1,15.12,
25Beck_AY1,4/12/2025,9,1041,6,13,,1090110041,,LCS Hammer AX,29,2022 Limagrain Cereal Seeds,1,,,,,,,,,,,,,,,,,,,,,,,,,,,,2.24,59.7,59.70048,59.70048,13.5,,,57.96,11.79,
25Ben_AY1,4/18/2025,16,1041,15,2,,1160110041,,MN21172-3,39,Bolles/MN-Rothsay,1,,,,,0,7/15/2025 11:17,,,,,,,,,,,,1,7/15/2025 11:17,,,,,,,,,3.31,86.85,86.85150404,86.85150404,14.84,,,,,
25Crk_AY1_Conv,4/24/2025,6,1041,9,11,,1060110041,,TCG-Zelda,68,2023 21st Century Genetics,1,,,,,,,2,8/4/2025 17:57,,,,,,,,,,,,,,,,,,,,,98.16,98.16,98.16,,0,,,,
25Ferg_AY1,4/21/2025,10,1041,15,2,,1100110041,,SY Valda,64,2015 AgriPro/Syngenta,1,,,,,5,7/28/2025 11:24,6,8/5/2025 17:36,,,,,,6,7/28/2025 11:24,,,1,7/15/2025 14:40,,,,,,,,,3.96,105.85,105.8469545,105.8469545,13.25,,,,,
25Hall_AY1,4/26/2025,15,1041,15,2,,1150110041,,Dyna-Gro Commander,19,2019 Nutrien Ag Solutions,1,,,,,,,,,,,,,,,,,,,,,,,,,,,,3.54,91.66,91.66488605,91.66488605,15.96,,,,,
25Lamb_AY1conv,4/15/2025,4,1041,25,3,,1040110041,,MN22154-1,44,BW980/MN10201-4-A//MN15005,1,14,,81.28,,,,,,,,,,0,,,,,,,,,,,4,7/17/2025 15:14,,,,62.71,72.28204557,72.28204557,,,,,,
25LeCen_AY1,4/11/2025,17,1041,15,2,,1170110041,,LCS Hammer AX,29,2022 Limagrain Cereal Seeds,1,,,,,0,7/4/2025 16:17,2,7/17/2025 9:05,,,,,,,,,,,,,,,,,,,,3.46,91.22,91.21603561,91.21603561,13.51,,,,,
25Oklee_AY1,4/26/2025,12,1041,26,2,,1120110041,,SY Valda,64,2015 AgriPro/Syngenta,1,,,,,1,7/30/2025 11:52,,,,,,,,,,,,,,,,,,,,,,4.15,103.73,103.7265028,,18.88,,,,,
25Perl_AY1,4/21/2025,11,1041,15,2,,1110110041,,PFS Muffins,60,2026 Peterson Farms Seed,1,,,,,0,7/28/2025 16:00,,,,,,,,8,7/28/2025 16:00,,,,,,,,,,,,,4.16,109.1,109.1034899,,14.88,,,,,
25Ros_AY1conv,4/25/2025,7,1041,15,2,,1070110041,,MN22154-1,44,BW980/MN10201-4-A//MN15005,1,23,,76.2,,,,,,,,,,,5,7/29/2025 15:31,,,,,,,,,,,,,3.92,100.12,100.1156344,100.1156344,17.11,,,,,
25Steph_AY1,4/27/2025,13,1041,15,2,,1130110041,,ND Thresher,58,2023 NDSU,1,,,,,,,,,,,,,,,,,,,,,,,,,,,,3.72,99.82,99.82169213,,12.91,,,,,
25StP_C-9_AY1-3_URN-PEv2,4/16/2025,1,1041,2,6,,1010110041,,TCG-Arsenal,65,2024 21st Century Genetics,1,21,6/20/2025 10:57,77,,0,6/17/2025 10:53,5,6/27/2025 10:06,2,7/3/2025 10:01,2,7/25/2025 11:23,,,,,,,,,,,,,,,,1.16,65.55,65.55339364,65.55339364,14.5,76.1,,,,
25Strath_AY1,5/8/2025,14,1041,15,2,,1140110041,,LCS Ascent,24,2022 Limagrain Cereal Seeds,1,,,,,7,7/30/2025 8:38,,,,,,,,,,9,7/30/2025 8:38,,,,,,,,,,,,125.48,125.48,125.48,,,,,,
25Was_AY1,1/1/2025,3,1041,33,2,,1030110041,,MN22154-1,44,BW980/MN10201-4-A//MN15005,1,X,,X,,NA,7/17/2025 10:16,,,,,,,X,,,,,,,,,,,,,"missing. everything else looks OK but verify with prot twt, plots 32 and 41 got planted together in plot 32",7/2/2025 12:16,,-,-,-,,,,NA,NA,
25Beck_AY1,4/12/2025,9,1042,7,13,,1090110042,,MN22227-1,46,MN15413-2/MN10201-4-A//Linkert-gpcB1/MN13288-1-1/3/MN15482-4/Shelly//MN15482-4/MN10261-1,1,,,,,,,,,,,,,,,,,,,,,,,,,,,,1.9,50.64,50.6388,50.6388,13.5,,,59.13,11.58,
25Ben_AY1,4/18/2025,16,1042,14,2,,1160110042,,MN22342-2,50,MN16024-6/MN15119-2,1,,,,,0,7/15/2025 11:17,,,,,,,,,,,,1,7/15/2025 11:17,,,,,,,,,3.22,86.43,86.434562,86.434562,12.88,,,,,
25Crk_AY1_Conv,4/24/2025,6,1042,8,11,,1060110042,,SY Valda,64,2015 AgriPro/Syngenta,1,,,,,,,2,8/4/2025 17:57,,,,,,,,,,,,,,,,,,,,,101.61,101.61,101.61,,0,,,,
25Ferg_AY1,4/21/2025,10,1042,14,2,,1100110042,,Linkert,32,2013 MN,1,,,,,0,7/28/2025 11:24,0,8/5/2025 17:36,,,,,,5,7/28/2025 11:24,,,1,7/15/2025 14:40,,,,,,,,,3.29,88.63,88.62782132,88.62782132,12.57,,,,,
25Hall_AY1,4/26/2025,15,1042,14,2,,1150110042,,MS Nova,56,"2023 Meridian Seeds, LLC",1,,,,,,,,,,,,,,,,,,,,,,,,,,,,4.1,104.5,104.4980243,104.4980243,17.28,,,,,
25Lamb_AY1conv,4/15/2025,4,1042,26,3,,1040110042,,LCS Ascent,24,2022 Limagrain Cereal Seeds,1,13,,83.82,,,,,,,,,,0,,,,,,,,,,,4,7/17/2025 15:14,,,,68.84,62.7108044,62.7108044,,,,,,
25LeCen_AY1,4/11/2025,17,1042,14,2,,1170110042,Late,MN21172-3,39,Bolles/MN-Rothsay,1,,,,,0,7/4/2025 16:17,4,7/17/2025 9:05,,,,,,,,,,,,,,,,,,,,2.84,74.69,74.69040832,74.69040832,13.39,,,,,
25Oklee_AY1,4/26/2025,12,1042,25,2,,1120110042,,LCS Boom,25,2023 Limagrain Cereal Seeds,1,,,,,1,7/30/2025 11:52,,,,,,,,,,,,,,,,,,,,,,3.91,98.92,98.92054642,,17.89,,,,,
25Perl_AY1,4/21/2025,11,1042,14,2,,1110110042,,LCS Trigger,31,2016 Limagrain Cereal Seeds,1,,,,,0,7/28/2025 16:00,,,,,,,,5,7/28/2025 16:00,,,,,,,,,,,,,4.49,115.46,115.4618252,,16.54,,,,,
25Ros_AY1conv,4/25/2025,7,1042,14,2,,1070110042,,CAG Recoil,9,2022 Champions Alliance Group Inc,1,27,,76.2,,,,,,,,,,,8,7/29/2025 15:31,,,,,,,,,,,,,3.83,98.29,98.28909429,98.28909429,16.71,,,,,
25Steph_AY1,4/27/2025,13,1042,14,2,,1130110042,,CP3915,14,2019 Winfield Untied - Croplan,1,,,,,,,,,,,,,,,,,,,,,,,,,,,,4.11,106.3,106.2978508,,16.06,,,,,
25StP_C-9_AY1-3_URN-PEv2,4/16/2025,1,1042,3,6,,1010110042,,CP3678,13,2024 Winfield Untied - Croplan,1,20,6/20/2025 10:57,81.66666667,,0,6/17/2025 10:53,7,6/27/2025 10:06,3,7/3/2025 10:01,4,7/25/2025 11:23,,,,,,,,,,,,,,,,1.24,70.24,70.23823387,70.23823387,14.3,77.1,,,,
25Strath_AY1,5/8/2025,14,1042,14,1,,1140110042,Possible Error|nice,MN22131-3,43,MN15482-4/MN15005-4,1,,,,,1,7/30/2025 8:32,,,,,,,,,,5,7/30/2025 8:32,,,,,,,,,shifted down into bed 1,7/2/2025 12:15,,112.53,112.53,112.53,,,,,,
25Was_AY1,1/1/2025,3,1042,32,2,,1030110042,,CP3915,14,2019 Winfield Untied - Croplan,1,17,,80,,0,7/17/2025 10:16,,,,,,,3,,,,,,,,,,,,,,,,44.17,44.17,44.17,,,,56.74,15.85,
25Beck_AY1,4/12/2025,9,1043,8,13,,1090110043,,Brawn-SD,7,2022 SD State University,1,,,,,,,,,,,,,,,,,,,,,,,,,,,,2.32,61.83,61.83264,61.83264,13.5,,,59.23,11.67,
25Ben_AY1,4/18/2025,16,1043,13,2,,1160110043,,Glenn,22,long term check,1,,,,,0,7/15/2025 11:18,,,,,,,,,,,,1,7/15/2025 11:18,,,,,,,,,3.2,88.44,88.44150382,88.44150382,10.3,,,,,
25Crk_AY1_Conv,4/24/2025,6,1043,7,11,,1060110043,,SY 611 CL2,63,2019 AgriPro/Syngenta,1,,,,,,,2,8/4/2025 17:57,,,,,,,,,,,,,,,,,,,,,94.6,94.6,94.6,,0,,,,
25Ferg_AY1,4/21/2025,10,1043,13,2,,1100110043,,LCS Boom,25,2023 Limagrain Cereal Seeds,1,,,,,0,7/28/2025 11:24,1,8/5/2025 17:36,,,,,,8,7/28/2025 11:24,,,1,7/15/2025 14:40,,,,,,,,,3.75,99.33,99.33262023,99.33262023,14.03,,,,,
25Hall_AY1,4/26/2025,15,1043,13,2,,1150110043,,Dyna-Gro Ballistic,18,2018 Nutrien Ag Solutions,1,,,,,,,,,,,,,,,,,,,,,,,,,,,,4.26,108.84,108.8385105,108.8385105,17.08,,,,,
25Lamb_AY1conv,4/15/2025,4,1043,27,3,,1040110043,,Enhance-SD,21,2024 SD State University,1,12,,91.44,,,,,,,,,,0,,,,,,,,,,,6,7/17/2025 15:14,,,,71.47,68.84255456,68.84255456,,,,,,
25LeCen_AY1,4/11/2025,17,1043,13,2,,1170110043,Late,AP Dagr,1,2025 AgriPro/Syngenta,1,,,,,0,7/4/2025 16:17,6,7/17/2025 9:06,,,,,,,,,,,,,,,,,,,,3.86,101.89,101.8932518,101.8932518,14.93,,,,,
25Oklee_AY1,4/26/2025,12,1043,24,2,,1120110043,,MN21385-1,41,Linkert-gpcB1/MN-Washburn-A//MN13479-8,1,,,,,0,7/30/2025 11:52,,,,,,,,,,,,,,,,,,,,,,3.94,99.35,99.35175421,,18.16,,,,,
25Perl_AY1,4/21/2025,11,1043,13,2,,1110110043,,Shelly,62,2016 MN,1,,,,,0,7/28/2025 16:00,,,,,,,,7,7/28/2025 16:00,,,,,,,,,,,,,4.18,108.24,108.2370688,,15.96,,,,,
25Ros_AY1conv,4/25/2025,7,1043,13,2,,1070110043,,MS Charger,54,"2023 Meridian Seeds, LLC",1,22,,78.74,,,,,,,,,,,8,7/29/2025 15:31,,,,,,,,,,,,,4.2,106.92,106.9173481,106.9173481,17.38,,,,,
25Steph_AY1,4/27/2025,13,1043,13,2,,1130110043,,MN22154-1,44,BW980/MN10201-4-A//MN15005,1,,,,,,,,,,,,,,,,,,,,,,,,,,,,4.12,107.93,107.9274743,,14.98,,,,,
25StP_C-9_AY1-3_URN-PEv2,4/16/2025,1,1043,4,6,,1010110043,,AP Dagr,1,2025 AgriPro/Syngenta,1,18,6/18/2025 13:14,81,,0,6/17/2025 10:53,1,6/27/2025 10:06,0,7/3/2025 10:02,1,7/25/2025 11:23,,,,,,,,,,,,,,,,1.52,86.6,86.60080509,86.60080509,13.8,78.7,,,,
25Strath_AY1,5/8/2025,14,1043,13,2,,1140110043,,ND Thresher,58,2023 NDSU,1,,,,,3,7/30/2025 8:38,,,,,,,,,,6,7/30/2025 8:39,,,,,,,,,,,,119.21,119.21,119.21,,,,,,
25Was_AY1,1/1/2025,3,1043,31,2,,1030110043,,Dyna-Gro Rocker,20,2023 Nutrien Ag Solutions,1,24,,80,,0,7/17/2025 10:16,,,,,,,3,,,,,,,,,,,,,bls 3,7/2/2025 12:16,,22.61,22.61,,,,,48.84,17.4,
25Beck_AY1,4/12/2025,9,1044,9,13,,1090110044,,Glenn,22,long term check,1,,,,,,,,,,,,,,,,,,,,,,,,,,,,1.58,42.64,42.6407967,42.6407967,12.41,,,61.48,12.6,
25Ben_AY1,4/18/2025,16,1044,12,2,,1160110044,,MN21385-1,41,Linkert-gpcB1/MN-Washburn-A//MN13479-8,1,,,,,0,7/15/2025 11:18,,,,,,,,,,,,2,7/15/2025 11:18,,,,,,,,,3.44,89.18,89.18147426,89.18147426,15.86,,,,,
25Crk_AY1_Conv,4/24/2025,6,1044,6,11,,1060110044,,LCS Ascent,24,2022 Limagrain Cereal Seeds,1,,,,,,,1,8/4/2025 17:57,,,,,,,,,,,,,,,,,,,,,110.34,110.34,110.34,,0,,,,
25Ferg_AY1,4/21/2025,10,1044,12,2,,1100110044,,MN22314-2,47,MN15482-4/MN10201-4-A,1,,,,,0,7/28/2025 11:24,0,8/5/2025 17:36,,,,,,7,7/28/2025 11:24,,,2,7/15/2025 14:40,,,,,,,,,3.56,95.98,95.97801156,95.97801156,12.5,,,,,
25Hall_AY1,4/26/2025,15,1044,12,2,,1150110044,,LCS Ascent,24,2022 Limagrain Cereal Seeds,1,,,,,,,,,,,,,,,,,,,,,,,,,,,,4.12,105.35,105.3505186,105.3505186,17.01,,,,,
25Lamb_AY1conv,4/15/2025,4,1044,28,3,,1040110044,,MN21168-1,38,10FAR-3134-1/MN14223-5,1,13,,83.82,,,,,,,,,,0,,,,,,,,,,,5,7/17/2025 15:14,,,,66.56,71.46559043,71.46559043,,,,,,
25LeCen_AY1,4/11/2025,17,1044,12,2,,1170110044,,CP3915,14,2019 Winfield Untied - Croplan,1,,,,,0,7/4/2025 16:17,1,7/17/2025 9:06,,,,,,,,,,,,,,,,,,,,3.57,94.11,94.11365156,94.11365156,10.56,,,,,
25Oklee_AY1,4/26/2025,12,1044,23,2,,1120110044,nice,MN22322-2,48,MN15005/MN14223-5,1,,,,,0,7/30/2025 11:52,,,,,,,,,,,,,,,,,,,,,,3.89,96.9,96.90436113,,19.15,,,,,
25Perl_AY1,4/21/2025,11,1044,12,2,,1110110044,,CAG Ceres,8,2024 Champions Alliance Group Inc,1,,,,,0,7/28/2025 16:00,,,,,,,,8,7/28/2025 16:00,,,,,,,,,,,,,3.82,99.6,99.59787696,,15.38,,,,,
25Ros_AY1conv,4/25/2025,7,1044,12,2,,1070110044,,MN22314-2,47,MN15482-4/MN10201-4-A,1,23,,76.2,,,,,,,,,,,8,7/29/2025 15:31,,,,,,,,,,,,,3.63,92.47,92.47424412,92.47424412,17.32,,,,,
25Steph_AY1,4/27/2025,13,1044,12,2,,1130110044,,TCG-Zelda,68,2023 21st Century Genetics,1,,,,,,,,,,,,,,,,,,,,,,,,,,,,4.08,106.45,106.4522167,,15.32,,,,,
25StP_C-9_AY1-3_URN-PEv2,4/16/2025,1,1044,5,6,,1010110044,,MN22314-2,47,MN15482-4/MN10201-4-A,1,17,6/18/2025 13:15,82.66666667,,0,6/17/2025 10:53,3,6/27/2025 10:06,2,7/3/2025 10:02,1,7/25/2025 11:23,,,,,,,,,,,,,,,,1.415,80.71,80.71203759,80.71203759,13.7,76.7,,,,
25Strath_AY1,5/8/2025,14,1044,12,2,,1140110044,,Shelly,62,2016 MN,1,,,,,1,7/30/2025 8:39,,,,,,,,,,5,7/30/2025 8:39,,,,,,,,,,,,107.05,107.05,107.05,,,,,,
25Was_AY1,1/1/2025,3,1044,30,2,,1030110044,,Linkert,32,2013 MN,1,17,,85,,0,7/17/2025 10:16,,,,,,,3,,,,,,,,,,,,,,,,45.21,45.21,45.21,,,,56.68,16.24,
25Beck_AY1,4/12/2025,9,1045,10,13,,1090110045,,MN22154-1,44,BW980/MN10201-4-A//MN15005,1,,,,,,,,,,,,,,,,,,,,,,,,,,,,1.82,48.51,48.50664,48.50664,13.5,,,59.97,11.77,
25Ben_AY1,4/18/2025,16,1045,11,2,,1160110045,,Dyna-Gro 8582,16,2024 Nutrien Ag Solutions,1,,,,,0,7/15/2025 11:18,,,,,,,,,,,,0,7/15/2025 11:18,,,,,,,,,3.9,101.89,101.887977,101.887977,15.21,,,,,
25Crk_AY1_Conv,4/24/2025,6,1045,5,11,,1060110045,,MN22314-2,47,MN15482-4/MN10201-4-A,1,,,,,,,2,8/4/2025 17:57,,,,,,,,,,,,,,,,,,,,,98.78,98.78,98.78,,0,,,,
25Ferg_AY1,4/21/2025,10,1045,11,2,,1100110045,,AP Elevate,2,2024 AgriPro/Syngenta,1,,,,,2,7/28/2025 11:24,3,8/5/2025 17:36,,,,,,7,7/28/2025 11:24,,,0,7/15/2025 14:40,,,,,,,,,4.11,108.92,108.919206,108.919206,13.99,,,,,
25Hall_AY1,4/26/2025,15,1045,11,2,,1150110045,,SY 611 CL2,63,2019 AgriPro/Syngenta,1,,,,,,,,,,,,,,,,,,,,,,,,,,,,3.83,97.33,97.33322725,97.33322725,17.52,,,,,
25Lamb_AY1conv,4/15/2025,4,1045,29,3,,1040110045,,LCS Buster,26,2020 Limagrain Cereal Seeds,1,16,,91.44,,,,,,,,,,0,,,,,,,,,,,2,7/17/2025 15:14,,,,66.2,66.55658567,66.55658567,,,,,,
25LeCen_AY1,4/11/2025,17,1045,11,2,,1170110045,,MS Cobra,55,"2022 Meridian Seeds, LLC",1,,,,,0,7/4/2025 16:17,4,7/17/2025 9:06,,,,,,,,,,,,,,,,,,,,3.24,85.36,85.3558326,85.3558326,13.79,,,,,
25Oklee_AY1,4/26/2025,12,1045,22,2,,1120110045,,CAG Recoil,9,2022 Champions Alliance Group Inc,1,,,,,0,7/30/2025 11:53,,,,,,,,,,,,,,,,,,,,,,3.7,94.5,94.49689984,,17.11,,,,,
25Perl_AY1,4/21/2025,11,1045,11,2,,1110110045,,AP Elevate,2,2024 AgriPro/Syngenta,1,,,,,0,7/28/2025 16:00,,,,,,,,8,7/28/2025 16:00,,,,,,,,,,,,,3.85,99.81,99.8106616,,15.86,,,,,
25Ros_AY1conv,4/25/2025,7,1045,11,2,,1070110045,,NDHRS15-0006-C46,59,2025 NDSU,1,23,,76.2,,,,,,,,,,,7,7/29/2025 15:31,,,,,,,,,,,,,4.09,104.58,104.5834032,104.5834032,17.01,,,,,
25Steph_AY1,4/27/2025,13,1045,11,2,,1130110045,,MN-Rothsay,34,2022 MN,1,,,,,,,,,,,,,,,,,,,,,,,,,,,,4.45,115.37,115.3655699,,15.86,,,,,
25StP_C-9_AY1-3_URN-PEv2,4/16/2025,1,1045,6,6,,1010110045,,Dyna-Gro Ambush,17,2017 Nutrien Ag Solutions,1,12,6/12/2025 10:17,83,,0,6/17/2025 10:54,7,6/27/2025 10:06,2,7/3/2025 10:02,4,7/25/2025 11:23,,,,,,,,,,,,,,,,1.44,82.52,82.51875468,82.51875468,13.3,81.8,,,,
25Strath_AY1,5/8/2025,14,1045,11,2,,1140110045,,MN22322-2,48,MN15005/MN14223-5,1,,,,,1,7/30/2025 8:39,,,,,,,,,,5,7/30/2025 8:39,,,,,,,,,,,,121.37,121.37,121.37,,,,,,
25Was_AY1,1/1/2025,3,1045,29,2,,1030110045,,AP Elevate,2,2024 AgriPro/Syngenta,1,18,,80,,0,7/17/2025 10:16,,,,,,,3,,,,,,,,,,,,,,,,55.18,55.18,55.18,,,,57.17,15.67,
25Beck_AY1,4/12/2025,9,1046,11,13,,1090110046,,LCS Boom,25,2023 Limagrain Cereal Seeds,1,,,,,,,,,,,,,,,,,,,,,,,,,,,,1.86,49.57,49.57272,49.57272,13.5,,,59.47,13.29,
25Ben_AY1,4/18/2025,16,1046,10,2,,1160110046,,SY Valda,64,2015 AgriPro/Syngenta,1,,,,,0,7/15/2025 11:18,,,,,,,,,,,,0,7/15/2025 11:19,,,,,,,,,3.65,96.23,96.23390157,96.23390157,14.43,,,,,
25Crk_AY1_Conv,4/24/2025,6,1046,4,11,,1060110046,,Dyna-Gro 8582,16,2024 Nutrien Ag Solutions,1,,,,,,,1,8/4/2025 17:57,,,,,,,,,,,,,,,,,,,,,96.25,96.25,96.25,,0,,,,
25Ferg_AY1,4/21/2025,10,1046,10,2,,1100110046,,Knudson,23,long term check,1,,,,,4,7/28/2025 11:24,6,8/5/2025 17:36,,,,,,6,7/28/2025 11:25,,,0,7/15/2025 14:40,,,,,,,,,3.67,97.79,97.79022431,97.79022431,13.52,,,,,
25Hall_AY1,4/26/2025,15,1046,10,2,,1150110046,,LCS Dual,28,2021 Limagrain Cereal Seeds,1,,,,,,,,,,,,,,,,,,,,,,,,,,,,3.83,96.9,96.89659662,96.89659662,17.89,,,,,
25Lamb_AY1conv,4/15/2025,4,1046,30,3,,1040110046,,MN22314-2,47,MN15482-4/MN10201-4-A,1,14,,86.36,,,,,,,,,,0,,,,,,,,,,,5,7/17/2025 15:14,,,,63.8,66.20148987,66.20148987,,,,,,
25LeCen_AY1,4/11/2025,17,1046,10,2,,1170110046,,MN-Rothsay,34,2022 MN,1,,,,,0,7/4/2025 16:17,1,7/17/2025 9:06,,,,,,,,,,,,,,,,,,,,3.4,89.62,89.62327399,89.62327399,14.06,,,,,
25Oklee_AY1,4/26/2025,12,1046,21,2,,1120110046,Late,MN22131-3,43,MN15482-4/MN15005-4,1,,,,,0,7/30/2025 11:53,,,,,,,,,,,,,,,,,,,,,,3.9,94.87,94.87033595,,21.05,,,,,
25Perl_AY1,4/21/2025,11,1046,10,2,,1110110046,,MN22314-2,47,MN15482-4/MN10201-4-A,1,,,,,0,7/28/2025 16:00,,,,,,,,8,7/28/2025 16:00,,,,,,,,,,,,,3.54,92.48,92.48293298,,15.21,,,,,
25Ros_AY1conv,4/25/2025,7,1046,10,2,,1070110046,,Driver,15,2019 SD State University,1,24,,86.36,,,,,,,,,,,6,7/29/2025 15:31,,,,,,,,,,,,,4.38,109.34,109.340246,109.340246,18.98,,,,,
25Steph_AY1,4/27/2025,13,1046,10,2,,1130110046,,TCG-Arsenal,65,2024 21st Century Genetics,1,,,,,,,,,,,,,,,,,,,,,,,,,,,,4.75,123.45,123.4503694,,15.65,,,,,
25StP_C-9_AY1-3_URN-PEv2,4/16/2025,1,1046,7,6,,1010110046,,MN21089-4,36,MN14223-5/MN-Rothsay,1,17,6/18/2025 13:15,82.33333333,,0,6/17/2025 10:54,6,6/27/2025 10:06,3,7/3/2025 10:02,2,7/25/2025 11:23,,,,,,,,,,,,,,,,1.1,62.67,62.67163526,62.67163526,13.8,79.7,,,,
25Strath_AY1,5/8/2025,14,1046,10,2,,1140110046,,TCG-Arsenal,65,2024 21st Century Genetics,1,,,,,1,7/30/2025 8:39,,,,,,,,,,5,7/30/2025 8:39,,,,,,,,,,,,121.39,121.39,121.39,,,,,,
25Was_AY1,1/1/2025,3,1046,28,2,,1030110046,better leaves,MN22341-1,49,MN15320-1/MN14105-7,1,18,,70,,0,7/17/2025 10:17,,,,,,,2,,,,,,,,,,,,,,,,48.71,48.71,48.71,,,,56.53,15.16,
25Beck_AY1,4/12/2025,9,1047,12,13,,1090110047,,TW Trailfire,70,2024 Thunder Seed,1,,,,,,,,,,,,,,,,,,,,,,,,,,,,2.2,57.05,57.0549994,57.0549994,15.83,,,58.42,13.21,
25Ben_AY1,4/18/2025,16,1047,9,2,,1160110047,,MN22356-2,51,MN15530-4/MN15005-4,1,,,,,0,7/15/2025 11:19,,,,,,,,,,,,0,7/15/2025 11:19,,,,,,,,,3.73,97.17,97.17088113,97.17088113,15.45,,,,,
25Crk_AY1_Conv,4/24/2025,6,1047,3,10,,1060110047,possible error,AP Iconic,3,2025 AgriPro/Syngenta,1,,,,,,,2,8/4/2025 17:56,,,,,,,,,,,,,,,,,,Plot shift,7/2/2025 11:43,,116.55,116.55,116.55,,0,,,,
25Ferg_AY1,4/21/2025,10,1047,9,2,,1100110047,,MN22341-1,49,MN15320-1/MN14105-7,1,,,,,0,7/28/2025 11:25,0,8/5/2025 17:37,,,,,,7,7/28/2025 11:25,,,1,7/15/2025 14:40,,,,,,,,,3.6,97.01,97.01204754,97.01204754,12.54,,,,,
25Hall_AY1,4/26/2025,15,1047,9,2,,1150110047,,Enhance-SD,21,2024 SD State University,1,,,,,,,,,,,,,,,,,,,,,,,,,,,,3.75,96.36,96.36315607,96.36315607,16.6,,,,,
25Lamb_AY1conv,4/15/2025,4,1047,31,3,,1040110047,,MS Cobra,55,"2022 Meridian Seeds, LLC",1,13,,81.28,,,,,,,,,,0,,,,,,,,,,,3,7/17/2025 15:14,,,,66.15,63.79679594,63.79679594,,,,,,
25LeCen_AY1,4/11/2025,17,1047,9,2,,1170110047,,MN21090-4,37,MN14223-5/MN-Rothsay,1,,,,,0,7/4/2025 16:17,0,7/17/2025 9:06,,,,,,,,,,,,,,,,,,,,3.58,94.43,94.43115422,94.43115422,14.97,,,,,
25Oklee_AY1,4/26/2025,12,1047,20,2,,1120110047,possible error,Brawn-SD,7,2022 SD State University,1,,,,,2,7/30/2025 11:53,,,,,,,,,,,,,,,,,,,,"1st 2 plots mixed, unclear which end of pass",7/2/2025 12:01,4.28,104.26,,,20.94,,,,,
25Perl_AY1,4/21/2025,11,1047,9,2,,1110110047,,PFS Rolls,61,2025 Peterson Farms Seed,1,,,,,0,7/28/2025 16:00,,,,,,,,8,7/28/2025 16:00,,,,,,,,,,,,,4.12,107.2,107.2038956,,15.55,,,,,
25Ros_AY1conv,4/25/2025,7,1047,9,2,,1070110047,,CP3530,11,2022 Winfield Untied - Croplan,1,25,,86.36,,,,,,,,,,,9,7/29/2025 15:31,,,,,,,,,,,,,3.25,83.51,83.51473526,83.51473526,16.6,,,,,
25Steph_AY1,4/27/2025,13,1047,9,2,,1130110047,,LCS Trigger,31,2016 Limagrain Cereal Seeds,1,,,,,,,,,,,,,,,,,,,,,,,,,,,,4.97,128.74,128.739297,,15.93,,,,,
25StP_C-9_AY1-3_URN-PEv2,4/16/2025,1,1047,8,6,,1010110047,,MN22406-1,52,MN16360/MN15320-1,1,16,6/16/2025 11:12,75.66666667,,0,6/17/2025 10:54,5,6/27/2025 10:07,3,7/3/2025 10:02,5,7/25/2025 11:23,,,,,,,,,,,,,,,,0.935,53.33,53.33268915,53.33268915,13.7,-,,,,
25Strath_AY1,5/8/2025,14,1047,9,2,,1140110047,,Marshall,33,long term check,1,,,,,0,7/30/2025 8:39,,,,,,,,,,7,7/30/2025 8:39,,,,,,,,,,,,110.12,110.12,110.12,,,,,,
25Was_AY1,1/1/2025,3,1047,27,2,,1030110047,,TCG-Arsenal,65,2024 21st Century Genetics,1,20,,80,,0,7/17/2025 10:17,,,,,,,3,,,,,,,,,,,,,,,,51.68,51.68,51.68,,,,57.54,14.85,
25Beck_AY1,4/12/2025,9,1048,13,13,,1090110048,,NDHRS15-0006-C46,59,2025 NDSU,1,,,,,,,,,,,,,,,,,,,,,,,,,,,,2.16,56.04,56.04425696,56.04425696,15.79,,,58.53,12.27,
25Ben_AY1,4/18/2025,16,1048,8,2,,1160110048,,LCS Trigger,31,2016 Limagrain Cereal Seeds,1,,,,,0,7/15/2025 11:19,,,,,,,,,,,,1,7/15/2025 11:19,,,,,,,,,3.94,102.64,102.6416278,102.6416278,15.45,,,,,
25Crk_AY1_Conv,4/24/2025,6,1048,2,11,,1060110048,,Dyna-Gro Ballistic,18,2018 Nutrien Ag Solutions,1,,,,,,,1,8/4/2025 17:57,,,,,,,,,,,,,,,,,,,,,110.86,110.86,110.86,,0,,,,
25Ferg_AY1,4/21/2025,10,1048,8,2,,1100110048,,Brawn-SD,7,2022 SD State University,1,,,,,5,7/28/2025 11:25,5,8/5/2025 17:37,,,,,,8,7/28/2025 11:25,,,1,7/15/2025 14:40,,,,,,,,,3.99,107.28,107.2758098,107.2758098,12.74,,,,,
25Hall_AY1,4/26/2025,15,1048,8,2,,1150110048,,CP3099A,10,2020 Winfield Untied - Croplan,1,,,,,,,,,,,,,,,,,,,,,,,,,,,,4.66,119.69,119.6898492,119.6898492,16.64,,,,,
25Lamb_AY1conv,4/15/2025,4,1048,32,3,,1040110048,,MN22199-2,45,MN16360/MN15005,1,13,,83.82,,,,,,,,,,0,,,,,,,,,,,4,7/17/2025 15:14,,,,63.81,66.14743854,66.14743854,,,,,,
25LeCen_AY1,4/11/2025,17,1048,8,2,,1170110048,,CP3678,13,2024 Winfield Untied - Croplan,1,,,,,0,7/4/2025 16:18,2,7/17/2025 9:06,,,,,,,,,,,,,,,,,,,,3.53,93.09,93.09219584,93.09219584,14.42,,,,,
25Oklee_AY1,4/26/2025,12,1048,19,2,,1120110048,Late|better leaves,MN-Rothsay,34,2022 MN,1,,,,,0,7/30/2025 11:54,,,,,,,,,,,,,,,,,,,,,,4.24,101.19,101.194532,,22.54,,,,,
25Perl_AY1,4/21/2025,11,1048,8,2,,1110110048,,MS Cobra,55,"2022 Meridian Seeds, LLC",1,,,,,0,7/28/2025 16:00,,,,,,,,8,7/28/2025 16:00,,,,,,,,,,,,,3.96,104.6,104.6024139,,14.27,,,,,
25Ros_AY1conv,4/25/2025,7,1048,8,2,,1070110048,,MN-Torgy,35,2020 MN,1,22,,76.2,,,,,,,,,,,8,7/29/2025 15:31,,,,,,,,,,,,,3.32,83.65,83.64611575,83.64611575,18.23,,,,,
25Steph_AY1,4/27/2025,13,1048,8,2,,1130110048,,MN22227-1,46,MN15413-2/MN10201-4-A//Linkert-gpcB1/MN13288-1-1/3/MN15482-4/Shelly//MN15482-4/MN10261-1,1,,,,,,,,,,,,,,,,,,,,,,,,,,,,4.45,115.69,115.6946374,,15.62,,,,,
25StP_C-9_AY1-3_URN-PEv2,4/16/2025,1,1048,9,6,,1010110048,,MS Cobra,55,"2022 Meridian Seeds, LLC",1,16,6/16/2025 11:12,78.33333333,,0,6/17/2025 10:54,8,6/27/2025 10:07,4,7/3/2025 10:02,7,7/25/2025 11:24,,,,,,,,,,,,,,,,0.95,54.19,54.18829379,54.18829379,13.7,-,,,,
25Strath_AY1,5/8/2025,14,1048,8,2,,1140110048,nice,MN22406-1,52,MN16360/MN15320-1,1,,,,,0,7/30/2025 8:39,,,,,,,,,,8,7/30/2025 8:40,,,,,,,,,,,,115.75,115.75,115.75,,,,,,
25Was_AY1,1/1/2025,3,1048,26,2,,1030110048,,PFS Rolls,61,2025 Peterson Farms Seed,1,16,,85,,0,7/17/2025 10:17,,,,,,,2,,,,,,,,,,,,,,,,49.27,49.27,49.27,,,,57.69,15.38,
25Beck_AY1,4/12/2025,9,1049,14,13,,1090110049,,CAG Ceres,8,2024 Champions Alliance Group Inc,1,,,,,,,,,,,,,,,,,,,,,,,,,,,,2.2,57.16,57.16345609,57.16345609,15.67,,,58.16,11.94,
25Ben_AY1,4/18/2025,16,1049,7,2,,1160110049,,SY 611 CL2,63,2019 AgriPro/Syngenta,1,,,,,0,7/15/2025 11:19,,,,,,,,,,,,1,7/15/2025 11:19,,,,,,,,,3.44,91.2,91.19531786,91.19531786,13.96,,,,,
25Crk_AY1_Conv,4/24/2025,6,1049,2,12,,1060110049,,Marshall,33,long term check,1,,,,,,,2,8/4/2025 17:59,,,,,,,,,,,,,,,,,,,,,100.24,100.24,100.24,,0,,,,
25Ferg_AY1,4/21/2025,10,1049,7,2,,1100110049,,MN22322-2,48,MN15005/MN14223-5,1,,,,,0,7/28/2025 11:25,1,8/5/2025 17:37,,,,,,8,7/28/2025 11:25,,,1,7/15/2025 14:40,,,,,,,,,3.72,97.38,97.38030731,97.38030731,15.04,,,,,
25Hall_AY1,4/26/2025,15,1049,7,2,,1150110049,,MS Cobra,55,"2022 Meridian Seeds, LLC",1,,,,,,,,,,,,,,,,,,,,,,,,,,,,3.94,98.73,98.73262671,98.73262671,18.67,,,,,
25Lamb_AY1conv,4/15/2025,4,1049,33,3,,1040110049,,CP3099A,10,2020 Winfield Untied - Croplan,1,17,,86.36,,,,,,,,,,0,,,,,,,,,,,1,7/17/2025 15:14,,,,60.42,63.80721366,63.80721366,,,,,,
25LeCen_AY1,4/11/2025,17,1049,7,2,,1170110049,broken straw,Linkert,32,2013 MN,1,,,,,0,7/4/2025 16:18,0,7/17/2025 9:06,,,,,,,,,,,,,,,,,,,,2.8,73.65,73.65114913,73.65114913,15.71,,,,,
25Oklee_AY1,4/26/2025,12,1049,18,2,,1120110049,,LCS Rimfire,30,2025 Limagrain Cereal Seeds,1,,,,,1,7/30/2025 11:54,,,,,,,,,,,,,,,,,,,,,,4.24,106.51,106.5116214,,18.47,,,,,
25Perl_AY1,4/21/2025,11,1049,7,2,,1110110049,,Linkert,32,2013 MN,1,,,,,0,7/28/2025 16:00,,,,,,,,9,7/28/2025 16:00,,,,,,,,,,,,,3.59,93.82,93.82237315,,15.18,,,,,
25Ros_AY1conv,4/25/2025,7,1049,7,2,,1070110049,,Shelly,62,2016 MN,1,21,,73.66,,,,,,,,,,,9,7/29/2025 15:32,,,,,,,,,,,,,3.55,90.29,90.2940489,90.2940489,17.45,,,,,
25Steph_AY1,4/27/2025,13,1049,7,2,,1130110049,,SY Valda,64,2015 AgriPro/Syngenta,1,,,,,,,,,,,,,,,,,,,,,,,,,,,,4.69,120.11,120.1135698,,16.88,,,,,
25StP_C-9_AY1-3_URN-PEv2,4/16/2025,1,1049,10,6,,1010110049,,ND Thresher,58,2023 NDSU,1,19,6/20/2025 10:58,83,,0,6/17/2025 10:54,7,6/27/2025 10:07,4,7/3/2025 10:02,5,7/25/2025 11:24,,,,,,,,,,,,,,,,1.155,66.49,66.49227845,66.49227845,12.9,76.8,,,,
25Strath_AY1,5/8/2025,14,1049,7,2,,1140110049,,WB9590,72,2017 WestBred,1,,,,,2,7/30/2025 8:40,,,,,,,,,,8,7/30/2025 8:40,,,,,,,,,,,,119.07,119.07,119.07,,,,,,
25Was_AY1,1/1/2025,3,1049,25,2,,1030110049,,MN21263-3,40,MN15332/MN-Washburn-A//MN-Rothsay,1,17,,75,,0,7/17/2025 10:17,,,,,,,2,,,,,,,,,,,,,,,,55.09,55.09,55.09,,,,58.52,15.43,
25Beck_AY1,4/12/2025,9,1050,15,13,,1090110050,,MS Cobra,55,"2022 Meridian Seeds, LLC",1,,,,,,,,,,,,,,,,,,,,,,,,,,,,2.03,54.1,54.10356,54.10356,13.5,,,59.41,11.94,
25Ben_AY1,4/18/2025,16,1050,6,2,,1160110050,,Dyna-Gro Commander,19,2019 Nutrien Ag Solutions,1,,,,,0,7/15/2025 11:19,,,,,,,,,,,,1,7/15/2025 11:19,,,,,,,,,3.96,104.15,104.1509629,104.1509629,14.64,,,,,
25Crk_AY1_Conv,4/24/2025,6,1050,3,11,,1060110050,possible error,MN22322-2,48,MN15005/MN14223-5,1,,,,,,,2,8/4/2025 17:57,,,,,,,,,,,,,,,,,,Plot shift,7/2/2025 11:43,,95.59,95.59,95.59,,0,,,,
25Ferg_AY1,4/21/2025,10,1050,6,2,,1100110050,,Dyna-Gro Rocker,20,2023 Nutrien Ag Solutions,1,,,,,5,7/28/2025 11:25,7,8/5/2025 17:37,,,,,,8,7/28/2025 11:25,,,2,7/15/2025 14:40,,,,,,,,,3.01,85.43,85.42539095,85.42539095,7.89,,,,,
25Hall_AY1,4/26/2025,15,1050,6,2,,1150110050,,MN21090-4,37,MN14223-5/MN-Rothsay,1,,,,,,,,,,,,,,,,,,,,,,,,,,,,3.92,99.58,99.58419662,99.58419662,17.55,,,,,
25Lamb_AY1conv,4/15/2025,4,1050,34,3,,1040110050,,Dyna-Gro Ambush,17,2017 Nutrien Ag Solutions,1,14,,86.36,,,,,,,,,,0,,,,,,,,,,,3,7/17/2025 15:14,,,,67.88,60.42137808,60.42137808,,,,,,
25LeCen_AY1,4/11/2025,17,1050,6,2,,1170110050,,TCG-Wildcat,67,2020 21st Century Genetics,1,,,,,0,7/4/2025 16:18,2,7/17/2025 9:06,,,,,,,,,,,,,,,,,,,,3,78.97,78.96571098,78.96571098,14.34,,,,,
25Oklee_AY1,4/26/2025,12,1050,17,2,,1120110050,,LCS Cannon,27,2018 Limagrain Cereal Seeds,1,,,,,0,7/30/2025 11:54,,,,,,,,,,,,,,,,,,,,,,3.98,99.65,99.64914739,,18.74,,,,,
25Perl_AY1,4/21/2025,11,1050,6,2,,1110110050,,Dyna-Gro Ballistic,18,2018 Nutrien Ag Solutions,1,,,,,0,7/28/2025 16:00,,,,,,,,8,7/28/2025 16:00,,,,,,,,,,,,,4.38,115.1,115.1028089,,14.71,,,,,
25Ros_AY1conv,4/25/2025,7,1050,6,2,,1070110050,,CP3678,13,2024 Winfield Untied - Croplan,1,24,,71.12,,,,,,,,,,,8,7/29/2025 15:32,,,,,,,,,,,,,3.17,81.09,81.08783187,81.08783187,16.98,,,,,
25Steph_AY1,4/27/2025,13,1050,6,2,,1130110050,,LCS Cannon,27,2018 Limagrain Cereal Seeds,1,,,,,,,,,,,,,,,,,,,,,,,,,,,,4.34,111.02,111.0161484,,16.98,,,,,
25StP_C-9_AY1-3_URN-PEv2,4/16/2025,1,1050,11,6,,1010110050,,NDHRS15-0006-C46,59,2025 NDSU,1,16,6/16/2025 11:12,75.66666667,,0,6/17/2025 10:54,8,6/27/2025 10:07,4,7/3/2025 10:02,3,7/25/2025 11:24,,,,,,,,,,,,,,,,1.4,80.5,80.50416763,80.50416763,13,80,,,,
25Strath_AY1,5/8/2025,14,1050,6,2,,1140110050,,LCS Hammer AX,29,2022 Limagrain Cereal Seeds,1,,,,,0,7/30/2025 8:40,,,,,,,,,,8,7/30/2025 8:40,,,,,,,,,,,,110.21,110.21,110.21,,,,,,
25Was_AY1,1/1/2025,3,1050,24,2,,1030110050,better leaves,Driver,15,2019 SD State University,1,17,,80,,0,7/17/2025 10:17,,,,,,,3,,,,,,,,,,,,,,,,52.3,52.3,52.3,,,,58.95,15.2,
25Beck_AY1,4/12/2025,9,1051,16,13,,1090110051,,MN22356-2,51,MN15530-4/MN15005-4,1,,,,,,,,,,,,,,,,,,,,,,,,,,,,2.02,53.84,53.83704,53.83704,13.5,,,60.05,12.59,
25Ben_AY1,4/18/2025,16,1051,5,2,,1160110051,,CAG Ceres,8,2024 Champions Alliance Group Inc,1,,,,,0,7/15/2025 11:19,,,,,,,,,,,,2,7/15/2025 11:19,,,,,,,,,3.4,88.93,88.93017517,88.93017517,15.11,,,,,
25Crk_AY1_Conv,4/24/2025,6,1051,4,12,,1060110051,,WB9479,71,2017 WestBred,1,,,,,,,1,8/4/2025 17:58,,,,,,,,,,,,,,,,,,,,,92.27,92.27,92.27,,0,,,,
25Ferg_AY1,4/21/2025,10,1051,5,2,,1100110051,,ND Thresher,58,2023 NDSU,1,,,,,1,7/28/2025 11:25,2,8/5/2025 17:37,,,,,,7,7/28/2025 11:25,,,0,7/15/2025 14:40,,,,,,,,,3.86,104.02,104.0184732,104.0184732,12.54,,,,,
25Hall_AY1,4/26/2025,15,1051,5,2,,1150110051,,Driver,15,2019 SD State University,1,,,,,,,,,,,,,,,,,,,,,,,,,,,,3.97,98.98,98.98287821,98.98287821,19.08,,,,,
25Lamb_AY1conv,4/15/2025,4,1051,35,3,,1040110051,,LCS Cannon,27,2018 Limagrain Cereal Seeds,1,12,,86.36,,,,,,,,,,0,,,,,,,,,,,6,7/17/2025 15:14,,,,67.51,67.87635993,67.87635993,,,,,,
25LeCen_AY1,4/11/2025,17,1051,5,2,,1170110051,,NDHRS15-0006-C46,59,2025 NDSU,1,,,,,0,7/4/2025 16:18,4,7/17/2025 9:06,,,,,,,,,,,,,,,,,,,,3.58,94.41,94.41473803,94.41473803,13.55,,,,,
25Oklee_AY1,4/26/2025,12,1051,16,2,,1120110051,Late|better leaves,Driver,15,2019 SD State University,1,,,,,0,7/30/2025 11:54,,,,,,,,,,,,,,,,,,,,,,4.41,104.71,104.708344,,22.94,,,,,
25Perl_AY1,4/21/2025,11,1051,5,2,,1110110051,,MN22342-2,50,MN16024-6/MN15119-2,1,,,,,0,7/28/2025 16:00,,,,,,,,5,7/28/2025 16:00,,,,,,,,,,,,,3.83,98.54,98.53691168,,16.5,,,,,
25Ros_AY1conv,4/25/2025,7,1051,5,2,,1070110051,,WB9590,72,2017 WestBred,1,20,,63.5,,,,,,,,,,,8,7/29/2025 15:32,,,,,,,,,,,,,3.16,80.47,80.47178553,80.47178553,17.35,,,,,
25Steph_AY1,4/27/2025,13,1051,5,2,,1130110051,,WB9590,72,2017 WestBred,1,,,,,,,,,,,,,,,,,,,,,,,,,,,,4.16,107.24,107.2449366,,16.33,,,,,
25StP_C-9_AY1-3_URN-PEv2,4/16/2025,1,1051,11,7,,1010110051,,Driver,15,2019 SD State University,1,18,6/18/2025 13:17,83,,0,6/17/2025 10:56,7,6/27/2025 10:10,3,7/3/2025 10:05,3,7/25/2025 11:26,,,,,,,,,,,,,,,,1.165,66.84,66.83696584,66.83696584,13.2,80.3,,,,
25Strath_AY1,5/8/2025,14,1051,5,2,,1140110051,,LCS Cannon,27,2018 Limagrain Cereal Seeds,1,,,,,2,7/30/2025 8:40,,,,,,,,,,6,7/30/2025 8:40,,,,,,,,,,,,120.91,120.91,120.91,,,,,,
25Was_AY1,1/1/2025,3,1051,23,2,,1030110051,,MN22406-1,52,MN16360/MN15320-1,1,16,,75,,0,7/17/2025 10:17,,,,,,,3,,,,,,,,,,,,,,,,61.01,61.01,61.01,,,,59.02,15,
25Beck_AY1,4/12/2025,9,1052,17,13,,1090110052,,MN22322-2,48,MN15005/MN14223-5,1,,,,,,,,,,,,,,,,,,,,,,,,,,,,2.08,55.44,55.43616,55.43616,13.5,,,59.48,12.7,
25Ben_AY1,4/18/2025,16,1052,4,2,,1160110052,,AP Smith,5,2021 AgriPro/Syngenta,1,,,,,0,7/15/2025 11:19,,,,,,,,,,,,2,7/15/2025 11:20,,,,,,,,,3.53,94.54,94.5383722,94.5383722,13.08,,,,,
25Crk_AY1_Conv,4/24/2025,6,1052,5,12,,1060110052,,LCS Hammer AX,29,2022 Limagrain Cereal Seeds,1,,,,,,,2,8/4/2025 17:58,,,,,,,,,,,,,,,,,,,,,103.09,103.09,103.09,,0,,,,
25Ferg_AY1,4/21/2025,10,1052,4,2,,1100110052,,MN22154-1,44,BW980/MN10201-4-A//MN15005,1,,,,,1,7/28/2025 11:25,1,8/5/2025 17:37,,,,,,6,7/28/2025 11:25,,,0,7/15/2025 14:41,,,,,,,,,4.03,104.18,104.1791247,104.1791247,16.1,,,,,
25Hall_AY1,4/26/2025,15,1052,4,2,,1150110052,,MN21168-1,38,10FAR-3134-1/MN14223-5,1,,,,,,,,,,,,,,,,,,,,,,,,,,,,4.02,101.86,101.8644986,101.8644986,17.76,,,,,
25Lamb_AY1conv,4/15/2025,4,1052,36,3,,1040110052,,MS Charger,54,"2023 Meridian Seeds, LLC",1,15,,86.36,,,,,,,,,,0,,,,,,,,,,,3,7/17/2025 15:15,,,,79.45,67.50503259,67.50503259,,,,,,
25LeCen_AY1,4/11/2025,17,1052,4,2,,1170110052,,MN22356-2,51,MN15530-4/MN15005-4,1,,,,,0,7/4/2025 16:18,2,7/17/2025 9:06,,,,,,,,,,,,,,,,,,,,3.04,80.05,80.04624185,80.04624185,15.59,,,,,
25Oklee_AY1,4/26/2025,12,1052,15,2,,1120110052,,Dyna-Gro Commander,19,2019 Nutrien Ag Solutions,1,,,,,0,7/30/2025 11:54,,,,,,,,,,,,,,,,,,,,,,4,101.36,101.3577101,,17.76,,,,,
25Perl_AY1,4/21/2025,11,1052,4,2,,1110110052,,AP Murdock,4,2020 AgriPro/Syngenta,1,,,,,1,7/28/2025 16:00,,,,,,,,7,7/28/2025 16:00,,,,,,,,,,,,,4.36,114.44,114.4428869,,14.81,,,,,
25Ros_AY1conv,4/25/2025,7,1052,4,2,,1070110052,,MN21385-1,41,Linkert-gpcB1/MN-Washburn-A//MN13479-8,1,20,,71.12,,,,,,,,,,,7,7/29/2025 15:32,,,,,,,,,,,,,3.89,99.1,99.0977437,99.0977437,17.32,,,,,
25Steph_AY1,4/27/2025,13,1052,4,2,,1130110052,,PFS Muffins,60,2026 Peterson Farms Seed,1,,,,,,,,,,,,,,,,,,,,,,,,,,,,4.71,120.73,120.7273669,,16.81,,,,,
25StP_C-9_AY1-3_URN-PEv2,4/16/2025,1,1052,10,7,,1010110052,,Brawn-SD,7,2022 SD State University,1,17,6/18/2025 13:18,85.66666667,,0,6/17/2025 10:56,6,6/27/2025 10:10,4,7/3/2025 10:05,4,7/25/2025 11:26,,,,,,,,,,,,,,,,1.15,65.9,65.90039436,65.90039436,13.3,79.5,,,,
25Strath_AY1,5/8/2025,14,1052,4,2,,1140110052,,SY Valda,64,2015 AgriPro/Syngenta,1,,,,,3,7/30/2025 8:40,,,,,,,,,,8,7/30/2025 8:40,,,,,,,,,,,,115.64,115.64,115.64,,,,,,
25Was_AY1,1/1/2025,3,1052,22,2,,1030110052,,ND Thresher,58,2023 NDSU,1,19,,80,,0,7/17/2025 10:17,,,,,,,3,,,,,,,,,,,,,,,,52.17,52.17,52.17,,,,57.45,16.28,
25Beck_AY1,4/12/2025,9,1053,18,13,,1090110053,Mechanical,WB9479,71,2017 WestBred,1,,,,,,,,,,,,,,,,,,,,,,,,,,,,1.54,41.04,,,13.5,,,58.08,15.39,
25Ben_AY1,4/18/2025,16,1053,3,2,,1160110053,,AP Elevate,2,2024 AgriPro/Syngenta,1,,,,,0,7/15/2025 11:20,,,,,,,,,,,,1,7/15/2025 11:20,,,,,,,,,3.56,93.93,93.92682434,93.92682434,14.37,,,,,
25Crk_AY1_Conv,4/24/2025,6,1053,6,12,,1060110053,,LCS Trigger,31,2016 Limagrain Cereal Seeds,1,,,,,,,2,8/4/2025 17:58,,,,,,,,,,,,,,,,,,,,,#CALC!,,,,#CALC!,,,,
25Ferg_AY1,4/21/2025,10,1053,3,2,,1100110053,,MN22429-2,53,MN16396/MN14227-4,1,,,,,0,7/28/2025 11:26,0,8/5/2025 17:37,,,,,,8,7/28/2025 11:26,,,2,7/15/2025 14:41,,,,,,,,,3.98,105.01,105.0080789,105.0080789,14.37,,,,,
25Hall_AY1,4/26/2025,15,1053,3,2,,1150110053,,CP3678,13,2024 Winfield Untied - Croplan,1,,,,,,,,,,,,,,,,,,,,,,,,,,,,4.03,101.96,101.9564711,101.9564711,17.89,,,,,
25Lamb_AY1conv,4/15/2025,4,1053,37,3,,1040110053,,LCS Trigger,31,2016 Limagrain Cereal Seeds,1,17,,86.36,,,,,,,,,,0,,,,,,,,,,,2,7/17/2025 15:15,,,,79.41,79.44765847,79.44765847,,,,,,
25LeCen_AY1,4/11/2025,17,1053,3,2,,1170110053,,TCG-Badlands,66,2023 21st Century Genetics,1,,,,,0,7/4/2025 16:18,3,7/17/2025 9:06,,,,,,,,,,,,,,,,,,,,3.26,85.9,85.89615584,85.89615584,14.42,,,,,
25Oklee_AY1,4/26/2025,12,1053,14,2,,1120110053,Tall,Ascend-SD,6,2021 SD State University,1,,,,,3,7/30/2025 11:55,,,,,,,,,,,,,,,,,,,,,,3.94,100.01,100.007301,,17.62,,,,,
25Perl_AY1,4/21/2025,11,1053,3,2,,1110110053,,TCG-Wildcat,67,2020 21st Century Genetics,1,,,,,0,7/28/2025 16:01,,,,,,,,7,7/28/2025 16:01,,,,,,,,,,,,,4.38,113.69,113.6857852,,15.76,,,,,
25Ros_AY1conv,4/25/2025,7,1053,3,2,,1070110053,,LCS Boom,25,2023 Limagrain Cereal Seeds,1,19,,73.66,,,,,,,,,,,7,7/29/2025 15:32,,,,,,,,,,,,,4.02,100.23,100.229514,100.229514,19.08,,,,,
25Steph_AY1,4/27/2025,13,1053,3,2,,1130110053,,AP Murdock,4,2020 AgriPro/Syngenta,1,,,,,,,,,,,,,,,,,,,,,,,,,,,,3.46,90.28,90.2756544,,15.32,,,,,
25StP_C-9_AY1-3_URN-PEv2,4/16/2025,1,1053,9,7,,1010110053,Ragged,MN21385-1,41,Linkert-gpcB1/MN-Washburn-A//MN13479-8,1,16,6/16/2025 11:15,86,,0,6/17/2025 10:56,1,6/27/2025 10:10,0,7/3/2025 10:05,0,7/25/2025 11:26,,,,,,,,,,,,,,,,1.33,76.57,76.5668661,76.5668661,12.9,80.6,,,,
25Strath_AY1,5/8/2025,14,1053,3,2,,1140110053,,MN-Rothsay,34,2022 MN,1,,,,,2,7/30/2025 8:40,,,,,,,,,,3,7/30/2025 8:41,,,,,,,,,,,,129.4,129.4,129.4,,,,,,
25Was_AY1,1/1/2025,3,1053,21,2,,1030110053,better leaves,LCS Trigger,31,2016 Limagrain Cereal Seeds,1,19,,85,,0,7/17/2025 10:17,,,,,,,3,,,,,,,,,,,,,,,,68.94,68.94,68.94,,,,59.33,13.05,
25Beck_AY1,4/12/2025,9,1054,19,13,,1090110054,Thin,Knudson,23,long term check,1,,,,,,,,,,,,,,,,,,,,,,,,,,,,1.12,29.85,,,13.5,,,57.15,15.55,
25Ben_AY1,4/18/2025,16,1054,2,2,,1160110054,,MN22322-2,48,MN15005/MN14223-5,1,,,,,0,7/15/2025 11:20,,,,,,,,,,,,5,7/15/2025 11:20,,,,,,,,,3.78,99.93,99.9292861,99.9292861,14.2,,,,,
25Crk_AY1_Conv,4/24/2025,6,1054,7,12,,1060110054,,MN21089-4,36,MN14223-5/MN-Rothsay,1,,,,,,,1,8/4/2025 17:58,,,,,,,,,,,,,,,,,,,,,103.94,103.94,103.94,,0,,,,
25Ferg_AY1,4/21/2025,10,1054,2,2,,1100110054,,MN-Rothsay,34,2022 MN,1,,,,,1,7/28/2025 11:26,1,8/5/2025 17:37,,,,,,4,7/28/2025 11:26,,,2,7/15/2025 14:41,,,,,,,,,3.72,98.39,98.38895456,98.38895456,14.16,,,,,
25Hall_AY1,4/26/2025,15,1054,2,2,,1150110054,,TW Trailfire,70,2024 Thunder Seed,1,,,,,,,,,,,,,,,,,,,,,,,,,,,,4.77,127.13,127.13004,127.13004,13.5,,,,,
25Lamb_AY1conv,4/15/2025,4,1054,38,3,,1040110054,,ND Stampede,57,2024 NDSU,1,13,,86.36,,,,,,,,,,0,,,,,,,,,,,5,7/17/2025 15:15,,,,84.9,79.40719396,79.40719396,,,,,,
25LeCen_AY1,4/11/2025,17,1054,2,2,,1170110054,,SY 611 CL2,63,2019 AgriPro/Syngenta,1,,,,,1,7/4/2025 16:18,4,7/17/2025 9:07,,,,,,,,,,,,,,,,,,,,2.99,78.69,78.69456671,78.69456671,13.94,,,,,
25Oklee_AY1,4/26/2025,12,1054,13,2,,1120110054,,Dyna-Gro 8582,16,2024 Nutrien Ag Solutions,1,,,,,0,7/30/2025 11:55,,,,,,,,,,,,,,,,,,,,,,4.24,106.69,106.6945189,,18.33,,,,,
25Perl_AY1,4/21/2025,11,1054,2,2,,1110110054,,TCG-Badlands,66,2023 21st Century Genetics,1,,,,,0,7/28/2025 16:01,,,,,,,,5,7/28/2025 16:01,,,,,,,,,,,,,4.72,122.32,122.3216495,,15.89,,,,,
25Ros_AY1conv,4/25/2025,7,1054,2,2,,1070110054,,MN22071-4,42,MN16024-6/MN15005-4,1,22,,76.2,,,,,,,,,,,4,7/29/2025 15:32,,,,,,,,,,,,,3.89,98.16,98.16285933,98.16285933,18.1,,,,,
25Steph_AY1,4/27/2025,13,1054,2,2,,1130110054,,CP3555,12,2024 Winfield Untied - Croplan,1,,,,,,,,,,,,,,,,,,,,,,,,,,,,4.23,106.66,106.6644468,,18.16,,,,,
25StP_C-9_AY1-3_URN-PEv2,4/16/2025,1,1054,8,7,,1010110054,,CP3099A,10,2020 Winfield Untied - Croplan,1,21,6/23/2025 12:09,91.33333333,,0,6/17/2025 10:57,3,6/27/2025 10:10,2,7/3/2025 10:05,3,7/25/2025 11:26,,,,,,,,,,,,,,,,0.91,51.91,51.90668142,51.90668142,13.7,-,,,,
25Strath_AY1,5/8/2025,14,1054,2,2,,1140110054,,CAG Ceres,8,2024 Champions Alliance Group Inc,1,,,,,0,7/30/2025 8:41,,,,,,,,,,7,7/30/2025 8:41,,,,,,,,,,,,128.19,128.19,128.19,,,,,,
25Was_AY1,1/1/2025,3,1054,20,2,,1030110054,,LCS Cannon,27,2018 Limagrain Cereal Seeds,1,10,,80,,0,7/17/2025 10:17,,,,,,,4,,,,,,,,,,,,,some water soaked leaves - start of bls?,7/2/2025 12:16,,56.86,56.86,56.86,,,,58.71,14.69,
25Beck_AY1,4/12/2025,9,1055,19,14,,1090110055,Late,MN22131-3,43,MN15482-4/MN15005-4,1,,,,,,,,,,,,,,,,,,,,,,,,,,,,1.8,47.97,47.9736,47.9736,13.5,,,58.73,14.95,
25Ben_AY1,4/18/2025,16,1055,2,3,,1160110055,,TW Olympic,69,2022 Thunder Seed,1,,,,,0,7/15/2025 11:20,,,,,,,,,,,,1,7/15/2025 11:21,,,,,,,,,3.64,94.06,94.06362767,94.06362767,16.13,,,,,
25Crk_AY1_Conv,4/24/2025,6,1055,8,12,,1060110055,,MN21385-1,41,Linkert-gpcB1/MN-Washburn-A//MN13479-8,1,,,,,,,2,8/4/2025 17:58,,,,,,,,,,,,,,,,,,,,,93.76,93.76,93.76,,0,,,,
25Ferg_AY1,4/21/2025,10,1055,2,3,,1100110055,,Driver,15,2019 SD State University,1,,,,,0,7/28/2025 11:26,0,8/5/2025 17:37,,,,,,6,7/28/2025 11:26,,,2,7/15/2025 14:41,,,,,,,,,3.43,89.85,89.85224193,89.85224193,14.98,,,,,
25Hall_AY1,4/26/2025,15,1055,2,3,,1150110055,nice,MN21089-4,36,MN14223-5/MN-Rothsay,1,,,,,,,,,,,,,,,,,,,,,,,,,,,,4.85,118.7,118.6970699,118.6970699,20.57,,,,,
25Lamb_AY1conv,4/15/2025,4,1055,38,4,,1040110055,,MN21172-3,39,Bolles/MN-Rothsay,1,17,,83.82,,,,,,,,,,0,,,,,,,,,,,2,7/17/2025 15:15,,,,68.87,84.89735587,84.89735587,,,,,,
25LeCen_AY1,4/11/2025,17,1055,2,3,,1170110055,,MN22314-2,47,MN15482-4/MN10201-4-A,1,,,,,0,7/4/2025 16:18,1,7/17/2025 9:07,,,,,,,,,,,,,,,,,,,,3.72,98.14,98.13561341,98.13561341,12.65,,,,,
25Oklee_AY1,4/26/2025,12,1055,13,3,,1120110055,Tall,MN-Torgy,35,2020 MN,1,,,,,0,7/30/2025 11:55,,,,,,,,,,,,,,,,,,,,,,4.22,104.07,104.0718388,,19.96,,,,,
25Perl_AY1,4/21/2025,11,1055,2,3,,1110110055,,LCS Buster,26,2020 Limagrain Cereal Seeds,1,,,,,0,7/28/2025 16:01,,,,,,,,3,7/28/2025 16:01,,,,,,,,,,,,,4.76,121.01,121.0116651,,17.49,,,,,
25Ros_AY1conv,4/25/2025,7,1055,2,3,,1070110055,,MN22199-2,45,MN16360/MN15005,1,22,,71.12,,,,,,,,,,,5,7/29/2025 15:32,,,,,,,,,,,,,3.57,90.95,90.94574422,90.94574422,17.32,,,,,
25Steph_AY1,4/27/2025,13,1055,2,3,,1130110055,,AP Dagr,1,2025 AgriPro/Syngenta,1,,,,,,,,,,,,,,,,,,,,,,,,,,,,3.16,81.85,81.85436188,,15.93,,,,,
25StP_C-9_AY1-3_URN-PEv2,4/16/2025,1,1055,7,7,,1010110055,,SY 611 CL2,63,2019 AgriPro/Syngenta,1,16,6/16/2025 11:15,68.33333333,,0,6/17/2025 10:57,6,6/27/2025 10:10,2,7/3/2025 10:05,3,7/25/2025 11:26,,,,,,,,,,,,,,,,1.015,57.9,57.89591389,57.89591389,13.7,-,,,,
25Strath_AY1,5/8/2025,14,1055,2,3,,1140110055,,LCS Boom,25,2023 Limagrain Cereal Seeds,1,,,,,2,7/30/2025 8:41,,,,,,,,,,7,7/30/2025 8:41,,,,,,,,,,,,108.98,108.98,108.98,,,,,,
25Was_AY1,1/1/2025,3,1055,19,2,,1030110055,better leaves,MN22131-3,43,MN15482-4/MN15005-4,1,19,,80,,0,7/17/2025 10:17,,,,,,,2,,,,,,,,,,,,,,,,64.6,64.6,64.6,,,,58.14,14.97,
25Beck_AY1,4/12/2025,9,1056,18,14,,1090110056,,TCG-Wildcat,67,2020 21st Century Genetics,1,,,,,,,,,,,,,,,,,,,,,,,,,,,,2.22,57.31,57.30691472,57.30691472,16.22,,,59.79,13.2,
25Ben_AY1,4/18/2025,16,1056,3,3,,1160110056,scabby,MN22406-1,52,MN16360/MN15320-1,1,,,,,0,7/15/2025 11:21,,,,,,,,,,,,0,7/15/2025 11:22,,,,,,,,,3.98,103.63,103.6346228,103.6346228,15.49,,,,,
25Crk_AY1_Conv,4/24/2025,6,1056,9,12,,1060110056,,TCG-Arsenal,65,2024 21st Century Genetics,1,,,,,,,1,8/4/2025 17:58,,,,,,,,,,,,,,,,,,,,,114.02,114.02,114.02,,0,,,,
25Ferg_AY1,4/21/2025,10,1056,3,3,,1100110056,,WB9479,71,2017 WestBred,1,,,,,0,7/28/2025 11:26,0,8/5/2025 17:37,,,,,,8,7/28/2025 11:26,,,3,7/15/2025 14:41,,,,,,,,,3.13,83.59,83.59435233,83.59435233,13.32,,,,,
25Hall_AY1,4/26/2025,15,1056,3,3,,1150110056,,TCG-Wildcat,67,2020 21st Century Genetics,1,,,,,,,,,,,,,,,,,,,,,,,,,,,,4.51,114.42,114.4197782,114.4197782,17.66,,,,,
25Lamb_AY1conv,4/15/2025,4,1056,37,4,,1040110056,,LCS Hammer AX,29,2022 Limagrain Cereal Seeds,1,14,,88.9,,,,,,,,,,0,,,,,,,,,,,5,7/17/2025 15:15,,,,70.48,68.86736368,68.86736368,,,,,,
25LeCen_AY1,4/11/2025,17,1056,3,3,,1170110056,,Dyna-Gro 8582,16,2024 Nutrien Ag Solutions,1,,,,,0,7/4/2025 16:18,5,7/17/2025 9:07,,,,,,,,,,,,,,,,,,,,4.2,110.95,110.9493827,110.9493827,14.45,,,,,
25Oklee_AY1,4/26/2025,12,1056,14,3,,1120110056,,CP3915,14,2019 Winfield Untied - Croplan,1,,,,,0,7/30/2025 11:55,,,,,,,,,,,,,,,,,,,,,,3.88,100.39,100.385174,,16.03,,,,,
25Perl_AY1,4/21/2025,11,1056,3,3,,1110110056,,MN21090-4,37,MN14223-5/MN-Rothsay,1,,,,,0,7/28/2025 16:01,,,,,,,,5,7/28/2025 16:01,,,,,,,,,,,,,3.53,92.7,92.70024692,,14.77,,,,,
25Ros_AY1conv,4/25/2025,7,1056,3,3,,1070110056,,MN22227-1,46,MN15413-2/MN10201-4-A//Linkert-gpcB1/MN13288-1-1/3/MN15482-4/Shelly//MN15482-4/MN10261-1,1,21,,68.58,,,,,,,,,,,8,7/29/2025 15:32,,,,,,,,,,,,,3.46,89.52,89.5187376,89.5187376,16.03,,,,,
25Steph_AY1,4/27/2025,13,1056,3,3,,1130110056,,MN21385-1,41,Linkert-gpcB1/MN-Washburn-A//MN13479-8,1,,,,,,,,,,,,,,,,,,,,,,,,,,,,4.11,104.11,104.1070564,,17.79,,,,,
25StP_C-9_AY1-3_URN-PEv2,4/16/2025,1,1056,6,7,,1010110056,,MN22071-4,42,MN16024-6/MN15005-4,1,16,6/16/2025 11:16,80.66666667,,0,6/17/2025 10:57,3,6/27/2025 10:10,1,7/3/2025 10:05,1,7/25/2025 11:26,,,,,,,,,,,,,,,,1.465,83.76,83.7577125,83.7577125,13.5,80,,,,
25Strath_AY1,5/8/2025,14,1056,3,3,,1140110056,,TW Trailfire,70,2024 Thunder Seed,1,,,,,5,7/30/2025 8:41,,,,,,,,,,6,7/30/2025 8:41,,,,,,,,,,,,121.94,121.94,121.94,,,,,,
25Was_AY1,1/1/2025,3,1056,18,2,,1030110056,better leaves,MS Cobra,55,"2022 Meridian Seeds, LLC",1,16,,75,,0,7/17/2025 10:18,,,,,,,3,,,,,,,,,,,,,,,,53.24,53.24,53.24,,,,58.43,15.44,
25Beck_AY1,4/12/2025,9,1057,17,14,,1090110057,,SY 611 CL2,63,2019 AgriPro/Syngenta,1,,,,,,,,,,,,,,,,,,,,,,,,,,,,2.84,73.24,73.24154469,73.24154469,16.3,,,59.21,12.38,
25Ben_AY1,4/18/2025,16,1057,4,3,,1160110057,,MS Cobra,55,"2022 Meridian Seeds, LLC",1,,,,,0,7/15/2025 11:22,,,,,,,,,,,,0,7/15/2025 11:22,,,,,,,,,3.74,99.07,99.06773324,99.06773324,14.03,,,,,
25Crk_AY1_Conv,4/24/2025,6,1057,10,12,,1060110057,,TW Olympic,69,2022 Thunder Seed,1,,,,,,,1,8/4/2025 17:58,,,,,,,,,,,,,,,,,,,,,101.11,101.11,101.11,,0,,,,
25Ferg_AY1,4/21/2025,10,1057,4,3,,1100110057,,MN21385-1,41,Linkert-gpcB1/MN-Washburn-A//MN13479-8,1,,,,,0,7/28/2025 11:26,0,8/5/2025 17:37,,,,,,8,7/28/2025 11:26,,,6,7/15/2025 14:41,,,,,,,,,3.04,81.03,81.03144671,81.03144671,13.49,,,,,
25Hall_AY1,4/26/2025,15,1057,4,3,,1150110057,,MS Charger,54,"2023 Meridian Seeds, LLC",1,,,,,,,,,,,,,,,,,,,,,,,,,,,,4.7,115.76,115.7645796,115.7645796,20.06,,,,,
25Lamb_AY1conv,4/15/2025,4,1057,36,4,,1040110057,,CP3530,11,2022 Winfield Untied - Croplan,1,16,,83.82,,,,,,,,,,0,,,,,,,,,,,5,7/17/2025 15:15,,,,70.73,70.48463085,70.48463085,,,,,,
25LeCen_AY1,4/11/2025,17,1057,4,3,,1170110057,,Knudson,23,long term check,1,,,,,0,7/4/2025 16:18,6,7/17/2025 9:07,,,,,,,,,,,,,,,,,,,,2.86,75.24,75.23662751,75.23662751,14.53,,,,,
25Oklee_AY1,4/26/2025,12,1057,15,3,,1120110057,,TW Trailfire,70,2024 Thunder Seed,1,,,,,1,7/30/2025 11:56,,,,,,,,,,,,,,,,,,,,,,3.81,97.11,97.10670065,,17.28,,,,,
25Perl_AY1,4/21/2025,11,1057,4,3,,1110110057,,CAG Recoil,9,2022 Champions Alliance Group Inc,1,,,,,0,7/28/2025 16:01,,,,,,,,5,7/28/2025 16:01,,,,,,,,,,,,,3.96,104.86,104.8586428,,14.06,,,,,
25Ros_AY1conv,4/25/2025,7,1057,4,3,,1070110057,,PFS Muffins,60,2026 Peterson Farms Seed,1,22,,76.2,,,,,,,,,,,6,7/29/2025 15:32,,,,,,,,,,,,,3.63,94.3,94.29733336,94.29733336,15.69,,,,,
25Steph_AY1,4/27/2025,13,1057,4,3,,1130110057,,MN22342-2,50,MN16024-6/MN15119-2,1,,,,,,,,,,,,,,,,,,,,,,,,,,,,4.74,121.2,121.2042374,,17.01,,,,,
25StP_C-9_AY1-3_URN-PEv2,4/16/2025,1,1057,5,7,,1010110057,,WB9479,71,2017 WestBred,1,13,6/12/2025 10:19,76.66666667,,0,6/17/2025 10:57,6,6/27/2025 10:10,2,7/3/2025 10:05,4,7/25/2025 11:26,,,,,,,,,,,,,,,,1.265,71.82,71.8215486,71.8215486,14.1,77.6,,,,
25Strath_AY1,5/8/2025,14,1057,4,3,,1140110057,,Dyna-Gro Rocker,20,2023 Nutrien Ag Solutions,1,,,,,7,7/30/2025 8:41,,,,,,,,,,5,7/30/2025 8:41,,,,,,,,,,,,119.63,119.63,119.63,,,,,,
25Was_AY1,1/1/2025,3,1057,17,2,,1030110057,better leaves,SY 611 CL2,63,2019 AgriPro/Syngenta,1,16,,80,,0,7/17/2025 10:18,,,,,,,3,,,,,,,,,,,,,,,,60.19,60.19,60.19,,,,58.8,15.36,
25Beck_AY1,4/12/2025,9,1058,16,14,,1090110058,Mechanical,PFS Muffins,60,2026 Peterson Farms Seed,1,,,,,,,,,,,,,,,,,,,,,,,,,,,,2.26,58.53,,,15.95,,,58.63,11.85,
25Ben_AY1,4/18/2025,16,1058,5,3,,1160110058,,WB9479,71,2017 WestBred,1,,,,,0,7/15/2025 11:22,,,,,,,,,,,,1,7/15/2025 11:22,,,,,,,,,3.81,98.66,98.65627566,98.65627566,15.96,,,,,
25Crk_AY1_Conv,4/24/2025,6,1058,11,12,,1060110058,,MN21172-3,39,Bolles/MN-Rothsay,1,,,,,,,1,8/4/2025 17:58,,,,,,,,,,,,,,,,,,,,,115.43,115.43,115.43,,0,,,,
25Ferg_AY1,4/21/2025,10,1058,5,3,,1100110058,,AP Iconic,3,2025 AgriPro/Syngenta,1,,,,,1,7/28/2025 11:26,1,8/5/2025 17:37,,,,,,7,7/28/2025 11:26,,,0,7/15/2025 14:41,,,,,,,,,3.75,100.31,100.3147387,100.3147387,13.18,,,,,
25Hall_AY1,4/26/2025,15,1058,5,3,,1150110058,,MN22071-4,42,MN16024-6/MN15005-4,1,,,,,,,,,,,,,,,,,,,,,,,,,,,,3.81,95.04,95.04060064,95.04060064,19.04,,,,,
25Lamb_AY1conv,4/15/2025,4,1058,35,4,,1040110058,,LCS Dual,28,2021 Limagrain Cereal Seeds,1,13,,91.44,,,,,,,,,,0,,,,,,,,,,,4,7/17/2025 15:15,,,,71.96,70.73210007,70.73210007,,,,,,
25LeCen_AY1,4/11/2025,17,1058,5,3,,1170110058,,CAG Recoil,9,2022 Champions Alliance Group Inc,1,,,,,0,7/4/2025 16:18,0,7/17/2025 9:07,,,,,,,,,,,,,,,,,,,,3.84,101.34,101.3437956,101.3437956,13.51,,,,,
25Oklee_AY1,4/26/2025,12,1058,16,3,,1120110058,,Dyna-Gro Ballistic,18,2018 Nutrien Ag Solutions,1,,,,,0,7/30/2025 11:56,,,,,,,,,,,,,,,,,,,,,,4.24,108.24,108.2360829,,17.15,,,,,
25Perl_AY1,4/21/2025,11,1058,5,3,,1110110058,,MN-Torgy,35,2020 MN,1,,,,,0,7/28/2025 16:01,,,,,,,,4,7/28/2025 16:01,,,,,,,,,,,,,3.32,85.72,85.7226917,,16.2,,,,,
25Ros_AY1conv,4/25/2025,7,1058,5,3,,1070110058,,MN22356-2,51,MN15530-4/MN15005-4,1,21,,73.66,,,,,,,,,,,7,7/29/2025 15:32,,,,,,,,,,,,,3.48,86.95,86.94812909,86.94812909,18.91,,,,,
25Steph_AY1,4/27/2025,13,1058,5,3,,1130110058,,MN22406-1,52,MN16360/MN15320-1,1,,,,,,,,,,,,,,,,,,,,,,,,,,,,4.55,119.77,119.7665392,,14.57,,,,,
25StP_C-9_AY1-3_URN-PEv2,4/16/2025,1,1058,4,7,,1010110058,,MN22322-2,48,MN15005/MN14223-5,1,18,6/18/2025 13:18,78.33333333,,0,6/17/2025 10:57,5,6/27/2025 10:10,2,7/3/2025 10:05,3,7/25/2025 11:26,,,,,,,,,,,,,,,,1.35,76.56,76.5582737,76.5582737,14.2,79.2,,,,
25Strath_AY1,5/8/2025,14,1058,5,3,,1140110058,nice,MN22199-2,45,MN16360/MN15005,1,,,,,0,7/30/2025 8:41,,,,,,,,,,3,7/30/2025 8:42,,,,,,,,,,,,127.33,127.33,127.33,,,,,,
25Was_AY1,1/1/2025,3,1058,16,2,,1030110058,,ND Stampede,57,2024 NDSU,1,14,,80,,0,7/17/2025 10:18,,,,,,,3,,,,,,,,,,,,,many water soaked leaves,7/2/2025 12:16,,57.59,57.59,57.59,,,,58.73,15.92,
25Beck_AY1,4/12/2025,9,1059,15,14,,1090110059,,Marshall,33,long term check,1,,,,,,,,,,,,,,,,,,,,,,,,,,,,1.48,39.44,39.44496,39.44496,13.5,,,57.08,12.44,
25Ben_AY1,4/18/2025,16,1059,6,3,,1160110059,,LCS Rimfire,30,2025 Limagrain Cereal Seeds,1,,,,,1,7/15/2025 11:22,,,,,,,,,,,,1,7/15/2025 11:22,,,,,,,,,3.7,97.59,97.58637503,97.58637503,14.4,,,,,
25Crk_AY1_Conv,4/24/2025,6,1059,12,12,,1060110059,,MN22342-2,50,MN16024-6/MN15119-2,1,,,,,,,2,8/4/2025 17:58,,,,,,,,,,,,,,,,,,,,,103.17,103.17,103.17,,Dirty Sample,,,,
25Ferg_AY1,4/21/2025,10,1059,6,3,,1100110059,,TCG-Badlands,66,2023 21st Century Genetics,1,,,,,0,7/28/2025 11:26,0,8/5/2025 17:37,,,,,,8,7/28/2025 11:27,,,3,7/15/2025 14:41,,,,,,,,,3.09,82.89,82.88784325,82.88784325,12.94,,,,,
25Hall_AY1,4/26/2025,15,1059,6,3,,1150110059,,MN22314-2,47,MN15482-4/MN10201-4-A,1,,,,,,,,,,,,,,,,,,,,,,,,,,,,3.84,97.35,97.35072821,97.35072821,17.72,,,,,
25Lamb_AY1conv,4/15/2025,4,1059,34,4,,1040110059,,NDHRS15-0006-C46,59,2025 NDSU,1,14,,88.9,,,,,,,,,,0,,,,,,,,,,,5,7/17/2025 15:15,,,,82.43,71.96077601,71.96077601,,,,,,
25LeCen_AY1,4/11/2025,17,1059,6,3,,1170110059,,TW Olympic,69,2022 Thunder Seed,1,,,,,0,7/4/2025 16:18,3,7/17/2025 9:07,,,,,,,,,,,,,,,,,,,,3.56,93.9,93.89718936,93.89718936,14.89,,,,,
25Oklee_AY1,4/26/2025,12,1059,17,3,,1120110059,,TCG-Zelda,68,2023 21st Century Genetics,1,,,,,0,7/30/2025 11:56,,,,,,,,,,,,,,,,,,,,,,4.36,110.48,110.479904,,17.76,,,,,
25Perl_AY1,4/21/2025,11,1059,6,3,,1110110059,,WB9479,71,2017 WestBred,1,,,,,0,7/28/2025 16:01,,,,,,,,6,7/28/2025 16:01,,,,,,,,,,,,,3.68,97.52,97.52376594,,13.99,,,,,
25Ros_AY1conv,4/25/2025,7,1059,6,3,,1070110059,,Knudson,23,long term check,1,22,,76.2,,,,,,,,,,,7,7/29/2025 15:32,,,,,,,,,,,,,2.71,69.15,69.15414468,69.15414468,17.18,,,,,
25Steph_AY1,4/27/2025,13,1059,6,3,,1130110059,,CP3678,13,2024 Winfield Untied - Croplan,1,,,,,,,,,,,,,,,,,,,,,,,,,,,,4.76,122.32,122.3169661,,16.6,,,,,
25StP_C-9_AY1-3_URN-PEv2,4/16/2025,1,1059,3,7,,1010110059,,Enhance-SD,21,2024 SD State University,1,13,6/13/2025 13:33,83.33333333,,1,6/17/2025 10:57,6,6/27/2025 10:11,4,7/3/2025 10:05,4,7/25/2025 11:27,,,,,,,,,,,,,,,,1.375,77.98,77.97601951,77.97601951,14.2,77.3,,,,
25Strath_AY1,5/8/2025,14,1059,6,3,,1140110059,,Ascend-SD,6,2021 SD State University,1,,,,,5,7/30/2025 8:42,,,,,,,,,,7,7/30/2025 8:42,,,,,,,,,,,,109.74,109.74,109.74,,,,,,
25Was_AY1,1/1/2025,3,1059,15,2,,1030110059,,MS Nova,56,"2023 Meridian Seeds, LLC",1,12,,75,,0,7/17/2025 10:18,,,,,,,3,,,,,,,,,,,,,,,,48.26,48.26,48.26,,,,58,15.29,
25Beck_AY1,4/12/2025,9,1060,14,14,,1090110060,,MN22071-4,42,MN16024-6/MN15005-4,1,,,,,,,,,,,,,,,,,,,,,,,,,,purple stem,7/16/2025 18:14,1.86,49.57,49.57272,49.57272,13.5,,,59.49,12.21,
25Ben_AY1,4/18/2025,16,1060,7,3,,1160110060,,Enhance-SD,21,2024 SD State University,1,,,,,0,7/15/2025 11:22,,,,,,,,,,,,0,7/15/2025 11:22,,,,,,,,,4.04,105.25,105.2467452,105.2467452,15.45,,,,,
25Crk_AY1_Conv,4/24/2025,6,1060,13,12,,1060110060,,Glenn,22,long term check,1,,,,,,,1,8/4/2025 17:58,,,,,,,,,,,,,,,,,,,,,95.2,95.2,95.2,,Dirty Sample,,,,
25Ferg_AY1,4/21/2025,10,1060,7,3,,1100110060,,TCG-Arsenal,65,2024 21st Century Genetics,1,,,,,0,7/28/2025 11:27,0,8/5/2025 17:37,,,,,,7,7/28/2025 11:27,,,1,7/15/2025 14:41,,,,,,,,,3.5,93.34,93.33592023,93.33592023,13.45,,,,,
25Hall_AY1,4/26/2025,15,1060,7,3,,1150110060,,MN22154-1,44,BW980/MN10201-4-A//MN15005,1,,,,,,,,,,,,,,,,,,,,,,,,,,,,4.05,100.98,100.9774954,100.9774954,19.08,,,,,
25Lamb_AY1conv,4/15/2025,4,1060,33,4,,1040110060,,MS Nova,56,"2023 Meridian Seeds, LLC",1,12,,86.36,,,,,,,,,,0,,,,,,,,,,,6,7/17/2025 15:15,,,,67.98,82.43145585,82.43145585,,,,,,
25LeCen_AY1,4/11/2025,17,1060,7,3,,1170110060,,SY Valda,64,2015 AgriPro/Syngenta,1,,,,,0,7/4/2025 16:18,4,7/17/2025 9:07,,,,,,,,,,,,,,,,,,,,3.7,97.62,97.6207237,97.6207237,14.22,,,,,
25Oklee_AY1,4/26/2025,12,1060,18,3,,1120110060,,AP Murdock,4,2020 AgriPro/Syngenta,1,,,,,0,7/30/2025 11:56,,,,,,,,,,,,,,,,,,,,,,4.05,104.45,104.446569,,16.3,,,,,
25Perl_AY1,4/21/2025,11,1060,7,3,,1110110060,,SY Valda,64,2015 AgriPro/Syngenta,1,,,,,0,7/28/2025 16:01,,,,,,,,4,7/28/2025 16:01,,,,,,,,,,,,,3.96,101.59,101.5886735,,16.74,,,,,
25Ros_AY1conv,4/25/2025,7,1060,7,3,,1070110060,,MN22131-3,43,MN15482-4/MN15005-4,1,22,,71.12,,,,,,,,,,,7,7/29/2025 15:33,,,,,,,,,,,,,3.35,84.4,84.40195415,84.40195415,18.23,,,,,
25Steph_AY1,4/27/2025,13,1060,7,3,,1130110060,,AP Iconic,3,2025 AgriPro/Syngenta,1,,,,,,,,,,,,,,,,,,,,,,,,,,,,4.67,121.9,121.9035982,,15.28,,,,,
25StP_C-9_AY1-3_URN-PEv2,4/16/2025,1,1060,2,7,,1010110060,,LCS Hammer AX,29,2022 Limagrain Cereal Seeds,1,16,6/16/2025 11:16,77.33333333,,0,6/17/2025 10:57,8,6/27/2025 10:11,5,7/3/2025 10:05,7,7/25/2025 11:27,,,,,,,,,,,,,,,,1.035,59.04,59.03672007,59.03672007,13.7,-,,,,
25Strath_AY1,5/8/2025,14,1060,7,3,,1140110060,,Dyna-Gro Ballistic,18,2018 Nutrien Ag Solutions,1,,,,,4,7/30/2025 8:42,,,,,,,,,,8,7/30/2025 8:42,,,,,,,,,,,,106.94,106.94,106.94,,,,,,
25Was_AY1,1/1/2025,3,1060,14,2,,1030110060,,AP Iconic,3,2025 AgriPro/Syngenta,1,16,,80,,0,7/17/2025 10:18,,,,,,,3,,,,,,,,,,,,,,,,54.17,54.17,54.17,,,,59.23,15.41,
25Beck_AY1,4/12/2025,9,1061,13,14,,1090110061,,MN21385-1,41,Linkert-gpcB1/MN-Washburn-A//MN13479-8,1,,,,,,,,,,,,,,,,,,,,,,,,,,purple stem,7/16/2025 18:15,1.8,47.97,47.9736,47.9736,13.5,,,58.31,11.96,
25Ben_AY1,4/18/2025,16,1061,8,3,,1160110061,,Linkert,32,2013 MN,1,,,,,0,7/15/2025 11:22,,,,,,,,,,,,0,7/15/2025 11:23,,,,,,,,,3.21,84.46,84.46496379,84.46496379,14.6,,,,,
25Crk_AY1_Conv,4/24/2025,6,1061,14,12,,1060110061,,AP Murdock,4,2020 AgriPro/Syngenta,1,,,,,,,2,8/4/2025 17:58,,,,,,,,,,,,,,,,,,,,,102.75,102.75,102.75,,0,,,,
25Ferg_AY1,4/21/2025,10,1061,8,3,,1100110061,,MS Cobra,55,"2022 Meridian Seeds, LLC",1,,,,,0,7/28/2025 11:27,0,8/5/2025 17:37,,,,,,7,7/28/2025 11:27,,,1,7/15/2025 14:41,,,,,,,,,3.63,96.42,96.4224067,96.4224067,13.79,,,,,
25Hall_AY1,4/26/2025,15,1061,8,3,,1150110061,,PFS Muffins,60,2026 Peterson Farms Seed,1,,,,,,,,,,,,,,,,,,,,,,,,,,,,4.27,107.27,107.2652414,107.2652414,18.47,,,,,
25Lamb_AY1conv,4/15/2025,4,1061,32,4,,1040110061,,SY Valda,64,2015 AgriPro/Syngenta,1,14,,91.44,,,,,,,,,,0,,,,,,,,,,,2,7/17/2025 15:15,,,,72.02,67.98246697,67.98246697,,,,,,
25LeCen_AY1,4/11/2025,17,1061,8,3,,1170110061,,LCS Rimfire,30,2025 Limagrain Cereal Seeds,1,,,,,0,7/4/2025 16:19,5,7/17/2025 9:07,,,,,,,,,,,,,,,,,,,,3.7,97.6,97.60303584,97.60303584,12.69,,,,,
25Oklee_AY1,4/26/2025,12,1061,19,3,,1120110061,,SY 611 CL2,63,2019 AgriPro/Syngenta,1,,,,,0,7/30/2025 11:56,,,,,,,,,,,,,,,,,,,,,,4.11,106.3,106.2978508,,16.06,,,,,
25Perl_AY1,4/21/2025,11,1061,8,3,,1110110061,,CP3678,13,2024 Winfield Untied - Croplan,1,,,,,0,7/28/2025 16:01,,,,,,,,6,7/28/2025 16:01,,,,,,,,,,,,,3.75,99.22,99.21707688,,14.13,,,,,
25Ros_AY1conv,4/25/2025,7,1061,8,3,,1070110061,,TCG-Badlands,66,2023 21st Century Genetics,1,22,,76.2,,,,,,,,,,,9,7/29/2025 15:33,,,,,,,,,,,,,3.12,81.12,81.11624013,81.11624013,15.62,,,,,
25Steph_AY1,4/27/2025,13,1061,8,3,,1130110061,,LCS Ascent,24,2022 Limagrain Cereal Seeds,1,,,,,,,,,,,,,,,,,,,,,,,,,,,,4.66,118.67,118.6704179,,17.35,,,,,
25StP_C-9_AY1-3_URN-PEv2,4/16/2025,1,1061,2,8,,1010110061,,PFS Muffins,60,2026 Peterson Farms Seed,1,18,6/18/2025 13:19,79.33333333,,0,6/17/2025 10:57,7,6/27/2025 10:11,2,7/3/2025 10:06,4,7/25/2025 11:27,,,,,,,,,,,,,,,,1.21,68.38,68.37897095,68.37897095,14.5,77.3,,,,
25Strath_AY1,5/8/2025,14,1061,8,3,,1140110061,,AP Murdock,4,2020 AgriPro/Syngenta,1,,,,,3,7/30/2025 8:42,,,,,,,,,,6,7/30/2025 8:42,,,,,,,,,,,,111.53,111.53,111.53,,,,,,
25Was_AY1,1/1/2025,3,1061,13,2,,1030110061,,MN21385-1,41,Linkert-gpcB1/MN-Washburn-A//MN13479-8,1,14,,75,,0,7/17/2025 10:18,,,,,,,3,,,,,,,,,,,,,water soaked leaves,7/2/2025 12:16,,53.14,53.14,53.14,,,,58.09,14.88,
25Beck_AY1,4/12/2025,9,1062,12,14,,1090110062,,MN22429-2,53,MN16396/MN14227-4,1,,,,,,,,,,,,,,,,,,,,,,,,,,,,2.16,55.52,55.51848849,55.51848849,16.58,,,58.83,12.63,
25Ben_AY1,4/18/2025,16,1062,9,3,,1160110062,,MN21168-1,38,10FAR-3134-1/MN14223-5,1,,,,,0,7/15/2025 11:23,,,,,,,,,,,,1,7/15/2025 11:23,,,,,,,,,4.06,112.26,112.2601959,112.2601959,10.26,,,,,
25Crk_AY1_Conv,4/24/2025,6,1062,15,12,,1060110062,,MN22356-2,51,MN15530-4/MN15005-4,1,,,,,,,2,8/4/2025 17:58,,,,,,,,,,,,,,,,,,,,,105.72,105.72,105.72,,0,,,,
25Ferg_AY1,4/21/2025,10,1062,9,3,,1100110062,,MN21089-4,36,MN14223-5/MN-Rothsay,1,,,,,0,7/28/2025 11:27,0,8/5/2025 17:37,,,,,,5,7/28/2025 11:27,,,0,7/15/2025 14:41,,,,,,,,,3.91,100.92,100.9204016,100.9204016,16.23,,,,,
25Hall_AY1,4/26/2025,15,1062,9,3,,1150110062,nice,MN22322-2,48,MN15005/MN14223-5,1,,,,,,,,,,,,,,,,,,,,,,,,,,,,3.93,99.17,99.17224606,99.17224606,18.1,,,,,
25Lamb_AY1conv,4/15/2025,4,1062,31,4,,1040110062,,Dyna-Gro Rocker,20,2023 Nutrien Ag Solutions,1,16,,86.36,,,,,,,,,,0,,,,,,,,,,,2,7/17/2025 15:16,,,,74.33,72.02118528,72.02118528,,,,,,
25LeCen_AY1,4/11/2025,17,1062,9,3,,1170110062,Ragged,AP Elevate,2,2024 AgriPro/Syngenta,1,,,,,0,7/4/2025 16:19,1,7/17/2025 9:07,,,,,,,,,,,,,,,,,,,,3.79,100.02,100.0229875,100.0229875,14.53,,,,,
25Oklee_AY1,4/26/2025,12,1062,20,3,,1120110062,Late,LCS Trigger,31,2016 Limagrain Cereal Seeds,1,,,,,0,7/30/2025 11:56,,,,,,,,,,,,,,,,,,,,,,3.94,97.79,97.78572583,,19.45,,,,,
25Perl_AY1,4/21/2025,11,1062,9,3,,1110110062,,MN21385-1,41,Linkert-gpcB1/MN-Washburn-A//MN13479-8,1,,,,,0,7/28/2025 16:01,,,,,,,,7,7/28/2025 16:01,,,4,7/15/2025 16:14,,,,,,,,,3.11,80.37,80.36755002,,16.13,,,,,
25Ros_AY1conv,4/25/2025,7,1062,9,3,,1070110062,,LCS Rimfire,30,2025 Limagrain Cereal Seeds,1,19,,71.12,,,,,,,,,,,9,7/29/2025 15:33,,,,,,,,,,,,,3.08,79.08,79.07984246,79.07984246,16.67,,,,,
25Steph_AY1,4/27/2025,13,1062,9,3,,1130110062,,CP3530,11,2022 Winfield Untied - Croplan,1,,,,,,,,,,,,,,,,,,,,,,,,,,,,3.78,97.52,97.51840473,,16.27,,,,,
25StP_C-9_AY1-3_URN-PEv2,4/16/2025,1,1062,3,8,,1010110062,,MS Nova,56,"2023 Meridian Seeds, LLC",1,13,6/12/2025 10:19,77.33333333,,0,6/17/2025 10:57,8,6/27/2025 10:11,4,7/3/2025 10:06,7,7/25/2025 11:27,,,,,,,,,,,,,,,,0.91,51.91,51.90668142,51.90668142,13.7,-,,,,
25Strath_AY1,5/8/2025,14,1062,9,3,,1140110062,,TW Olympic,69,2022 Thunder Seed,1,,,,,2,7/30/2025 8:42,,,,,,,,,,4,7/30/2025 8:42,,,,,,,,,,,,122.18,122.18,122.18,,,,,,
25Was_AY1,1/1/2025,3,1062,12,2,,1030110062,,PFS Muffins,60,2026 Peterson Farms Seed,1,16,,75,,0,7/17/2025 10:18,,,,,,,3,,,,,,,,,,,,,,,,55.88,55.88,55.88,,,,58.7,15.58,
25Beck_AY1,4/12/2025,9,1063,11,14,,1090110063,,CP3099A,10,2020 Winfield Untied - Croplan,1,,,,,,,,,,,,,,,,,,,,,,,,,,,,2.62,68.67,68.67385407,68.67385407,14.93,,,56.99,10.52,
25Ben_AY1,4/18/2025,16,1063,10,3,,1160110063,,Driver,15,2019 SD State University,1,,,,,0,7/15/2025 11:23,,,,,,,,,,,,0,7/15/2025 11:23,,,,,,,,,3.32,87.91,87.91179146,87.91179146,14.06,,,,,
25Crk_AY1_Conv,4/24/2025,6,1063,16,12,,1060110063,,Linkert,32,2013 MN,1,,,,,,,2,8/4/2025 17:58,,,,,,,,,,,,,,,,,,,,,95.45,95.45,95.45,,0,,,,
25Ferg_AY1,4/21/2025,10,1063,10,3,,1100110063,,MN21090-4,37,MN14223-5/MN-Rothsay,1,,,,,1,7/28/2025 11:27,1,8/5/2025 17:37,,,,,,7,7/28/2025 11:27,,,1,7/15/2025 14:41,,,,,,,,,3.79,101.5,101.5015384,101.5015384,13.08,,,,,
25Hall_AY1,4/26/2025,15,1063,10,3,,1150110063,,AP Murdock,4,2020 AgriPro/Syngenta,1,,,,,,,,,,,,,,,,,,,,,,,,,,,,3.66,95.54,95.53900844,95.53900844,15.28,,,,,
25Lamb_AY1conv,4/15/2025,4,1063,30,4,,1040110063,,Shelly,62,2016 MN,1,16,,86.36,,,,,,,,,,0,,,,,,,,,,,2,7/17/2025 15:16,,,,83.8,74.3318157,74.3318157,,,,,,
25LeCen_AY1,4/11/2025,17,1063,10,3,,1170110063,,LCS Trigger,31,2016 Limagrain Cereal Seeds,1,,,,,0,7/4/2025 16:19,3,7/17/2025 9:07,,,,,,,,,,,,,,,,,,,,4.08,107.76,107.7562294,107.7562294,14.89,,,,,
25Oklee_AY1,4/26/2025,12,1063,21,3,,1120110063,Purple stem,MN22071-4,42,MN16024-6/MN15005-4,1,,,,,0,7/30/2025 11:57,,,,,,,,,,,,,,,,,,,,,,3.72,91.39,91.38573331,,20.27,,,,,
25Perl_AY1,4/21/2025,11,1063,10,3,,1110110063,,TCG-Zelda,68,2023 21st Century Genetics,1,,,,,0,7/28/2025 16:01,,,,,,,,8,7/28/2025 16:02,,,,,,,,,,,,,3.31,87.23,87.22885322,,14.47,,,,,
25Ros_AY1conv,4/25/2025,7,1063,10,3,,1070110063,,CP3099A,10,2020 Winfield Untied - Croplan,1,27,,86.36,,,,,,,,,,,7,7/29/2025 15:33,,,,,,,,,,,,,3.96,106.23,106.2251972,106.2251972,12.94,,,,,
25Steph_AY1,4/27/2025,13,1063,10,3,,1130110063,,MN21090-4,37,MN14223-5/MN-Rothsay,1,,,,,,,,,,,,,,,,,,,,,,,,,,,,4.35,112.91,112.9071155,,15.76,,,,,
25StP_C-9_AY1-3_URN-PEv2,4/16/2025,1,1063,4,8,,1010110063,Nice Color (harvest),MN22341-1,49,MN15320-1/MN14105-7,1,18,6/18/2025 13:19,76,,0,6/17/2025 10:57,1,6/27/2025 10:11,1,7/3/2025 10:06,0,7/25/2025 11:27,,,,,,,,,,,,,,,,1.26,71.54,71.53766896,71.53766896,14.1,75.1,,,,
25Strath_AY1,5/8/2025,14,1063,10,3,,1140110063,,MN-Torgy,35,2020 MN,1,,,,,1,7/30/2025 8:42,,,,,,,,,,4,7/30/2025 8:43,,,,,,,,,,,,117.28,117.28,117.28,,,,,,
25Was_AY1,1/1/2025,3,1063,11,2,,1030110063,,AP Dagr,1,2025 AgriPro/Syngenta,1,16,,75,,0,7/17/2025 10:18,,,,,,,3,,,,,,,,,,,,,,,,59.19,59.19,59.19,,,,56.89,14.59,
25Beck_AY1,4/12/2025,9,1064,10,14,,1090110064,,LCS Dual,28,2021 Limagrain Cereal Seeds,1,,,,,,,,,,,,,,,,,,,,,,,,,,,,2.38,60.8,60.79915863,60.79915863,17.09,,,59.49,11.47,
25Ben_AY1,4/18/2025,16,1064,11,3,,1160110064,,LCS Boom,25,2023 Limagrain Cereal Seeds,1,,,,,0,7/15/2025 11:23,,,,,,,,,,,,0,7/15/2025 11:23,,,,,,,,,3.56,91.84,91.84273038,91.84273038,16.27,,,,,
25Crk_AY1_Conv,4/24/2025,6,1064,17,12,,1060110064,,MS Charger,54,"2023 Meridian Seeds, LLC",1,,,,,,,3,8/4/2025 17:58,,,,,,,,,,,,,,,,,,,,,105.83,105.83,105.83,,0,,,,
25Ferg_AY1,4/21/2025,10,1064,11,3,,1100110064,,MN21168-1,38,10FAR-3134-1/MN14223-5,1,,,,,0,7/28/2025 11:28,0,8/5/2025 17:37,,,,,,8,7/28/2025 11:28,,,2,7/15/2025 14:41,,,,,,,,,3.7,99.83,99.83222969,99.83222969,12.43,,,,,
25Hall_AY1,4/26/2025,15,1064,11,3,,1150110064,,CAG Ceres,8,2024 Champions Alliance Group Inc,1,,,,,,,,,,,,,,,,,,,,,,,,,,,,4.04,104.03,104.0268539,104.0268539,16.43,,,,,
25Lamb_AY1conv,4/15/2025,4,1064,29,4,,1040110064,,Knudson,23,long term check,1,14,,81.28,,,,,,,,,,0,,,,,,,,,,,5,7/17/2025 15:16,,,,60.14,83.79991684,83.79991684,,,,,,
25LeCen_AY1,4/11/2025,17,1064,11,3,,1170110064,,MN22322-2,48,MN15005/MN14223-5,1,,,,,0,7/4/2025 16:19,3,7/17/2025 9:07,,,,,,,,,,,,,,,,,,,,4.06,107.22,107.2218021,107.2218021,14.77,,,,,
25Oklee_AY1,4/26/2025,12,1064,22,3,,1120110064,,MN22342-2,50,MN16024-6/MN15119-2,1,,,,,0,7/30/2025 11:57,,,,,,,,,,,,,,,,,,,,,,3.44,87.68,87.67639114,,17.28,,,,,
25Perl_AY1,4/21/2025,11,1064,11,3,,1110110064,,MN21089-4,36,MN14223-5/MN-Rothsay,1,,,,,0,7/28/2025 16:02,,,,,,,,7,7/28/2025 16:02,,,,,,,,,,,,,3.42,87.56,87.55653417,,16.91,,,,,
25Ros_AY1conv,4/25/2025,7,1064,11,3,,1070110064,,TCG-Arsenal,65,2024 21st Century Genetics,1,24,,78.74,,,,,,,,,,,5,7/29/2025 15:33,,,,,,,,,,,,,3.96,100.6,100.6003619,100.6003619,17.55,,,,,
25Steph_AY1,4/27/2025,13,1064,11,3,,1130110064,,Glenn,22,long term check,1,,,,,,,,,,,,,,,,,,,,,,,,,,,,3.89,100.93,100.9315554,,15.79,,,,,
25StP_C-9_AY1-3_URN-PEv2,4/16/2025,1,1064,5,8,,1010110064,,WB9590,72,2017 WestBred,1,13,6/12/2025 10:19,73.33333333,,0,6/17/2025 10:57,6,6/27/2025 10:11,2,7/3/2025 10:06,5,7/25/2025 11:27,,,,,,,,,,,,,,,,1.11,62.87,62.87454806,62.87454806,14.3,76.3,,,,
25Strath_AY1,5/8/2025,14,1064,11,3,,1140110064,nice,MN22341-1,49,MN15320-1/MN14105-7,1,,,,,0,7/30/2025 8:43,,,,,,,,,,4,7/30/2025 8:43,,,,,,,,,,,,117.83,117.83,117.83,,,,,,
25Was_AY1,1/1/2025,3,1064,10,2,,1030110064,,CP3099A,10,2020 Winfield Untied - Croplan,1,23,,90,,0,7/17/2025 10:18,,,,,,,2,,,,,,,,,,,,,heading June 20,7/2/2025 12:16,,55.73,55.73,55.73,,,,55.77,13.31,
25Beck_AY1,4/12/2025,9,1065,9,14,,1090110065,,AP Smith,5,2021 AgriPro/Syngenta,1,,,,,,,,,,,,,,,,,,,,,,,,,,,,2.04,51.65,51.64843322,51.64843322,17.83,,,NA,NA,CLOG
25Ben_AY1,4/18/2025,16,1065,12,3,,1160110065,,MN22341-1,49,MN15320-1/MN14105-7,1,,,,,0,7/15/2025 11:23,,,,,,,,,,,,1,7/15/2025 11:24,,,,,,,,,3.7,97.31,97.31276837,97.31276837,14.64,,,,,
25Crk_AY1_Conv,4/24/2025,6,1065,18,12,,1060110065,,MN22131-3,43,MN15482-4/MN15005-4,1,,,,,,,2,8/4/2025 17:58,,,,,,,,,,,,,,,,,,,,,102.14,102.14,102.14,,0,,,,
25Ferg_AY1,4/21/2025,10,1065,12,3,,1100110065,,MS Nova,56,"2023 Meridian Seeds, LLC",1,,,,,0,7/28/2025 11:28,0,8/5/2025 17:37,,,,,,8,7/28/2025 11:28,,,2,7/15/2025 14:41,,,,,,,,,3.4,90.56,90.56442035,90.56442035,13.55,,,,,
25Hall_AY1,4/26/2025,15,1065,12,3,,1150110065,,TW Olympic,69,2022 Thunder Seed,1,,,,,,,,,,,,,,,,,,,,,,,,,,,,4.46,112.18,112.1755874,112.1755874,18.37,,,,,
25Lamb_AY1conv,4/15/2025,4,1065,28,4,,1040110065,,TW Trailfire,70,2024 Thunder Seed,1,12,,88.9,,,,,,,,,,0,,,,,,,,,,,5,7/17/2025 15:16,,,,69.71,60.14071972,60.14071972,,,,,,
25LeCen_AY1,4/11/2025,17,1065,12,3,,1170110065,,Marshall,33,long term check,1,,,,,0,7/4/2025 16:19,4,7/17/2025 9:08,,,,,,,,,,,,,,,,,,,,3.4,89.59,89.59471908,89.59471908,11.59,,,,,
25Oklee_AY1,4/26/2025,12,1065,23,3,,1120110065,Thin,MN21168-1,38,10FAR-3134-1/MN14223-5,1,,,,,0,7/30/2025 11:57,,,,,,,,,,,,,,,,,,,,,,2.63,70.09,,,13.5,,,,,
25Perl_AY1,4/21/2025,11,1065,12,3,,1110110065,,CP3099A,10,2020 Winfield Untied - Croplan,1,,,,,0,7/28/2025 16:02,,,,,,,,3,7/28/2025 16:02,,,,,,,,,,,,,4.59,119.96,119.9567389,,15.18,,,,,
25Ros_AY1conv,4/25/2025,7,1065,12,3,,1070110065,,MN21172-3,39,Bolles/MN-Rothsay,1,25,,78.74,,,,,,,,,,,4,7/29/2025 15:33,,,,,,,,,,,,,4.15,105.34,105.3376394,105.3376394,17.62,,,,,
25Steph_AY1,4/27/2025,13,1065,12,3,,1130110065,,Dyna-Gro 8582,16,2024 Nutrien Ag Solutions,1,,,,,,,,,,,,,,,,,,,,,,,,,,,,4.26,112.04,112.0411874,,14.64,,,,,
25StP_C-9_AY1-3_URN-PEv2,4/16/2025,1,1065,6,8,,1010110065,,LCS Trigger,31,2016 Limagrain Cereal Seeds,1,21,6/23/2025 12:09,87.33333333,,0,6/17/2025 10:57,2,6/27/2025 10:11,1,7/3/2025 10:06,1,7/25/2025 11:27,,,,,,,,,,,,,,,,1.455,82.71,82.70514364,82.70514364,14,78.5,,,,
25Strath_AY1,5/8/2025,14,1065,12,3,,1140110065,,AP Iconic,3,2025 AgriPro/Syngenta,1,,,,,4,7/30/2025 8:43,,,,,,,,,,7,7/30/2025 8:43,,,,,,,,,,,,123.9,123.9,123.9,,,,,,
25Was_AY1,1/1/2025,3,1065,9,2,,1030110065,,MN22314-2,47,MN15482-4/MN10201-4-A,1,16,,75,,0,7/17/2025 10:18,,,,,,,3,,,,,,,,,,,,,,,,53.82,53.82,53.82,,,,57.84,15.88,
25Beck_AY1,4/12/2025,9,1066,8,14,,1090110066,,Driver,15,2019 SD State University,1,,,,,,,,,,,,,,,,,,,,,,,,,,purple stem,7/16/2025 18:15,2.08,51.65,51.64855647,51.64855647,19.41,,,59.36,11.4,
25Ben_AY1,4/18/2025,16,1066,13,3,,1160110066,,MN-Rothsay,34,2022 MN,1,,,,,0,7/15/2025 11:24,,,,,,,,,,,,3,7/15/2025 11:24,,,,,,,,,3.46,91.87,91.8747744,91.8747744,13.82,,,,,
25Crk_AY1_Conv,4/24/2025,6,1066,19,12,,1060110066,,PFS Muffins,60,2026 Peterson Farms Seed,1,,,,,,,3,8/4/2025 17:58,,,,,,,,,,,,,,,,,,,,,102.14,102.14,102.14,,0,,,,
25Ferg_AY1,4/21/2025,10,1066,13,3,,1100110066,,MN22342-2,50,MN16024-6/MN15119-2,1,,,,,0,7/28/2025 11:28,0,8/5/2025 17:37,,,,,,7,7/28/2025 11:28,,,2,7/15/2025 14:41,,,,,,,,,3.42,91.8,91.80316833,91.80316833,12.88,,,,,
25Hall_AY1,4/26/2025,15,1066,13,3,,1150110066,Short,WB9590,72,2017 WestBred,1,,,,,,,,,,,,,,,,,,,,,,,,,,,,3.72,95.35,95.35155091,95.35155091,16.81,,,,,
25Lamb_AY1conv,4/15/2025,4,1066,27,4,,1040110066,,MN22341-1,49,MN15320-1/MN14105-7,1,16,,83.82,,,,,,,,,,0,,,,,,,,,,,4,7/17/2025 15:16,,,,71.26,69.70910867,69.70910867,,,,,,
25LeCen_AY1,4/11/2025,17,1066,13,3,,1170110066,,Driver,15,2019 SD State University,1,,,,,1,7/4/2025 16:19,5,7/17/2025 9:08,,,,,,,,,,,,,,,,,,,,3.2,84.29,84.28651561,84.28651561,13.51,,,,,
25Oklee_AY1,4/26/2025,12,1066,24,3,,1120110066,,MN22154-1,44,BW980/MN10201-4-A//MN15005,1,,,,,0,7/30/2025 11:57,,,,,,,,,,,,,,,,,,,,,,2.95,78.18,78.17801889,,13.99,,,,,
25Perl_AY1,4/21/2025,11,1066,13,3,,1110110066,,MN22199-2,45,MN16360/MN15005,1,,,,,0,7/28/2025 16:02,,,,,,,,5,7/28/2025 16:02,,,,,,,,,,,,,3.83,98.86,98.85553403,,16.23,,,,,
25Ros_AY1conv,4/25/2025,7,1066,13,3,,1070110066,,WB9479,71,2017 WestBred,1,21,,71.12,,,,,,,,,,,8,7/29/2025 15:33,,,,,,,,,,,,,3.2,81.76,81.75662761,81.75662761,17.08,,,,,
25Steph_AY1,4/27/2025,13,1066,13,3,,1130110066,,MN22131-3,43,MN15482-4/MN15005-4,1,,,,,,,,,,,,,,,,,,,,,,,,,,,,4.4,114.3,114.299798,,15.69,,,,,
25StP_C-9_AY1-3_URN-PEv2,4/16/2025,1,1066,7,8,,1010110066,,MN22342-2,50,MN16024-6/MN15119-2,1,16,6/16/2025 11:16,80.66666667,,0,6/17/2025 10:57,5,6/27/2025 10:12,2,7/3/2025 10:06,2,7/25/2025 11:27,,,,,,,,,,,,,,,,1.245,71.1,71.09747376,71.09747376,13.6,76.8,,,,
25Strath_AY1,5/8/2025,14,1066,13,3,,1140110066,,MS Nova,56,"2023 Meridian Seeds, LLC",1,,,,,2,7/30/2025 8:43,,,,,,,,,,5,7/30/2025 8:43,,,,,,,,,,,,113.27,113.27,113.27,,,,,,
25Was_AY1,1/1/2025,3,1066,8,2,,1030110066,Tall,Enhance-SD,21,2024 SD State University,1,11,,85,,0,7/17/2025 10:18,,,,,,,3,,,,,,,,,,,,,,,,59.95,59.95,59.95,,,,56.47,15.32,
25Beck_AY1,4/12/2025,9,1067,7,14,,1090110067,,AP Iconic,3,2025 AgriPro/Syngenta,1,,,,,,,,,,,,,,,,,,,,,,,,,,,,2.18,58.1,58.10136,58.10136,13.5,,,58.79,11.53,
25Ben_AY1,4/18/2025,16,1067,14,3,,1160110067,,PFS Rolls,61,2025 Peterson Farms Seed,1,,,,,0,7/15/2025 11:24,,,,,,,,,,,,3,7/15/2025 11:24,,,,,,,,,3.33,89.36,89.35651473,89.35651473,12.91,,,,,
25Crk_AY1_Conv,4/24/2025,6,1067,20,12,,1060110067,,AP Smith,5,2021 AgriPro/Syngenta,1,,,,,,,3,8/4/2025 17:58,,,,,,,,,,,,,,,,,,,,,87.97,87.97,87.97,,0,,,,
25Ferg_AY1,4/21/2025,10,1067,14,3,,1100110067,,PFS Muffins,60,2026 Peterson Farms Seed,1,,,,,2,7/28/2025 11:28,2,8/5/2025 17:37,,,,,,6,7/28/2025 11:28,,,0,7/15/2025 14:41,,,,,,,,,3.84,102.64,102.639471,102.639471,13.25,,,,,
25Hall_AY1,4/26/2025,15,1067,14,3,,1150110067,,CAG Recoil,9,2022 Champions Alliance Group Inc,1,,,,,,,,,,,,,,,,,,,,,,,,,,,,3.88,100.06,100.062392,100.062392,16.3,,,,,
25Lamb_AY1conv,4/15/2025,4,1067,26,4,,1040110067,,CP3678,13,2024 Winfield Untied - Croplan,1,17,,91.44,,,,,,,,,,0,,,,,,,,,,,2,7/17/2025 15:16,,,,71.21,71.25958849,71.25958849,,,,,,
25LeCen_AY1,4/11/2025,17,1067,14,3,,1170110067,,Ascend-SD,6,2021 SD State University,1,,,,,3,7/4/2025 16:19,6,7/17/2025 9:08,,,,,,,,,,,,,,,,,,,,3.18,83.76,83.75890913,83.75890913,13.98,,,,,
25Oklee_AY1,4/26/2025,12,1067,25,3,,1120110067,Thin,Marshall,33,long term check,1,,,,,0,7/30/2025 11:57,,,,,,,,,,,,,,,,,,,,,,2.74,72.81,,,13.76,,,,,
25Perl_AY1,4/21/2025,11,1067,14,3,,1110110067,,CP3555,12,2024 Winfield Untied - Croplan,1,,,,,0,7/28/2025 16:02,,,,,,,,7,7/28/2025 16:02,,,,,,,,,,,,,4.17,108.67,108.6719432,,15.42,,,,,
25Ros_AY1conv,4/25/2025,7,1067,14,3,,1070110067,,Dyna-Gro 8582,16,2024 Nutrien Ag Solutions,1,20,,81.28,,,,,,,,,,,8,7/29/2025 15:33,,,,,,,,,,,,,3.62,92.57,92.56526148,92.56526148,17.01,,,,,
25Steph_AY1,4/27/2025,13,1067,14,3,,1130110067,,Brawn-SD,7,2022 SD State University,1,,,,,,,,,,,,,,,,,,,,,,,,,,,,4.52,116.71,116.7067971,,16.2,,,,,
25StP_C-9_AY1-3_URN-PEv2,4/16/2025,1,1067,8,8,,1010110067,,Dyna-Gro Commander,19,2019 Nutrien Ag Solutions,1,13,6/12/2025 10:19,79.66666667,,0,6/17/2025 10:57,8,6/27/2025 10:12,3,7/3/2025 10:06,5,7/25/2025 11:27,,,,,,,,,,,,,,,,1.325,75.67,75.66598613,75.66598613,13.6,78.9,,,,
25Strath_AY1,5/8/2025,14,1067,14,3,,1140110067,,MN21090-4,37,MN14223-5/MN-Rothsay,1,,,,,4,7/30/2025 8:43,,,,,,,,,,4,7/30/2025 8:43,,,,,,,,,,,,121.64,121.64,121.64,,,,,,
25Was_AY1,1/1/2025,3,1067,7,2,,1030110067,,MN21168-1,38,10FAR-3134-1/MN14223-5,1,11,,75,,0,7/17/2025 10:18,,,,,,,3,,,,,,,,,,,,,,,,58.55,58.55,58.55,,,,58.97,13.97,
25Beck_AY1,4/12/2025,9,1068,6,14,,1090110068,,Dyna-Gro Ballistic,18,2018 Nutrien Ag Solutions,1,,,,,,,,,,,,,,,,,,,,,,,,,,,,2.82,72.48,72.48247108,72.48247108,16.58,,,57.51,11.58,
25Ben_AY1,4/18/2025,16,1068,15,3,,1160110068,,MN-Torgy,35,2020 MN,1,,,,,1,7/15/2025 11:24,,,,,,,,,,,,2,7/15/2025 11:25,,,,,,,,,3.37,87.9,87.89629325,87.89629325,15.35,,,,,
25Crk_AY1_Conv,4/24/2025,6,1068,21,12,,1060110068,,AP Elevate,2,2024 AgriPro/Syngenta,1,,,,,,,3,8/4/2025 17:58,,,,,,,,,,,,,,,,,,,,,102.72,102.72,102.72,,0,,,,
25Ferg_AY1,4/21/2025,10,1068,15,3,,1100110068,,TCG-Zelda,68,2023 21st Century Genetics,1,,,,,0,7/28/2025 11:28,0,8/5/2025 17:37,,,,,,6,7/28/2025 11:28,,,2,7/15/2025 14:41,,,,,,,,,3.54,97.25,97.2494198,97.2494198,10.84,,,,,
25Hall_AY1,4/26/2025,15,1068,15,3,,1150110068,,TCG-Badlands,66,2023 21st Century Genetics,1,,,,,,,,,,,,,,,,,,,,,,,,,,,,4.13,106.6,106.5987873,106.5987873,16.23,,,,,
25Lamb_AY1conv,4/15/2025,4,1068,25,4,,1040110068,,MN22071-4,42,MN16024-6/MN15005-4,1,15,,83.82,,,,,,,,,,0,,,,,,,,,,,4,7/17/2025 15:16,,,,71.95,71.20629486,71.20629486,,,,,,
25LeCen_AY1,4/11/2025,17,1068,15,3,,1170110068,,LCS Buster,26,2020 Limagrain Cereal Seeds,1,,,,,0,7/4/2025 16:19,1,7/17/2025 9:08,,,,,,,,,,,,,,,,,,,,3.74,98.68,98.67628347,98.67628347,13.31,,,,,
25Oklee_AY1,4/26/2025,12,1068,26,3,,1120110068,,CP3678,13,2024 Winfield Untied - Croplan,1,,,,,0,7/30/2025 11:58,,,,,,,,,,,,,,,,,,,,,,3.9,99.64,99.6408899,,17.08,,,,,
25Perl_AY1,4/21/2025,11,1068,15,3,,1110110068,,TCG-Arsenal,65,2024 21st Century Genetics,1,,,,,0,7/28/2025 16:02,,,,,,,,5,7/28/2025 16:02,,,,,,,,,,,,,3.92,102.04,102.0360574,,15.52,,,,,
25Ros_AY1conv,4/25/2025,7,1068,15,3,,1070110068,,Ascend-SD,6,2021 SD State University,1,25,,88.9,,,,,,,,,,,8,7/29/2025 15:33,,,,,,,,,,,,,3.94,99.68,99.67952759,99.67952759,17.89,,,,,
25Steph_AY1,4/27/2025,13,1068,15,3,,1130110068,,TCG-Wildcat,67,2020 21st Century Genetics,1,,,,,,,,,,,,,,,,,,,,,,,,,,,,4,104.57,104.574437,,15.15,,,,,
25StP_C-9_AY1-3_URN-PEv2,4/16/2025,1,1068,9,8,,1010110068,,Dyna-Gro Rocker,20,2023 Nutrien Ag Solutions,1,20,6/20/2025 11:01,82.66666667,,0,6/17/2025 10:57,8,6/27/2025 10:12,4,7/3/2025 10:06,4,7/25/2025 11:27,,,,,,,,,,,,,,,,1.255,71.83,71.8344372,71.8344372,13.4,80.8,,,,
25Strath_AY1,5/8/2025,14,1068,15,3,,1140110068,nice,MN22356-2,51,MN15530-4/MN15005-4,1,,,,,0,7/30/2025 8:44,,,,,,,,,,3,7/30/2025 8:44,,,,,,,,,,,,120.18,120.18,120.18,,,,,,
25Was_AY1,1/1/2025,3,1068,6,2,,1030110068,,LCS Dual,28,2021 Limagrain Cereal Seeds,1,14,,85,,0,7/17/2025 10:18,,,,,,,2,,,,,,,,,,,,,,,,59.24,59.24,59.24,,,,58.53,14.19,
25Beck_AY1,4/12/2025,9,1069,5,14,,1090110069,,MS Charger,54,"2023 Meridian Seeds, LLC",1,,,,,,,,,,,,,,,,,,,,,,,,,,,,2.15,55.86,55.86428664,55.86428664,15.67,,,57.31,10.71,
25Ben_AY1,4/18/2025,16,1069,16,3,,1160110069,PBC,LCS Buster,26,2020 Limagrain Cereal Seeds,1,,,,,0,7/15/2025 11:25,,,,,,,,,,,,2,7/15/2025 11:25,,,,,,,,,3.34,88.44,88.44138057,88.44138057,14.06,,,,,
25Crk_AY1_Conv,4/24/2025,6,1069,22,12,,1060110069,,LCS Cannon,27,2018 Limagrain Cereal Seeds,1,,,,,,,2,8/4/2025 17:58,,,,,,,,,,,,,,,,,,,,,95.63,95.63,95.63,,0,,,,
25Ferg_AY1,4/21/2025,10,1069,16,3,,1100110069,,PFS Rolls,61,2025 Peterson Farms Seed,1,,,,,0,7/28/2025 11:28,0,8/5/2025 17:38,,,,,,7,7/28/2025 11:28,,,1,7/15/2025 14:41,,,,,,,,,3.27,89.12,89.11673917,89.11673917,11.55,,,,,
25Hall_AY1,4/26/2025,15,1069,16,3,,1150110069,,CP3555,12,2024 Winfield Untied - Croplan,1,,,,,,,,,,,,,,,,,,,,,,,,,,,,4.4,111.68,111.6832803,111.6832803,17.62,,,,,
25Lamb_AY1conv,4/15/2025,4,1069,24,4,,1040110069,,Marshall,33,long term check,1,17,,86.36,,,,,,,,,,0,,,,,,,,,,,1,7/17/2025 15:16,,,,64.74,71.94585237,71.94585237,,,,,,
25LeCen_AY1,4/11/2025,17,1069,16,3,,1170110069,Mechanical,CP3530,11,2022 Winfield Untied - Croplan,1,,,,,0,7/4/2025 16:19,2,7/17/2025 9:08,,,,,,,,,,,,,,,,,,,,3.17,83.49,,,13.94,,,,,
25Oklee_AY1,4/26/2025,12,1069,27,3,,1120110069,Late,Shelly,62,2016 MN,1,,,,,1,7/30/2025 11:58,,,,,,,,,,,,,,,,,,,,,,4.25,105.79,105.7938045,,19.21,,,,,
25Perl_AY1,4/21/2025,11,1069,16,3,,1110110069,,MN22341-1,49,MN15320-1/MN14105-7,1,,,,,0,7/28/2025 16:02,,,,,,,,4,7/28/2025 16:02,,,,,,,,,,,,,4.3,112.64,112.6427523,,14.98,,,,,
25Ros_AY1conv,4/25/2025,7,1069,16,3,,1070110069,,LCS Ascent,24,2022 Limagrain Cereal Seeds,1,20,,81.28,,,,,,,,,,,9,7/29/2025 15:33,,,,,,,,,,,,,3.71,95.87,95.87254359,95.87254359,16.13,,,,,
25Steph_AY1,4/27/2025,13,1069,16,3,,1130110069,,SY 611 CL2,63,2019 AgriPro/Syngenta,1,,,,,,,,,,,,,,,,,,,,,,,,,,,,4.27,110.88,110.8832889,,15.72,,,,,
25StP_C-9_AY1-3_URN-PEv2,4/16/2025,1,1069,10,8,,1010110069,,LCS Rimfire,30,2025 Limagrain Cereal Seeds,1,14,6/13/2025 13:33,78.33333333,,0,6/17/2025 10:58,7,6/27/2025 10:12,4,7/3/2025 10:06,5,7/25/2025 11:27,,,,,,,,,,,,,,,,1.22,70.23,70.23426815,70.23426815,12.9,77.4,,,,
25Strath_AY1,5/8/2025,14,1069,16,3,,1140110069,,LCS Trigger,31,2016 Limagrain Cereal Seeds,1,,,,,2,7/30/2025 8:44,,,,,,,,,,3,7/30/2025 8:44,,,,,,,,,,,,126.89,126.89,126.89,,,,,,
25Was_AY1,1/1/2025,3,1069,5,2,,1030110069,,MN22227-1,46,MN15413-2/MN10201-4-A//Linkert-gpcB1/MN13288-1-1/3/MN15482-4/Shelly//MN15482-4/MN10261-1,1,16,,80,,0,7/17/2025 10:18,,,,,,,3,,,,,,,,,,,,,,,,72.13,72.13,72.13,,,,58.88,14.34,
25Beck_AY1,4/12/2025,9,1070,4,14,,1090110070,,ND Thresher,58,2023 NDSU,1,,,,,,,,,,,,,,,,,,,,,,,,,,,,2.08,54.45,54.44920409,54.44920409,15.04,,,NA,NA,CLOG
25Ben_AY1,4/18/2025,16,1070,17,3,,1160110070,,TCG-Zelda,68,2023 21st Century Genetics,1,,,,,0,7/15/2025 11:25,,,,,,,,,,,,1,7/15/2025 11:25,,,,,,,,,3.77,101.01,101.0123741,101.0123741,13.04,,,,,
25Crk_AY1_Conv,4/24/2025,6,1070,23,12,,1060110070,,MS Nova,56,"2023 Meridian Seeds, LLC",1,,,,,,,2,8/4/2025 17:58,,,,,,,,,,,,,,,,,,,,,107,107,107,,0,,,,
25Ferg_AY1,4/21/2025,10,1070,17,3,,1100110070,,Dyna-Gro Commander,19,2019 Nutrien Ag Solutions,1,,,,,0,7/28/2025 11:28,0,8/5/2025 17:38,,,,,,7,7/28/2025 11:28,,,1,7/15/2025 14:41,,,,,,,,,3.72,99.09,99.0881305,99.0881305,13.55,,,,,
25Hall_AY1,4/26/2025,15,1070,17,3,,1150110070,,MN-Rothsay,34,2022 MN,1,,,,,,,,,,,,,,,,,,,,,,,,,,,,4.09,103.08,103.0837737,103.0837737,18.2,,,,,
25Lamb_AY1conv,4/15/2025,4,1070,23,4,,1040110070,,CAG Recoil,9,2022 Champions Alliance Group Inc,1,17,,86.36,,,,,,,,,,0,,,,,,,,,,,7,7/17/2025 15:16,,,,78.69,64.74235125,64.74235125,,,,,,
25LeCen_AY1,4/11/2025,17,1070,17,3,,1170110070,,MN22071-4,42,MN16024-6/MN15005-4,1,,,,,0,7/4/2025 16:20,0,7/17/2025 9:08,,,,,,,,,,,,,,,,,,,,3.4,89.62,89.62373642,89.62373642,14.1,,,,,
25Oklee_AY1,4/26/2025,12,1070,28,3,,1120110070,nice,MN22341-1,49,MN15320-1/MN14105-7,1,,,,,0,7/30/2025 11:58,,,,,,,,,,,,,,,,,,,,,,4.28,108.58,108.5846232,,17.66,,,,,
25Perl_AY1,4/21/2025,11,1070,17,3,,1110110070,,MN22227-1,46,MN15413-2/MN10201-4-A//Linkert-gpcB1/MN13288-1-1/3/MN15482-4/Shelly//MN15482-4/MN10261-1,1,,,,,0,7/28/2025 16:02,,,,,,,,8,7/28/2025 16:02,,,,,,,,,,,,,4.09,106.93,106.9273618,,15.15,,,,,
25Ros_AY1conv,4/25/2025,7,1070,17,3,,1070110070,,AP Smith,5,2021 AgriPro/Syngenta,1,24,,76.2,,,,,,,,,,,5,7/29/2025 15:33,,,,,,,,,,,,,3.34,84.95,84.9527108,84.9527108,17.45,,,,,
25Steph_AY1,4/27/2025,13,1070,17,3,,1130110070,,Dyna-Gro Commander,19,2019 Nutrien Ag Solutions,1,,,,,,,,,,,,,,,,,,,,,,,,,,,,3.98,104.52,104.5175589,,14.77,,,,,
25StP_C-9_AY1-3_URN-PEv2,4/16/2025,1,1070,11,8,,1010110070,,MN22199-2,45,MN16360/MN15005,1,16,6/16/2025 11:16,77.33333333,,0,6/17/2025 10:58,8,6/27/2025 10:12,3,7/3/2025 10:06,5,7/25/2025 11:27,,,,,,,,,,,,,,,,1.5,86.16,86.15532225,86.15532225,13.1,81.5,,,,
25Strath_AY1,5/8/2025,14,1070,17,3,,1140110070,,LCS Dual,28,2021 Limagrain Cereal Seeds,1,,,,,0,7/30/2025 8:44,,,,,,,,,,4,7/30/2025 8:44,,,,,,,,,,,,118.15,118.15,118.15,,,,,,
25Was_AY1,1/1/2025,3,1070,4,2,,1030110070,better leaves,CP3555,12,2024 Winfield Untied - Croplan,1,16,,85,,0,7/17/2025 10:19,,,,,,,3,,,,,,,,,,,,,,,,58.15,58.15,58.15,,,,56.03,14.33,
25Beck_AY1,4/12/2025,9,1071,3,14,,1090110071,,MN22342-2,50,MN16024-6/MN15119-2,1,,,,,,,,,,,,,,,,,,,,,,,,,,purple stem,7/16/2025 18:16,1.76,45.99,45.9856381,45.9856381,15.2,,,57.69,12.53,
25Ben_AY1,4/18/2025,16,1071,18,3,,1160110071,,LCS Ascent,24,2022 Limagrain Cereal Seeds,1,,,,,1,7/15/2025 11:25,,,,,,,,,,,,1,7/15/2025 11:25,,,,,,,,,4.09,106.34,106.3350712,106.3350712,15.62,,,,,
25Crk_AY1_Conv,4/24/2025,6,1071,24,12,,1060110071,,LCS Dual,28,2021 Limagrain Cereal Seeds,1,,,,,,,2,8/4/2025 17:58,,,,,,,,,,,,,,,,,,,,,95.17,95.17,95.17,,0,,,,
25Ferg_AY1,4/21/2025,10,1071,18,3,,1100110071,,LCS Rimfire,30,2025 Limagrain Cereal Seeds,1,,,,,1,7/28/2025 11:29,2,8/5/2025 17:38,,,,,,8,7/28/2025 11:29,,,2,7/15/2025 14:42,,,,,,,,,3.48,94.33,94.3251562,94.3251562,12.03,,,,,
25Hall_AY1,4/26/2025,15,1071,18,3,,1150110071,Short,TCG-Zelda,68,2023 21st Century Genetics,1,,,,,,,,,,,,,,,,,,,,,,,,,,,,4.06,103.57,103.5660979,103.5660979,17.21,,,,,
25Lamb_AY1conv,4/15/2025,4,1071,22,4,,1040110071,,WB9479,71,2017 WestBred,1,12,,81.28,,,,,,,,,,0,,,,,,,,,,,4,7/17/2025 15:16,,,,69.27,78.68576431,78.68576431,,,,,,
25LeCen_AY1,4/11/2025,17,1071,18,3,,1170110071,,MN22154-1,44,BW980/MN10201-4-A//MN15005,1,,,,,0,7/4/2025 16:20,0,7/17/2025 9:08,,,,,,,,,,,,,,,,,,,,3.7,97.62,97.6207237,97.6207237,14.22,,,,,
25Oklee_AY1,4/26/2025,12,1071,29,3,,1120110071,,AP Elevate,2,2024 AgriPro/Syngenta,1,,,,,1,7/30/2025 11:58,,,,,,,,,,,,,,,,,,,,,,4.15,104.51,104.5064975,,18.27,,,,,
25Perl_AY1,4/21/2025,11,1071,18,3,,1110110071,,MS Charger,54,"2023 Meridian Seeds, LLC",1,,,,,0,7/28/2025 16:02,,,,,,,,6,7/28/2025 16:02,,,,,,,,,,,,,4.61,119.76,119.7550156,,15.69,,,,,
25Ros_AY1conv,4/25/2025,7,1071,18,3,,1070110071,,MS Cobra,55,"2022 Meridian Seeds, LLC",1,22,,76.2,,,,,,,,,,,8,7/29/2025 15:33,,,,,,,,,,,,,3.83,97.7,97.69905291,97.69905291,17.21,,,,,
25Steph_AY1,4/27/2025,13,1071,18,3,,1130110071,,LCS Boom,25,2023 Limagrain Cereal Seeds,1,,,,,,,,,,,,,,,,,,,,,,,,,,,,3.86,101.24,101.2354498,,14.88,,,,,
25StP_C-9_AY1-3_URN-PEv2,4/16/2025,1,1071,11,9,,1010110071,Nice Color (harvest)|nice,MN22131-3,43,MN15482-4/MN15005-4,1,18,6/18/2025 13:21,80.66666667,,0,6/17/2025 11:00,1,6/27/2025 10:14,1,7/3/2025 10:09,0,7/25/2025 11:29,,,,,,,,,,,,,,,,1.35,77.9,77.89670506,77.89670506,12.7,79.4,,,,
25Strath_AY1,5/8/2025,14,1071,18,3,,1140110071,nice,MN22154-1,44,BW980/MN10201-4-A//MN15005,1,,,,,1,7/30/2025 8:44,,,,,,,,,,3,7/30/2025 8:44,,,,,,,,,,,,119.27,119.27,119.27,,,,,,
25Was_AY1,1/1/2025,3,1071,3,2,,1030110071,,CAG Ceres,8,2024 Champions Alliance Group Inc,1,11,,85,,0,7/17/2025 10:19,,,,,,,3,,,,,,,,,,,,,,,,61.35,61.35,61.35,,,,57.33,14.5,
25Beck_AY1,4/12/2025,9,1072,2,14,,1090110072,,MN22406-1,52,MN16360/MN15320-1,1,,,,,,,,,,,,,,,,,,,,,,,,,,,,2.5,64.5,64.50400231,64.50400231,16.26,,,57.55,12.95,
25Ben_AY1,4/18/2025,16,1072,19,3,,1160110072,,MN22131-3,43,MN15482-4/MN15005-4,1,,,,,0,7/15/2025 11:25,,,,,,,,,,,,0,7/15/2025 11:25,,,,,,,,,3.78,100.76,100.7562068,100.7562068,13.49,,,,,
25Crk_AY1_Conv,4/24/2025,6,1072,25,12,,1060110072,,Driver,15,2019 SD State University,1,,,,,,,3,8/4/2025 17:58,,,,,,,,,,,,,,,,,,,,,174.44,,,,Plugged - Mixed with 1025,,,,
25Ferg_AY1,4/21/2025,10,1072,19,3,,1100110072,,MN22199-2,45,MN16360/MN15005,1,,,,,2,7/28/2025 11:29,2,8/5/2025 17:38,,,,,,6,7/28/2025 11:29,,,3,7/15/2025 14:42,,,,,,,,,3.34,89.52,89.521942,89.521942,13.01,,,,,
25Hall_AY1,4/26/2025,15,1072,19,3,,1150110072,,Brawn-SD,7,2022 SD State University,1,,,,,,,,,,,,,,,,,,,,,,,,,,,,4.46,111.71,111.7083609,111.7083609,18.71,,,,,
25Lamb_AY1conv,4/15/2025,4,1072,21,4,,1040110072,,MN-Rothsay,34,2022 MN,1,16,,83.82,,,,,,,,,,0,,,,,,,,,,,3,7/17/2025 15:17,,,,73.27,69.2673288,69.2673288,,,,,,
25LeCen_AY1,4/11/2025,17,1072,19,3,,1170110072,,CAG Ceres,8,2024 Champions Alliance Group Inc,1,,,,,0,7/4/2025 16:20,0,7/17/2025 9:08,,,,,,,,,,,,,,,,,,,,3.1,81.63,81.62721156,81.62721156,14.02,,,,,
25Oklee_AY1,4/26/2025,12,1072,30,3,,1120110072,,MS Charger,54,"2023 Meridian Seeds, LLC",1,,,,,1,7/30/2025 11:59,,,,,,,,,,,,,,,,,,,,,,4.59,115.93,115.9261246,,18.03,,,,,
25Perl_AY1,4/21/2025,11,1072,19,3,,1110110072,,MN21263-3,40,MN15332/MN-Washburn-A//MN-Rothsay,1,,,,,0,7/28/2025 16:02,,,,,,,,6,7/28/2025 16:03,,,,,,,,,,,,,3.86,99.99,99.98665723,,15.93,,,,,
25Ros_AY1conv,4/25/2025,7,1072,19,3,,1070110072,,ND Stampede,57,2024 NDSU,1,22,,78.74,,,,,,,,,,,6,7/29/2025 15:34,,,,,,,,,,,,,4.12,104.11,104.106471,104.106471,17.99,,,,,
25Steph_AY1,4/27/2025,13,1072,19,3,,1130110072,,MS Charger,54,"2023 Meridian Seeds, LLC",1,,,,,,,,,,,,,,,,,,,,,,,,,,,,4.99,130.46,130.4566102,,15.15,,,,,
25StP_C-9_AY1-3_URN-PEv2,4/16/2025,1,1072,10,9,,1010110072,,CP3915,14,2019 Winfield Untied - Croplan,1,16,6/16/2025 11:19,83.66666667,,0,6/17/2025 11:00,4,6/27/2025 10:14,3,7/3/2025 10:09,4,7/25/2025 11:30,,,,,,,,,,,,,,,,1.08,61.6,61.60353399,61.60353399,13.7,-,,,,
25Strath_AY1,5/8/2025,14,1072,19,3,,1140110072,,WB9479,71,2017 WestBred,1,,,,,0,7/30/2025 8:44,,,,,,,,,,7,7/30/2025 8:44,,,,,,,,,,,,117.66,117.66,117.66,,,,,,
25Was_AY1,1/1/2025,3,1072,2,2,,1030110072,,MN-Torgy,35,2020 MN,1,16,,85,,0,7/17/2025 10:19,,,,,,,3,,,,,,,,,,,,,,,,55.84,55.84,55.84,,,,57.22,14.88,
25Beck_AY1,4/12/2025,9,1073,2,15,,1090120073,Late,CP3530,11,2022 Winfield Untied - Croplan,2,,,,,,,,,,,,,,,,,,,,,,,,,,,,2.79,71.85,71.84892377,71.84892377,16.42,,,58.97,14.67,
25Ben_AY1,4/18/2025,16,1073,20,3,,1160120073,,WB9479,71,2017 WestBred,2,,,,,0,7/15/2025 11:26,,,,,,,,,,,,0,7/15/2025 11:26,,,,,,,,,3.62,93.17,93.16756586,93.16756586,16.47,,,,,
25Crk_AY1_Conv,4/24/2025,6,1073,25,13,,1060120073,dry,LCS Boom,25,2023 Limagrain Cereal Seeds,2,,,,,,,3,8/4/2025 17:59,,,,,,,,,,,,,,,,,,,,,88.38,,,,Sample Lost,,,,
25Ferg_AY1,4/21/2025,10,1073,20,3,,1100120073,,Dyna-Gro Ambush,17,2017 Nutrien Ag Solutions,2,,,,,0,7/28/2025 11:29,0,8/5/2025 17:38,,,,,,6,7/28/2025 11:29,,,1,7/15/2025 14:42,,,,,,,,,3.5,92.45,92.45162844,92.45162844,14.27,,,,,
25Hall_AY1,4/26/2025,15,1073,20,3,,1150120073,,LCS Buster,26,2020 Limagrain Cereal Seeds,2,,,,,,,,,,,,,,,,,,,,,,,,,,,,4.75,118.49,118.4889378,118.4889378,19.04,,,,,
25Lamb_AY1conv,4/15/2025,4,1073,21,5,,1040120073,,SY Valda,64,2015 AgriPro/Syngenta,2,13,,91.44,,,,,,,,,,0,,,,,,,,,,,1,7/17/2025 15:17,,,,75.37,73.26718115,73.26718115,,,,,,
25LeCen_AY1,4/11/2025,17,1073,20,3,,1170120073,,MN21172-3,39,Bolles/MN-Rothsay,2,,,,,0,7/4/2025 16:20,0,7/17/2025 9:08,,,,,,,,,,,,,,,,,,,,3.24,85.34,85.34311584,85.34311584,12.69,,,,,
25Oklee_AY1,4/26/2025,12,1073,31,3,,1120120073,,MN21263-3,40,MN15332/MN-Washburn-A//MN-Rothsay,2,,,,,0,7/30/2025 11:59,,,,,,,,,,,,,,,,,,,,,,4.06,100.43,100.426215,100.426215,19.72,,,,,
25Perl_AY1,4/21/2025,11,1073,20,3,,1110120073,,CP3099A,10,2020 Winfield Untied - Croplan,2,,,,,0,7/28/2025 15:05,,,,,,,,,,,,4,7/28/2025 15:05,,,,,,,,,4.82,128.24,128.2398724,128.2398724,13.65,,,,,
25Ros_AY1conv,4/25/2025,7,1073,20,3,,1070120073,,AP Dagr,1,2025 AgriPro/Syngenta,2,23,,76.2,,,,,,,,,,,7,7/29/2025 15:34,,,,,,,,,,,,,3.99,101.85,101.8542384,101.8542384,17.15,,,,,
25Steph_AY1,4/27/2025,13,1073,20,3,,1130120073,,MS Nova,56,"2023 Meridian Seeds, LLC",2,,,,,1,7/29/2025 9:30,,,,,,,,,,5,7/29/2025 9:30,,,,,,,,,,,4.5,117.33,117.327342,117.327342,15.38,,,,,
25StP_C-9_AY1-3_URN-PEv2,4/16/2025,1,1073,9,9,,1010120073,,MN21090-4,37,MN14223-5/MN-Rothsay,2,18,6/18/2025 13:21,76.33333333,,0,6/17/2025 11:00,7,6/27/2025 10:14,3,7/3/2025 10:09,5,7/25/2025 11:30,,,,,,,,,,,,,,,,1.29,73.75,73.752525,73.752525,13.5,79.5,,,,
25Strath_AY1,5/8/2025,14,1073,20,3,,1140120073,nice,MN22356-2,51,MN15530-4/MN15005-4,2,,,,,1,7/30/2025 8:44,,,,,,,,,,4,7/30/2025 8:45,,,,,,,,,,,,117.68,117.68,117.68,,,,,,
25Was_AY1,1/1/2025,3,1073,2,3,,1030120073,,PFS Muffins,60,2026 Peterson Farms Seed,2,16,,75,,0,7/17/2025 10:19,,,,,,,3,,,,,,,,,,,,,,,,56.85,56.85,56.85,,,,57.54,14.98,
25Beck_AY1,4/12/2025,9,1074,3,15,,1090120074,,TW Trailfire,70,2024 Thunder Seed,2,,,,,,,,,,,,,,,,,,,,,,,,,,,,2.66,69.24,69.23875322,69.23875322,15.52,,,57.61,14.89,
25Ben_AY1,4/18/2025,16,1074,21,3,,1160120074,,MN21089-4,36,MN14223-5/MN-Rothsay,2,,,,,0,7/15/2025 11:26,,,,,,,,,,,,0,7/15/2025 11:26,,,,,,,,,3.91,100.51,100.5107927,100.5107927,16.57,,,,,
25Crk_AY1_Conv,4/24/2025,6,1074,24,13,,1060120074,,MN22356-2,51,MN15530-4/MN15005-4,2,,,,,,,2,8/4/2025 17:59,,,,,,,,,,,,,,,,,,,,,99.9,99.9,99.9,,0,,,,
25Ferg_AY1,4/21/2025,10,1074,21,3,,1100120074,,MN22154-1,44,BW980/MN10201-4-A//MN15005,2,,,,,0,7/28/2025 11:29,1,8/5/2025 17:38,,,,,,7,7/28/2025 11:29,,,1,7/15/2025 14:42,,,,,,,,,3.64,97.41,97.40581928,97.40581928,13.15,,,,,
25Hall_AY1,4/26/2025,15,1074,21,3,,1150120074,,CP3678,13,2024 Winfield Untied - Croplan,2,,,,,,,,,,,,,,,,,,,,,,,,,,,,4.24,108.59,108.5888136,108.5888136,16.88,,,,,
25Lamb_AY1conv,4/15/2025,4,1074,22,5,,1040120074,,ND Thresher,58,2023 NDSU,2,16,,88.9,,,,,,,,,,0,,,,,,,,,,,4,7/17/2025 15:17,,,,72.06,75.3743956,75.3743956,,,,,,
25LeCen_AY1,4/11/2025,17,1074,21,3,,1170120074,,MN21168-1,38,10FAR-3134-1/MN14223-5,2,,,,,0,7/4/2025 16:20,0,7/17/2025 9:08,,,,,,,,,,,,,,,,,,,,3.58,94.4,94.40433341,94.40433341,12.65,,,,,
25Oklee_AY1,4/26/2025,12,1074,32,3,,1120120074,,Shelly,62,2016 MN,2,,,,,0,7/30/2025 11:59,,,,,,,,,,,,,,,,,,,,,,4.18,106.41,106.4082178,106.4082178,17.38,,,,,
25Perl_AY1,4/21/2025,11,1074,21,3,,1110120074,,MN22131-3,43,MN15482-4/MN15005-4,2,,,,,0,7/28/2025 15:05,,,,,,,,,,,,4,7/28/2025 15:05,,,,,,,,,4.36,112.67,112.66962,112.66962,16.13,,,,,
25Ros_AY1conv,4/25/2025,7,1074,21,3,,1070120074,,AP Murdock,4,2020 AgriPro/Syngenta,2,22,,78.74,,,,,,,,,,,8,7/29/2025 15:34,,,,,,,,,,,,,3.69,94.94,94.93504023,94.93504023,16.5,,,,,
25Steph_AY1,4/27/2025,13,1074,21,3,,1130120074,,Glenn,22,long term check,2,,,,,1,7/29/2025 9:30,,,,,,,,,,5,7/29/2025 9:30,,,,,,,,,,,4.09,106.46,106.4610905,106.4610905,15.52,,,,,
25StP_C-9_AY1-3_URN-PEv2,4/16/2025,1,1074,8,9,,1010120074,,MN21168-1,38,10FAR-3134-1/MN14223-5,2,14,6/13/2025 13:35,80,,0,6/17/2025 11:00,2,6/27/2025 10:15,1,7/3/2025 10:10,1,7/25/2025 11:30,,,,,,,,,,,,,,,,1.285,73.47,73.4666625,73.4666625,13.5,76.9,,,,
25Strath_AY1,5/8/2025,14,1074,21,3,,1140120074,,Brawn-SD,7,2022 SD State University,2,,,,,2,7/30/2025 8:45,,,,,,,,,,6,7/30/2025 8:45,,,,,,,,,,,,110.45,110.45,110.45,,,,,,
25Was_AY1,1/1/2025,3,1074,3,3,,1030120074,,Driver,15,2019 SD State University,2,17,,80,,0,7/17/2025 10:19,,,,,,,3,,,,,,,,,,,,,,,,60.25,60.25,60.25,,,,58.57,14.79,
25Beck_AY1,4/12/2025,9,1075,4,15,,1090120075,,Dyna-Gro Rocker,20,2023 Nutrien Ag Solutions,2,,,,,,,,,,,,,,,,,,,,,,,,,,,,2.9,78.01,78.01456356,78.01456356,12.69,,,58.88,13.34,
25Ben_AY1,4/18/2025,16,1075,22,3,,1160120075,scabby,MN21263-3,40,MN15332/MN-Washburn-A//MN-Rothsay,2,,,,,0,7/15/2025 11:26,,,,,,,,,,,,0,7/15/2025 11:26,,,,,,,,,3.49,93.14,93.14451882,93.14451882,13.38,,,,,
25Crk_AY1_Conv,4/24/2025,6,1075,23,13,,1060120075,dry,TCG-Wildcat,67,2020 21st Century Genetics,2,,,,,,,3,8/4/2025 17:59,,,,,,,,,,,,,,,,,,,,,102.14,102.14,102.14,,0,,,,
25Ferg_AY1,4/21/2025,10,1075,22,3,,1100120075,,MN22227-1,46,MN15413-2/MN10201-4-A//Linkert-gpcB1/MN13288-1-1/3/MN15482-4/Shelly//MN15482-4/MN10261-1,2,,,,,0,7/28/2025 11:29,0,8/5/2025 17:38,,,,,,7,7/28/2025 11:29,,,2,7/15/2025 14:42,,,,,,,,,3.79,100.16,100.1586166,100.1586166,14.23,,,,,
25Hall_AY1,4/26/2025,15,1075,22,3,,1150120075,,SY Valda,64,2015 AgriPro/Syngenta,2,,,,,,,,,,,,,,,,,,,,,,,,,,,,4.27,105.92,105.9232747,105.9232747,19.49,,,,,
25Lamb_AY1conv,4/15/2025,4,1075,23,5,,1040120075,,Dyna-Gro Ambush,17,2017 Nutrien Ag Solutions,2,12,,86.36,,,,,,,,,,0,,,,,,,,,,,2,7/17/2025 15:17,,,,83.82,72.06487066,72.06487066,,,,,,
25LeCen_AY1,4/11/2025,17,1075,22,3,,1170120075,,Dyna-Gro Ballistic,18,2018 Nutrien Ag Solutions,2,,,,,0,7/4/2025 16:20,1,7/17/2025 9:08,,,,,,,,,,,,,,,,,,,,3.47,91.47,91.4707637,91.4707637,12.49,,,,,
25Oklee_AY1,4/26/2025,12,1075,33,3,,1120120075,Thick,Dyna-Gro 8582,16,2024 Nutrien Ag Solutions,2,,,,,0,7/30/2025 11:59,,,,,,,,,,,,,,,,,,,,,,4.51,115.98,115.9761318,115.9761318,16.54,,,,,
25Perl_AY1,4/21/2025,11,1075,22,3,,1110120075,,CP3915,14,2019 Winfield Untied - Croplan,2,,,,,0,7/28/2025 15:05,,,,,,,,,,,,4,7/28/2025 15:06,,,,,,,,,4.13,108.24,108.2403349,108.2403349,14.94,,,,,
25Ros_AY1conv,4/25/2025,7,1075,22,3,,1070120075,,MN-Rothsay,34,2022 MN,2,25,,73.66,,,,,,,,,,,4,7/29/2025 15:34,,,,,,,,,,,,,3.79,96.32,96.31669224,96.31669224,17.52,,,,,
25Steph_AY1,4/27/2025,13,1075,22,3,,1130120075,,TW Olympic,69,2022 Thunder Seed,2,,,,,1,7/29/2025 9:30,,,,,,,,,,4,7/29/2025 9:30,,,,,,,,,,,4.5,117.8,117.7987588,117.7987588,15.04,,,,,
25StP_C-9_AY1-3_URN-PEv2,4/16/2025,1,1075,7,9,,1010120075,,WB9479,71,2017 WestBred,2,13,6/12/2025 10:20,78.66666667,,0,6/17/2025 11:00,0,6/27/2025 10:15,1,7/3/2025 10:10,2,7/25/2025 11:30,,,,,,,,,,,,,,,,1.315,75.18,75.1818375,75.1818375,13.5,78.7,,,,
25Strath_AY1,5/8/2025,14,1075,22,3,,1140120075,,MN22131-3,43,MN15482-4/MN15005-4,2,,,,,0,7/30/2025 8:45,,,,,,,,,,5,7/30/2025 8:45,,,,,,,,,,,,110.17,110.17,110.17,,,,,,
25Was_AY1,1/1/2025,3,1075,4,3,,1030120075,,MN22131-3,43,MN15482-4/MN15005-4,2,19,,75,,0,7/17/2025 10:19,,,,,,,2,,,,,,,,,,,,,,,,52.81,52.81,52.81,,,,58.44,14.93,
25Beck_AY1,4/12/2025,9,1076,5,15,,1090120076,,MN21263-3,40,MN15332/MN-Washburn-A//MN-Rothsay,2,,,,,,,,,,,,,,,,,,,,,,,,,,,,2.14,57.04,57.03528,57.03528,13.5,,,60.1,13.13,
25Ben_AY1,4/18/2025,16,1076,23,3,,1160120076,,Dyna-Gro Commander,19,2019 Nutrien Ag Solutions,2,,,,,0,7/15/2025 11:26,,,,,,,,,,,,0,7/15/2025 11:26,,,,,,,,,4.11,108.53,108.5266359,108.5266359,14.3,,,,,
25Crk_AY1_Conv,4/24/2025,6,1076,22,13,,1060120076,,MN22342-2,50,MN16024-6/MN15119-2,2,,,,,,,3,8/4/2025 17:59,,,,,,,,,,,,,,,,,,,,,103.34,103.34,103.34,,0,,,,
25Ferg_AY1,4/21/2025,10,1076,23,3,,1100120076,Thick,MN22322-2,48,MN15005/MN14223-5,2,,,,,0,7/28/2025 11:29,0,8/5/2025 17:38,,,,,,8,7/28/2025 11:29,,,3,7/15/2025 14:42,,,,,,,,,3.49,94.82,94.82202343,94.82202343,11.82,,,,,
25Hall_AY1,4/26/2025,15,1076,23,3,,1150120076,,MN22314-2,47,MN15482-4/MN10201-4-A,2,,,,,,,,,,,,,,,,,,,,,,,,,,,,3.76,95.91,95.91343053,95.91343053,17.21,,,,,
25Lamb_AY1conv,4/15/2025,4,1076,24,5,,1040120076,,CAG Ceres,8,2024 Champions Alliance Group Inc,2,12,,96.52,,,,,,,,,,0,,,,,,,,,,,4,7/17/2025 15:17,,,,77.87,83.81766778,83.81766778,,,,,,
25LeCen_AY1,4/11/2025,17,1076,23,3,,1170120076,,AP Murdock,4,2020 AgriPro/Syngenta,2,,,,,0,7/4/2025 16:20,7,7/17/2025 9:08,,,,,,,,,,,,,,,,,,,,3.86,101.87,101.8650437,101.8650437,12.49,,,,,
25Oklee_AY1,4/26/2025,12,1076,34,3,,1120120076,Late,SY Valda,64,2015 AgriPro/Syngenta,2,,,,,5,7/30/2025 11:59,,,,,,,,,,,,,,,,,,,,,,4.74,122.74,122.7377288,122.7377288,15.96,,,,,
25Perl_AY1,4/21/2025,11,1076,23,3,,1110120076,,Knudson,23,long term check,2,,,,,0,7/28/2025 15:06,,,,,,,,,,,,5,7/28/2025 15:06,,,,,,,,,3.46,90.09,90.0944208,90.0944208,15.49,,,,,
25Ros_AY1conv,4/25/2025,7,1076,23,3,,1070120076,,CP3555,12,2024 Winfield Untied - Croplan,2,22,,76.2,,,,,,,,,,,6,7/29/2025 15:34,,,,,,,,,,,,,3.76,97.67,97.67437285,97.67437285,15.69,,,,,
25Steph_AY1,4/27/2025,13,1076,23,3,,1130120076,,Dyna-Gro 8582,16,2024 Nutrien Ag Solutions,2,,,,,0,7/29/2025 9:30,,,,,,,,,,5,7/29/2025 9:30,,,,,,,,,,,4.3,113.37,113.3714457,113.3714457,14.43,,,,,
25StP_C-9_AY1-3_URN-PEv2,4/16/2025,1,1076,6,9,,1010120076,,Shelly,62,2016 MN,2,19,6/20/2025 11:04,85,,0,6/17/2025 11:01,4,6/27/2025 10:15,3,7/3/2025 10:10,3,7/25/2025 11:30,,,,,,,,,,,,,,,,1.36,77.57,77.57482058,77.57482058,13.7,78.9,,,,
25Strath_AY1,5/8/2025,14,1076,23,3,,1140120076,,CP3555,12,2024 Winfield Untied - Croplan,2,,,,,6,7/30/2025 8:45,,,,,,,,,,6,7/30/2025 8:45,,,,,,,,,,,,109.95,109.95,109.95,,,,,,
25Was_AY1,1/1/2025,3,1076,5,3,,1030120076,,MS Cobra,55,"2022 Meridian Seeds, LLC",2,13,,75,,0,7/17/2025 10:19,,,,,,,3,,,,,,,,,,,,,,,,58.48,58.48,58.48,,,,56.99,14.63,
25Beck_AY1,4/12/2025,9,1077,6,15,,1090120077,,MN22342-2,50,MN16024-6/MN15119-2,2,,,,,,,,,,,,,,,,,,,,,,,,,,,,1.93,49.42,49.42245202,49.42245202,16.89,,,NA,NA,CLOG
25Ben_AY1,4/18/2025,16,1077,24,3,,1160120077,,CP3099A,10,2020 Winfield Untied - Croplan,2,,,,,0,7/15/2025 11:26,,,,,,,,,,,,1,7/15/2025 11:26,,,,,,,,,3.88,105.54,105.5377296,105.5377296,11.72,,,,,
25Crk_AY1_Conv,4/24/2025,6,1077,21,13,,1060120077,dry,MN22406-1,52,MN16360/MN15320-1,2,,,,,,,3,8/4/2025 17:59,,,,,,,,,,,,,,,,,,,,,97.44,97.44,97.44,,0,,,,
25Ferg_AY1,4/21/2025,10,1077,24,3,,1100120077,,CP3555,12,2024 Winfield Untied - Croplan,2,,,,,1,7/28/2025 11:29,1,8/5/2025 17:38,,,,,,8,7/28/2025 11:30,,,2,7/15/2025 14:42,,,,,,,,,3.45,93.04,93.04428881,93.04428881,12.47,,,,,
25Hall_AY1,4/26/2025,15,1077,24,3,,1150120077,,CAG Ceres,8,2024 Champions Alliance Group Inc,2,,,,,,,,,,,,,,,,,,,,,,,,,,,,4.29,104.63,104.6349509,104.6349509,20.84,,,,,
25Lamb_AY1conv,4/15/2025,4,1077,25,5,,1040120077,,MN22356-2,51,MN15530-4/MN15005-4,2,13,,86.36,,,,,,,,,,0,,,,,,,,,,,6,7/17/2025 15:17,,,,75.72,77.87407694,77.87407694,,,,,,
25LeCen_AY1,4/11/2025,17,1077,24,3,,1170120077,,Ascend-SD,6,2021 SD State University,2,,,,,2,7/4/2025 16:20,6,7/17/2025 9:08,,,,,,,,,,,,,,,,,,,,3.16,83.21,83.21003098,83.21003098,12.61,,,,,
25Oklee_AY1,4/26/2025,12,1077,35,3,,1120120077,Late,MN21089-4,36,MN14223-5/MN-Rothsay,2,,,,,3,7/30/2025 11:59,,,,,,,,,,,,,,,,,,,,,,5.22,126.93,126.9320449,126.9320449,21.08,,,,,
25Perl_AY1,4/21/2025,11,1077,24,3,,1110120077,,MN22342-2,50,MN16024-6/MN15119-2,2,,,,,0,7/28/2025 15:06,,,,,,,,,,,,3,7/28/2025 15:06,,,,,,,,,4.11,107.75,107.7541592,107.7541592,14.91,,,,,
25Ros_AY1conv,4/25/2025,7,1077,24,3,,1070120077,,LCS Buster,26,2020 Limagrain Cereal Seeds,2,28,,91.44,,,,,,,,,,,5,7/29/2025 15:34,,,,,,,,,,,,,4.32,110.01,110.0120612,110.0120612,17.35,,,,,
25Steph_AY1,4/27/2025,13,1077,24,3,,1130120077,,MN22199-2,45,MN16360/MN15005,2,,,,,0,7/29/2025 9:30,,,,,,,,,,3,7/29/2025 9:30,,,,,,,,,,,4.97,127.76,127.7592429,127.7592429,16.57,,,,,
25StP_C-9_AY1-3_URN-PEv2,4/16/2025,1,1077,5,9,,1010120077,,AP Dagr,1,2025 AgriPro/Syngenta,2,18,6/18/2025 13:21,77,,0,6/17/2025 11:01,6,6/27/2025 10:15,3,7/3/2025 10:10,4,7/25/2025 11:30,,,,,,,,,,,,,,,,1.25,70.72,70.72205202,70.72205202,14.4,75.4,,,,
25Strath_AY1,5/8/2025,14,1077,24,3,,1140120077,,Dyna-Gro 8582,16,2024 Nutrien Ag Solutions,2,,,,,0,7/30/2025 8:45,,,,,,,,,,7,7/30/2025 8:45,,,,,,,,,,,,112.59,112.59,112.59,,,,,,
25Was_AY1,1/1/2025,3,1077,6,3,,1030120077,,Linkert,32,2013 MN,2,17,,75,,0,7/17/2025 10:19,,,,,,,2,,,,,,,,,,,,,,,,52.38,52.38,52.38,,,,57.14,15.21,
25Beck_AY1,4/12/2025,9,1078,7,15,,1090120078,,PFS Muffins,60,2026 Peterson Farms Seed,2,,,,,,,,,,,,,,,,,,,,,,,,,,,,2.48,63.74,63.74344975,63.74344975,16.58,,,58.63,11.84,
25Ben_AY1,4/18/2025,16,1078,25,3,,1160120078,,MS Charger,54,"2023 Meridian Seeds, LLC",2,,,,,1,7/15/2025 11:26,,,,,,,,,,,,1,7/15/2025 11:27,,,,,,,,,3.88,106.47,106.4702107,106.4702107,10.94,,,,,
25Crk_AY1_Conv,4/24/2025,6,1078,20,13,,1060120078,,MS Cobra,55,"2022 Meridian Seeds, LLC",2,,,,,,,3,8/4/2025 17:59,,,,,,,,,,,,,,,,,,,,,77.47,77.47,77.47,,0,,,,
25Ferg_AY1,4/21/2025,10,1078,25,3,,1100120078,,MN22314-2,47,MN15482-4/MN10201-4-A,2,,,,,0,7/28/2025 11:30,0,8/5/2025 17:38,,,,,,7,7/28/2025 11:30,,,5,7/15/2025 14:42,,,,,,,,,3.19,88,87.99803302,87.99803302,10.47,,,,,
25Hall_AY1,4/26/2025,15,1078,25,3,,1150120078,,Dyna-Gro Ambush,17,2017 Nutrien Ag Solutions,2,,,,,,,,,,,,,,,,,,,,,,,,,,,,4.99,120.36,120.3552557,120.3552557,21.72,,,,,
25Lamb_AY1conv,4/15/2025,4,1078,26,5,,1040120078,,Marshall,33,long term check,2,17,,83.82,,,,,,,,,,0,,,,,,,,,,,1,7/17/2025 15:18,,,,65.02,75.71835574,75.71835574,,,,,,
25LeCen_AY1,4/11/2025,17,1078,25,3,,1170120078,,MS Nova,56,"2023 Meridian Seeds, LLC",2,,,,,0,7/4/2025 16:20,1,7/17/2025 9:08,,,,,,,,,,,,,,,,,,,,3.37,88.82,88.81689318,88.81689318,13.47,,,,,
25Oklee_AY1,4/26/2025,12,1078,36,3,,1120120078,nice,MN22131-3,43,MN15482-4/MN15005-4,2,,,,,0,7/30/2025 11:59,,,,,,,,,,,,,,,,,,,,,,4.28,110.02,110.0220442,110.0220442,16.57,,,,,
25Perl_AY1,4/21/2025,11,1078,25,3,,1110120078,,CP3555,12,2024 Winfield Untied - Croplan,2,,,,,1,7/28/2025 15:06,,,,,,,,,,,,5,7/28/2025 15:06,,,,,,,,,4.34,113.2,113.1958198,113.1958198,15.35,,,,,
25Ros_AY1conv,4/25/2025,7,1078,25,3,,1070120078,,LCS Hammer AX,29,2022 Limagrain Cereal Seeds,2,21,,73.66,,,,,,,,,,,9,7/29/2025 15:34,,,,,,,,,,,,,3.4,87.65,87.65211163,87.65211163,16.33,,,,,
25Steph_AY1,4/27/2025,13,1078,25,3,,1130120078,,MN22429-2,53,MN16396/MN14227-4,2,,,,,0,7/29/2025 9:30,,,,,,,,,,8,7/29/2025 9:31,,,,,,,,,,,4.29,114.31,114.3106437,114.3106437,13.52,,,,,
25StP_C-9_AY1-3_URN-PEv2,4/16/2025,1,1078,4,9,,1010120078,Nice Color (harvest),MN22341-1,49,MN15320-1/MN14105-7,2,18,6/18/2025 13:22,75,,0,6/17/2025 11:01,1,6/27/2025 10:15,1,7/3/2025 10:10,1,7/25/2025 11:30,,,,,,,,,,,,,,,,1.345,76.45,76.4525211,76.4525211,14,76.1,,,,
25Strath_AY1,5/8/2025,14,1078,25,3,,1140120078,,LCS Boom,25,2023 Limagrain Cereal Seeds,2,,,,,1,7/30/2025 8:45,,,,,,,,,,7,7/30/2025 8:45,,,,,,,,,,,,106.49,106.49,106.49,,,,,,
25Was_AY1,1/1/2025,3,1078,7,3,,1030120078,,MN22356-2,51,MN15530-4/MN15005-4,2,12,,75,,0,7/17/2025 10:19,,,,,,,3,,,,,,,,,,,,,,,,61.82,61.82,61.82,,,,58.3,13.49,
25Beck_AY1,4/12/2025,9,1079,8,15,,1090120079,,Knudson,23,long term check,2,,,,,,,,,,,,,,,,,,,,,,,,,,,,1.84,49.04,49.03968,49.03968,13.5,,,58.57,12.83,
25Ben_AY1,4/18/2025,16,1079,26,3,,1160120079,,Marshall,33,long term check,2,,,,,0,7/15/2025 11:27,,,,,,,,,,,,0,7/15/2025 11:27,,,,,,,,,3.22,86.43,86.434562,86.434562,12.88,,,,,
25Crk_AY1_Conv,4/24/2025,6,1079,19,13,,1060120079,,LCS Cannon,27,2018 Limagrain Cereal Seeds,2,,,,,,,3,8/4/2025 17:59,,,,,,,,,,,,,,,,,,,,,95.6,95.6,95.6,,0,,,,
25Ferg_AY1,4/21/2025,10,1079,26,3,,1100120079,,MN22341-1,49,MN15320-1/MN14105-7,2,,,,,0,7/28/2025 11:30,0,8/5/2025 17:38,,,,,,7,7/28/2025 11:30,,,3,7/15/2025 14:42,,,,,,,,,3.12,86.07,86.0670417,86.0670417,10.47,,,,,
25Hall_AY1,4/26/2025,15,1079,26,3,,1150120079,,LCS Trigger,31,2016 Limagrain Cereal Seeds,2,,,,,,,,,,,,,,,,,,,,,,,,,,,,5.62,140.95,140.9530305,140.9530305,18.6,,,,,
25Lamb_AY1conv,4/15/2025,4,1079,27,5,,1040120079,,Linkert,32,2013 MN,2,15,,86.36,,,,,,,,,,0,,,,,,,,,,,6,7/17/2025 15:18,,,,68.51,65.0183361,65.0183361,,,,,,
25LeCen_AY1,4/11/2025,17,1079,26,3,,1170120079,Nice Color (harvest),MN21089-4,36,MN14223-5/MN-Rothsay,2,,,,,0,7/4/2025 16:20,0,7/17/2025 9:09,,,,,,,,,,,,,,,,,,,,3.62,95.5,95.49804347,95.49804347,15.04,,,,,
25Oklee_AY1,4/26/2025,12,1079,37,3,,1120120079,,Dyna-Gro Ballistic,18,2018 Nutrien Ag Solutions,2,,,,,2,7/30/2025 11:59,,,,,,,,,,,,,,,,,,,,,,4.66,121.15,121.1543843,121.1543843,15.62,,,,,
25Perl_AY1,4/21/2025,11,1079,26,3,,1110120079,,SY Valda,64,2015 AgriPro/Syngenta,2,,,,,1,7/28/2025 15:06,,,,,,,,,,,,3,7/28/2025 15:06,,,,,,,,,4.35,114.69,114.6897183,114.6897183,14.43,,,,,
25Ros_AY1conv,4/25/2025,7,1079,26,3,,1070120079,,CP3530,11,2022 Winfield Untied - Croplan,2,23,,88.9,,,,,,,,,,,8,7/29/2025 15:34,,,,,,,,,,,,,3.71,95.02,95.01521191,95.01521191,16.88,,,,,
25Steph_AY1,4/27/2025,13,1079,26,3,,1130120079,,MN22322-2,48,MN15005/MN14223-5,2,,,,,1,7/29/2025 9:31,,,,,,,,,,6,7/29/2025 9:31,,,,,,,,,,,4.35,113.87,113.8721335,113.8721335,15.04,,,,,
25StP_C-9_AY1-3_URN-PEv2,4/16/2025,1,1079,3,9,,1010120079,,Dyna-Gro Commander,19,2019 Nutrien Ag Solutions,2,13,6/12/2025 10:21,83.66666667,,0,6/17/2025 11:01,7,6/27/2025 10:15,3,7/3/2025 10:10,6,7/25/2025 11:30,,,,,,,,,,,,,,,,1.085,61.03,61.02817374,61.02817374,14.9,75.8,,,,
25Strath_AY1,5/8/2025,14,1079,26,3,,1140120079,,MS Cobra,55,"2022 Meridian Seeds, LLC",2,,,,,1,7/30/2025 8:45,,,,,,,,,,6,7/30/2025 8:45,,,,,,,,,,,,101.14,101.14,101.14,,,,,,
25Was_AY1,1/1/2025,3,1079,8,3,,1030120079,,MN21089-4,36,MN14223-5/MN-Rothsay,2,16,,75,,0,7/17/2025 10:19,,,,,,,3,,,,,,,,,,,,,,,,55.55,55.55,55.55,,,,59.36,15.04,
25Beck_AY1,4/12/2025,9,1080,9,15,,1090120080,,MN21385-1,41,Linkert-gpcB1/MN-Washburn-A//MN13479-8,2,,,,,,,,,,,,,,,,,,,,,,,,,,,,1.96,50.05,50.04573908,50.04573908,17.13,,,57.84,12.6,
25Ben_AY1,4/18/2025,16,1080,27,3,,1160120080,,Ascend-SD,6,2021 SD State University,2,,,,,1,7/15/2025 11:27,,,,,,,,,,,,1,7/15/2025 11:27,,,,,,,,,3.83,101.62,101.6169277,101.6169277,13.89,,,,,
25Crk_AY1_Conv,4/24/2025,6,1080,18,13,,1060120080,,MN-Torgy,35,2020 MN,2,,,,,,,3,8/4/2025 17:59,,,,,,,,,,,,,,,,,,,,,82.92,82.92,82.92,,0,,,,
25Ferg_AY1,4/21/2025,10,1080,27,3,,1100120080,,MN21089-4,36,MN14223-5/MN-Rothsay,2,,,,,0,7/28/2025 11:30,0,8/5/2025 17:38,,,,,,5,7/28/2025 11:30,,,2,7/15/2025 14:42,,,,,,,,,3.66,97.38,97.37716453,97.37716453,13.65,,,,,
25Hall_AY1,4/26/2025,15,1080,27,3,,1150120080,,MN21168-1,38,10FAR-3134-1/MN14223-5,2,,,,,,,,,,,,,,,,,,,,,,,,,,,,4.24,109.22,109.2158905,109.2158905,16.4,,,,,
25Lamb_AY1conv,4/15/2025,4,1080,28,5,,1040120080,,Enhance-SD,21,2024 SD State University,2,12,,91.44,,,,,,,,,,0,,,,,,,,,,,6,7/17/2025 15:18,,,,81.5,68.50842231,68.50842231,,,,,,
25LeCen_AY1,4/11/2025,17,1080,27,3,,1170120080,,Glenn,22,long term check,2,,,,,0,7/4/2025 16:20,1,7/17/2025 9:09,,,,,,,,,,,,,,,,,,,,2.48,65.09,65.08805827,65.08805827,12.73,,,,,
25Oklee_AY1,4/26/2025,12,1080,38,3,,1120120080,,Marshall,33,long term check,2,,,,,4,7/30/2025 11:59,,,,,,,,,,,,,,,,,,,,,,3.6,93.6,93.59566169,93.59566169,15.62,,,,,
25Perl_AY1,4/21/2025,11,1080,27,3,,1110120080,,TCG-Arsenal,65,2024 21st Century Genetics,2,,,,,1,7/28/2025 15:06,,,,,,,,,,,,2,7/28/2025 15:06,,,,,,,,,4.67,121.56,121.5582622,121.5582622,15.52,,,,,
25Ros_AY1conv,4/25/2025,7,1080,27,3,,1070120080,,AP Smith,5,2021 AgriPro/Syngenta,2,25,,76.2,,,,,,,,,,,8,7/29/2025 15:34,,,,,,,,,,,,,3.57,91.58,91.5837284,91.5837284,16.74,,,,,
25Steph_AY1,4/27/2025,13,1080,27,3,,1130120080,,Shelly,62,2016 MN,2,,,,,1,7/29/2025 9:31,,,,,,,,,,5,7/29/2025 9:31,,,,,,,,,,,4.59,120.72,120.7204343,120.7204343,14.64,,,,,
25StP_C-9_AY1-3_URN-PEv2,4/16/2025,1,1080,2,9,,1010120080,,MS Nova,56,"2023 Meridian Seeds, LLC",2,13,6/13/2025 13:35,81,,0,6/17/2025 11:01,8,6/27/2025 10:15,3,7/3/2025 10:10,5,7/25/2025 11:30,,,,,,,,,,,,,,,,1.055,60.18,60.17752626,60.17752626,13.7,-,,,,
25Strath_AY1,5/8/2025,14,1080,27,3,,1140120080,,ND Stampede,57,2024 NDSU,2,,,,,2,7/30/2025 8:46,,,,,,,,,,5,7/30/2025 8:46,,,,,,,,,,,,126.57,126.57,126.57,,,,,,
25Was_AY1,1/1/2025,3,1080,9,3,,1030120080,,MS Nova,56,"2023 Meridian Seeds, LLC",2,11,,75,,0,7/17/2025 10:19,,,,,,,3,,,,,,,,,,,,,,,,49.35,49.35,49.35,,,,57.22,15.09,
25Beck_AY1,4/12/2025,9,1081,10,15,,1090120081,,MN21168-1,38,10FAR-3134-1/MN14223-5,2,,,,,,,,,,,,,,,,,,,,,,,,,,purple stem,7/16/2025 18:16,1.9,49.94,49.94215061,49.94215061,14.69,,,57.89,11.83,
25Ben_AY1,4/18/2025,16,1081,28,3,,1160120081,,MN22131-3,43,MN15482-4/MN15005-4,2,,,,,0,7/15/2025 11:27,,,,,,,,,,,,0,7/15/2025 11:27,,,,,,,,,3.74,97.63,97.62729278,97.62729278,15.28,,,,,
25Crk_AY1_Conv,4/24/2025,6,1081,17,13,,1060120081,,Dyna-Gro Commander,19,2019 Nutrien Ag Solutions,2,,,,,,,2,8/4/2025 17:59,,,,,,,,,,,,,,,,,,,,,113.75,113.75,113.75,,0,,,,
25Ferg_AY1,4/21/2025,10,1081,28,3,,1100120081,,AP Smith,5,2021 AgriPro/Syngenta,2,,,,,0,7/28/2025 11:30,0,8/5/2025 17:38,,,,,,7,7/28/2025 11:30,,,2,7/15/2025 14:42,,,,,,,,,3.18,86.03,86.02710992,86.02710992,12.2,,,,,
25Hall_AY1,4/26/2025,15,1081,28,3,,1150120081,,ND Stampede,57,2024 NDSU,2,,,,,,,,,,,,,,,,,,,,,,,,,,,,4.71,117.43,117.4330872,117.4330872,19.08,,,,,
25Lamb_AY1conv,4/15/2025,4,1081,29,5,,1040120081,,ND Stampede,57,2024 NDSU,2,13,,83.82,,,,,,,,,,0,,,,,,,,,,,7,7/17/2025 15:18,,,,84.27,81.50404776,81.50404776,,,,,,
25LeCen_AY1,4/11/2025,17,1081,28,3,,1170120081,,WB9590,72,2017 WestBred,2,,,,,0,7/4/2025 16:21,0,7/17/2025 9:09,,,,,,,,,,,,,,,,,,,,3.6,94.94,94.94465665,94.94465665,13.28,,,,,
25Oklee_AY1,4/26/2025,12,1081,39,3,,1120120081,,CP3678,13,2024 Winfield Untied - Croplan,2,,,,,2,7/30/2025 11:59,,,,,,,,,,,,,,,,,,,,,,4.06,104.37,104.3667055,104.3667055,16.57,,,,,
25Perl_AY1,4/21/2025,11,1081,28,3,,1110120081,,MN22322-2,48,MN15005/MN14223-5,2,,,,,0,7/28/2025 15:06,,,,,,,,,,,,4,7/28/2025 15:06,,,,,,,,,4.32,112,111.9953398,111.9953398,15.86,,,,,
25Ros_AY1conv,4/25/2025,7,1081,28,3,,1070120081,,AP Iconic,3,2025 AgriPro/Syngenta,2,24,,83.82,,,,,,,,,,,9,7/29/2025 15:34,,,,,,,,,,,,,3.9,100.58,100.5781776,100.5781776,16.3,,,,,
25Steph_AY1,4/27/2025,13,1081,28,3,,1130120081,,LCS Trigger,31,2016 Limagrain Cereal Seeds,2,,,,,1,7/29/2025 9:31,,,,,,,,,,4,7/29/2025 9:31,,,,,,,,,,,5.14,133.74,133.7446658,133.7446658,15.55,,,,,
25StP_C-9_AY1-3_URN-PEv2,4/16/2025,1,1081,2,10,,1010120081,,MN22314-2,47,MN15482-4/MN10201-4-A,2,17,6/18/2025 13:22,82,,0,6/17/2025 11:01,5,6/27/2025 10:16,2,7/3/2025 10:10,3,7/25/2025 11:30,,,,,,,,,,,,,,,,1.19,67.17,67.17008653,67.17008653,14.6,73.4,,,,
25Strath_AY1,5/8/2025,14,1081,28,3,,1140120081,nice,MN22322-2,48,MN15005/MN14223-5,2,,,,,0,7/30/2025 8:46,,,,,,,,,,5,7/30/2025 8:46,,,,,,,,,,,,113.18,113.18,113.18,,,,,,
25Was_AY1,1/1/2025,3,1081,10,3,,1030120081,,MN22199-2,45,MN16360/MN15005,2,16,,75,,0,7/17/2025 10:19,,,,,,,2,,,,,,,,,,,,,,,,49.17,49.17,49.17,,,,59.25,15.33,
25Beck_AY1,4/12/2025,9,1082,11,15,,1090120082,,CP3099A,10,2020 Winfield Untied - Croplan,2,,,,,,,,,,,,,,,,,,,,,,,,,,,,2.66,70.05,70.05014486,70.05014486,14.53,,,57.01,10.71,
25Ben_AY1,4/18/2025,16,1082,28,4,,1160120082,,LCS Dual,28,2021 Limagrain Cereal Seeds,2,,,,,0,7/15/2025 11:27,,,,,,,,,,,,1,7/15/2025 11:27,,,,,,,,,3.44,90.7,90.69715655,90.69715655,14.43,,,,,
25Crk_AY1_Conv,4/24/2025,6,1082,16,13,,1060120082,,LCS Ascent,24,2022 Limagrain Cereal Seeds,2,,,,,,,2,8/4/2025 17:59,,,,,,,,,,,,,,,,,,,,,107.91,107.91,107.91,,0,,,,
25Ferg_AY1,4/21/2025,10,1082,28,4,,1100120082,,MN21385-1,41,Linkert-gpcB1/MN-Washburn-A//MN13479-8,2,,,,,0,7/28/2025 11:30,0,8/5/2025 17:38,,,,,,8,7/28/2025 11:31,,,4,7/15/2025 14:42,,,,,,,,,3.34,89.9,89.90271127,89.90271127,12.64,,,,,
25Hall_AY1,4/26/2025,15,1082,28,4,,1150120082,,PFS Muffins,60,2026 Peterson Farms Seed,2,,,,,,,,,,,,,,,,,,,,,,,,,,,,4.63,117.04,117.0362343,117.0362343,17.96,,,,,
25Lamb_AY1conv,4/15/2025,4,1082,30,5,,1040120082,,MN22199-2,45,MN16360/MN15005,2,13,,86.36,,,,,,,,,,0,,,,,,,,,,,5,7/17/2025 15:18,,,,77.55,84.27214211,84.27214211,,,,,,
25LeCen_AY1,4/11/2025,17,1082,28,4,,1170120082,,CP3530,11,2022 Winfield Untied - Croplan,2,,,,,0,7/4/2025 16:21,3,7/17/2025 9:09,,,,,,,,,,,,,,,,,,,,3.54,93.34,93.34091237,93.34091237,12.88,,,,,
25Oklee_AY1,4/26/2025,12,1082,39,4,,1120120082,,TCG-Zelda,68,2023 21st Century Genetics,2,,,,,0,7/30/2025 12:00,,,,,,,,,,,,,,,,,,,,,,3.77,97.62,97.62051424,97.62051424,15.96,,,,,
25Perl_AY1,4/21/2025,11,1082,28,4,,1110120082,,LCS Cannon,27,2018 Limagrain Cereal Seeds,2,,,,,0,7/28/2025 15:06,,,,,,,,,,,,6,7/28/2025 15:07,,,,,,,,,4.16,108.32,108.3216158,108.3216158,15.49,,,,,
25Ros_AY1conv,4/25/2025,7,1082,28,4,,1070120082,,LCS Trigger,31,2016 Limagrain Cereal Seeds,2,28,,91.44,,,,,,,,,,,4,7/29/2025 15:34,,,,,,,,,,,,,5.09,129.13,129.1345169,129.1345169,17.66,,,,,
25Steph_AY1,4/27/2025,13,1082,28,4,,1130120082,,PFS Rolls,61,2025 Peterson Farms Seed,2,,,,,0,7/29/2025 9:31,,,,,,,,,,5,7/29/2025 9:31,,,,,,,,,,,4.74,124.97,124.9722448,124.9722448,14.43,,,,,
25StP_C-9_AY1-3_URN-PEv2,4/16/2025,1,1082,3,10,,1010120082,,TW Trailfire,70,2024 Thunder Seed,2,12,6/12/2025 10:21,84,,5,6/17/2025 11:01,7,6/27/2025 10:16,5,7/3/2025 10:10,6,7/25/2025 11:30,,,,,,,,,,,,,,,,0.93,53.05,53.0474876,53.0474876,13.7,-,,,,
25Strath_AY1,5/8/2025,14,1082,28,4,,1140120082,,WB9590,72,2017 WestBred,2,,,,,0,7/30/2025 8:46,,,,,,,,,,8,7/30/2025 8:46,,,,,,,,,,,,104.74,104.74,104.74,,,,,,
25Was_AY1,1/1/2025,3,1082,11,3,,1030120082,,TCG-Badlands,66,2023 21st Century Genetics,2,16,,70,,0,7/17/2025 10:19,,,,,,,4,,,,,,,,,,,,,,,,54.02,54.02,54.02,,,,57.87,14.2,
25Beck_AY1,4/12/2025,9,1083,12,15,,1090120083,,MN-Rothsay,34,2022 MN,2,,,,,,,,,,,,,,,,,,,,,,,,,,not late,7/16/2025 18:17,1.82,48.51,48.50664,48.50664,13.5,,,57.14,12.03,
25Ben_AY1,4/18/2025,16,1083,27,4,,1160120083,,Linkert,32,2013 MN,2,,,,,0,7/15/2025 11:27,,,,,,,,,,,,0,7/15/2025 11:27,,,,,,,,,3.3,87.93,87.93126437,87.93126437,13.52,,,,,
25Crk_AY1_Conv,4/24/2025,6,1083,15,13,,1060120083,,WB9479,71,2017 WestBred,2,,,,,,,2,8/4/2025 17:59,,,,,,,,,,,,,,,,,,,,,104.63,104.63,104.63,,0,,,,
25Ferg_AY1,4/21/2025,10,1083,27,4,,1100120083,,Dyna-Gro Commander,19,2019 Nutrien Ag Solutions,2,,,,,0,7/28/2025 11:31,0,8/5/2025 17:38,,,,,,7,7/28/2025 11:31,,,2,7/15/2025 14:42,,,,,,,,,3.39,91.04,91.03965786,91.03965786,12.84,,,,,
25Hall_AY1,4/26/2025,15,1083,27,4,,1150120083,,Dyna-Gro 8582,16,2024 Nutrien Ag Solutions,2,,,,,,,,,,,,,,,,,,,,,,,,,,,,4.01,103.84,103.8350828,103.8350828,15.96,,,,,
25Lamb_AY1conv,4/15/2025,4,1083,31,5,,1040120083,,MN21172-3,39,Bolles/MN-Rothsay,2,15,,86.36,,,,,,,,,,0,,,,,,,,,,,3,7/17/2025 15:18,,,,75.55,77.5489356,77.5489356,,,,,,
25LeCen_AY1,4/11/2025,17,1083,27,4,,1170120083,,SY 611 CL2,63,2019 AgriPro/Syngenta,2,,,,,0,7/4/2025 16:21,3,7/17/2025 9:09,,,,,,,,,,,,,,,,,,,,3.32,87.48,87.47978451,87.47978451,13.08,,,,,
25Oklee_AY1,4/26/2025,12,1083,38,4,,1120120083,,Driver,15,2019 SD State University,2,,,,,2,7/30/2025 12:00,,,,,,,,,,,,,,,,,,,,,,4.76,119.08,119.0757132,119.0757132,18.81,,,,,
25Perl_AY1,4/21/2025,11,1083,27,4,,1110120083,,TCG-Badlands,66,2023 21st Century Genetics,2,,,,,0,7/28/2025 15:07,,,,,,,,,,,,6,7/28/2025 15:07,,,,,,,,,4.32,112.9,112.9004602,112.9004602,15.18,,,,,
25Ros_AY1conv,4/25/2025,7,1083,27,4,,1070120083,,CP3099A,10,2020 Winfield Untied - Croplan,2,27,,91.44,,,,,,,,,,,8,7/29/2025 15:35,,,,,,,,,,,,,3.78,101.08,101.0823163,101.0823163,13.21,,,,,
25Steph_AY1,4/27/2025,13,1083,27,4,,1130120083,,Dyna-Gro Commander,19,2019 Nutrien Ag Solutions,2,,,,,0,7/29/2025 9:31,,,,,,,,,,8,7/29/2025 9:31,,,,,,,,,,,4.06,106.44,106.4432814,106.4432814,14.91,,,,,
25StP_C-9_AY1-3_URN-PEv2,4/16/2025,1,1083,4,10,,1010120083,,CP3555,12,2024 Winfield Untied - Croplan,2,16,6/16/2025 11:20,78.33333333,,0,6/17/2025 11:01,4,6/27/2025 10:16,3,7/3/2025 10:10,3,7/25/2025 11:30,,,,,,,,,,,,,,,,1.245,70.6,70.6037413,70.6037413,14.2,76.9,,,,
25Strath_AY1,5/8/2025,14,1083,27,4,,1140120083,,Dyna-Gro Rocker,20,2023 Nutrien Ag Solutions,2,,,,,1,7/30/2025 8:46,,,,,,,,,,6,7/30/2025 8:46,,,,,,,,,,,,111.78,111.78,111.78,,,,,,
25Was_AY1,1/1/2025,3,1083,12,3,,1030120083,,WB9479,71,2017 WestBred,2,12,,75,,0,7/17/2025 10:19,,,,,,,2,,,,,,,,,,,,,,,,49.43,49.43,49.43,,,,57.64,16.18,
25Beck_AY1,4/12/2025,9,1084,13,15,,1090120084,Mechanical,AP Iconic,3,2025 AgriPro/Syngenta,2,,,,,,,,,,,,,,,,,,,,,,,,,,,,2.12,55.31,,,15.32,,,58.89,11.95,
25Ben_AY1,4/18/2025,16,1084,26,4,,1160120084,,Shelly,62,2016 MN,2,,,,,0,7/15/2025 11:27,,,,,,,,,,,,2,7/15/2025 11:28,,,,,,,,,3.64,97.87,97.86565102,97.86565102,12.74,,,,,
25Crk_AY1_Conv,4/24/2025,6,1084,14,13,,1060120084,,MN22341-1,49,MN15320-1/MN14105-7,2,,,,,,,2,8/4/2025 17:59,,,,,,,,,,,,,,,,,,,,,108.07,108.07,108.07,,0,,,,
25Ferg_AY1,4/21/2025,10,1084,26,4,,1100120084,,Marshall,33,long term check,2,,,,,0,7/28/2025 11:31,0,8/5/2025 17:38,,,,,,7,7/28/2025 11:31,,,3,7/15/2025 14:42,,,,,,,,,2.43,64.76,64.76436,64.76436,13.5,,,,,
25Hall_AY1,4/26/2025,15,1084,26,4,,1150120084,,Ascend-SD,6,2021 SD State University,2,,,,,,,,,,,,,,,,,,,,,,,,,,,,4.66,119.16,119.1585963,119.1585963,17.01,,,,,
25Lamb_AY1conv,4/15/2025,4,1084,32,5,,1040120084,,TCG-Zelda,68,2023 21st Century Genetics,2,13,,88.9,,,,,,,,,,0,,,,,,,,,,,6,7/17/2025 15:18,,,,82.26,75.54592723,75.54592723,,,,,,
25LeCen_AY1,4/11/2025,17,1084,26,4,,1170120084,,MN-Torgy,35,2020 MN,2,,,,,0,7/4/2025 16:21,3,7/17/2025 9:09,,,,,,,,,,,,,,,,,,,,3.06,80.55,80.55118936,80.55118936,13.16,,,,,
25Oklee_AY1,4/26/2025,12,1084,37,4,,1120120084,,MN22314-2,47,MN15482-4/MN10201-4-A,2,,,,,0,7/30/2025 12:00,,,,,,,,,,,,,,,,,,,,,,4.46,114.61,114.6079136,114.6079136,16.6,,,,,
25Perl_AY1,4/21/2025,11,1084,26,4,,1110120084,,Ascend-SD,6,2021 SD State University,2,,,,,0,7/28/2025 15:07,,,,,,,,,,,,7,7/28/2025 15:07,,,,,,,,,4.26,110.89,110.8861236,110.8861236,15.52,,,,,
25Ros_AY1conv,4/25/2025,7,1084,26,4,,1070120084,,Dyna-Gro Ballistic,18,2018 Nutrien Ag Solutions,2,21,,88.9,,,,,,,,,,,9,7/29/2025 15:35,,,,,,,,,,,,,4.26,110.12,110.1248315,110.1248315,16.1,,,,,
25Steph_AY1,4/27/2025,13,1084,26,4,,1130120084,,AP Iconic,3,2025 AgriPro/Syngenta,2,,,,,1,7/29/2025 9:31,,,,,,,,,,8,7/29/2025 9:31,,,,,,,,,,,4.31,113.49,113.4890226,113.4890226,14.54,,,,,
25StP_C-9_AY1-3_URN-PEv2,4/16/2025,1,1084,5,10,,1010120084,,MN21385-1,41,Linkert-gpcB1/MN-Washburn-A//MN13479-8,2,16,6/16/2025 11:20,80,,0,6/17/2025 11:01,5,6/27/2025 10:16,2,7/3/2025 10:11,2,7/25/2025 11:31,,,,,,,,,,,,,,,,1.32,75.21,75.20596231,75.20596231,13.8,78.3,,,,
25Strath_AY1,5/8/2025,14,1084,26,4,,1140120084,,TCG-Arsenal,65,2024 21st Century Genetics,2,,,,,0,7/30/2025 8:46,,,,,,,,,,4,7/30/2025 8:46,,,,,,,,,,,,114.26,114.26,114.26,,,,,,
25Was_AY1,1/1/2025,3,1084,13,3,,1030120084,,MN-Rothsay,34,2022 MN,2,20,,70,,0,7/17/2025 10:19,,,,,,,3,,,,,,,,,,,,,,,,52.73,52.73,52.73,,,,57.45,15.65,
25Beck_AY1,4/12/2025,9,1085,14,15,,1090120085,,LCS Trigger,31,2016 Limagrain Cereal Seeds,2,,,,,,,,,,,,,,,,,,,,,,,,,,,,2.52,64.44,64.43769583,64.43769583,17.01,,,58.41,10.45,
25Ben_AY1,4/18/2025,16,1085,25,4,,1160120085,,CAG Ceres,8,2024 Champions Alliance Group Inc,2,,,,,0,7/15/2025 11:28,,,,,,,,,,,,1,7/15/2025 11:28,,,,,,,,,3.49,91.13,91.13366393,91.13366393,15.25,,,,,
25Crk_AY1_Conv,4/24/2025,6,1085,13,13,,1060120085,,MS Charger,54,"2023 Meridian Seeds, LLC",2,,,,,,,3,8/4/2025 17:59,,,,,,,,,,,,,,,,,,,,,149.49,,,,Plugged - Lost sample,,,,
25Ferg_AY1,4/21/2025,10,1085,25,4,,1100120085,,Ascend-SD,6,2021 SD State University,2,,,,,0,7/28/2025 11:31,0,8/5/2025 17:38,,,,,,8,7/28/2025 11:31,,,1,7/15/2025 14:42,,,,,,,,,3.84,103.08,103.0772416,103.0772416,12.88,,,,,
25Hall_AY1,4/26/2025,15,1085,25,4,,1150120085,,Dyna-Gro Commander,19,2019 Nutrien Ag Solutions,2,,,,,,,,,,,,,,,,,,,,,,,,,,,,4.08,102.28,102.278606,102.278606,18.64,,,,,
25Lamb_AY1conv,4/15/2025,4,1085,33,5,,1040120085,,WB9590,72,2017 WestBred,2,12,,88.9,,,,,,,,,,0,,,,,,,,,,,6,7/17/2025 15:18,,,,81.74,82.26446758,82.26446758,,,,,,
25LeCen_AY1,4/11/2025,17,1085,25,4,,1170120085,,AP Dagr,1,2025 AgriPro/Syngenta,2,,,,,0,7/4/2025 16:21,3,7/17/2025 9:09,,,,,,,,,,,,,,,,,,,, , , , ,,,,,,
25Oklee_AY1,4/26/2025,12,1085,36,4,,1120120085,Late,MN21172-3,39,Bolles/MN-Rothsay,2,,,,,3,7/30/2025 12:00,,,,,,,,,,,,,,,,,,,,,,5.2,129.65,129.6501175,129.6501175,19.08,,,,,
25Perl_AY1,4/21/2025,11,1085,25,4,,1110120085,,PFS Rolls,61,2025 Peterson Farms Seed,2,,,,,0,7/28/2025 15:07,,,,,,,,,,,,6,7/28/2025 15:07,,,,,,,,,4.14,108.63,108.6299779,108.6299779,14.84,,,,,
25Ros_AY1conv,4/25/2025,7,1085,25,4,,1070120085,,MN22406-1,52,MN16360/MN15320-1,2,20,,68.58,,,,,,,,,,,9,7/29/2025 15:35,,,,,,,,,,,,,3.36,87.88,87.88393781,87.88393781,15.11,,,,,
25Steph_AY1,4/27/2025,13,1085,25,4,,1130120085,,Enhance-SD,21,2024 SD State University,2,,,,,0,7/29/2025 9:31,,,,,,,,,,8,7/29/2025 9:32,,,,,,,,,,,4.1,107.96,107.9593951,107.9593951,14.54,,,,,
25StP_C-9_AY1-3_URN-PEv2,4/16/2025,1,1085,6,10,,1010120085,,Ascend-SD,6,2021 SD State University,2,18,6/18/2025 13:23,82.33333333,,0,6/17/2025 11:01,8,6/27/2025 10:16,5,7/3/2025 10:11,6,7/25/2025 11:31,,,,,,,,,,,,,,,,1.26,71.7,71.70422931,71.70422931,13.9,77.7,,,,
25Strath_AY1,5/8/2025,14,1085,25,4,,1140120085,,LCS Buster,26,2020 Limagrain Cereal Seeds,2,,,,,0,7/30/2025 8:47,,,,,,,,,,4,7/30/2025 8:47,,,,,,,,,,,,120.44,120.44,120.44,,,,,,
25Was_AY1,1/1/2025,3,1085,14,3,,1030120085,,TCG-Arsenal,65,2024 21st Century Genetics,2,20,,80,,0,7/17/2025 10:19,,,,,,,3,,,,,,,,,,,,,,,,63.91,63.91,63.91,,,,58.14,13.68,
25Beck_AY1,4/12/2025,9,1086,15,15,,1090120086,,MN21090-4,37,MN14223-5/MN-Rothsay,2,,,,,,,,,,,,,,,,,,,,,,,,,,,,2.3,59.32,59.31533549,59.31533549,16.3,,,57.77,11.33,
25Ben_AY1,4/18/2025,16,1086,24,4,,1160120086,,LCS Rimfire,30,2025 Limagrain Cereal Seeds,2,,,,,1,7/15/2025 11:28,,,,,,,,,,,,3,7/15/2025 11:28,,,,,,,,,3.8,99.59,99.5915914,99.5915914,14.94,,,,,
25Crk_AY1_Conv,4/24/2025,6,1086,12,13,,1060120086,,PFS Muffins,60,2026 Peterson Farms Seed,2,,,,,,,2,8/4/2025 17:59,,,,,,,,,,,,,,,,,,,,,162.88,,,,Dirty Sample,,,,
25Ferg_AY1,4/21/2025,10,1086,24,4,,1100120086,,SY Valda,64,2015 AgriPro/Syngenta,2,,,,,1,7/28/2025 11:31,1,8/5/2025 17:38,,,,,,7,7/28/2025 11:31,,,1,7/15/2025 14:42,,,,,,,,,3.32,89.29,89.29276561,89.29276561,12.71,,,,,
25Hall_AY1,4/26/2025,15,1086,24,4,,1150120086,,PFS Rolls,61,2025 Peterson Farms Seed,2,,,,,,,,,,,,,,,,,,,,,,,,,,,,5.34,129.08,129.0767144,129.0767144,21.55,,,,,
25Lamb_AY1conv,4/15/2025,4,1086,34,5,,1040120086,,AP Iconic,3,2025 AgriPro/Syngenta,2,13,,91.44,,,,,,,,,,0,,,,,,,,,,,6,7/17/2025 15:18,,,,85.15,81.74465468,81.74465468,,,,,,
25LeCen_AY1,4/11/2025,17,1086,24,4,,1170120086,,LCS Buster,26,2020 Limagrain Cereal Seeds,2,,,,,0,7/4/2025 16:21,0,7/17/2025 9:09,,,,,,,,,,,,,,,,,,,,3.48,91.74,91.73913341,91.73913341,12.65,,,,,
25Oklee_AY1,4/26/2025,12,1086,35,4,,1120120086,Late,MN22071-4,42,MN16024-6/MN15005-4,2,,,,,4,7/30/2025 12:00,,,,,,,,,,,,,,,,,,,,,,5.07,123.97,123.9719167,123.9719167,20.64,,,,,
25Perl_AY1,4/21/2025,11,1086,24,4,,1110120086,,MN22341-1,49,MN15320-1/MN14105-7,2,,,,,0,7/28/2025 15:07,,,,,,,,,,,,4,7/28/2025 15:07,,,,,,,,,4.1,108.26,108.2625808,108.2625808,14.3,,,,,
25Ros_AY1conv,4/25/2025,7,1086,24,4,,1070120086,,Ascend-SD,6,2021 SD State University,2,23,,93.98,,,,,,,,,,,9,7/29/2025 15:35,,,,,,,,,,,,,4.22,107.95,107.9465774,107.9465774,16.98,,,,,
25Steph_AY1,4/27/2025,13,1086,24,4,,1130120086,,CP3555,12,2024 Winfield Untied - Croplan,2,,,,,2,7/29/2025 9:32,,,,,,,,,,6,7/29/2025 9:32,,,,,,,,,,,4.55,119.67,119.6684043,119.6684043,14.64,,,,,
25StP_C-9_AY1-3_URN-PEv2,4/16/2025,1,1086,7,10,,1010120086,,Driver,15,2019 SD State University,2,19,6/20/2025 11:05,82,,0,6/17/2025 11:01,7,6/27/2025 10:16,4,7/3/2025 10:11,5,7/25/2025 11:31,,,,,,,,,,,,,,mix,6/20/2025 11:05,1.23,70.08,70.07828306,70.07828306,13.8,80,,,,
25Strath_AY1,5/8/2025,14,1086,24,4,,1140120086,,WB9479,71,2017 WestBred,2,,,,,0,7/30/2025 8:47,,,,,,,,,,7,7/30/2025 8:47,,,,,,,,,,,,103.84,103.84,103.84,,,,,,
25Was_AY1,1/1/2025,3,1086,15,3,,1030120086,,MN21090-4,37,MN14223-5/MN-Rothsay,2,17,,70,,0,7/17/2025 10:19,,,,,,,4,,,,,,,,,,,,,,,,61.88,61.88,61.88,,,,57.49,13.81,
25Beck_AY1,4/12/2025,9,1087,16,15,,1090120087,,CP3915,14,2019 Winfield Untied - Croplan,2,,,,,,,,,,,,,,,,,,,,,,,,,,,,2.32,61.6,61.59674669,61.59674669,13.83,,,56.03,12.96,
25Ben_AY1,4/18/2025,16,1087,23,4,,1160120087,,PFS Muffins,60,2026 Peterson Farms Seed,2,,,,,0,7/15/2025 11:28,,,,,,,,,,,,0,7/15/2025 11:28,,,,,,,,,4.04,106.98,106.9769993,106.9769993,14.06,,,,,
25Crk_AY1_Conv,4/24/2025,6,1087,11,13,,1060120087,,Dyna-Gro Ambush,17,2017 Nutrien Ag Solutions,2,,,,,,,2,8/4/2025 17:59,,,,,,,,,,,,,,,,,,,,,108.42,108.42,108.42,,0,,,,
25Ferg_AY1,4/21/2025,10,1087,23,4,,1100120087,,LCS Trigger,31,2016 Limagrain Cereal Seeds,2,,,,,0,7/28/2025 11:31,0,8/5/2025 17:38,,,,,,8,7/28/2025 11:31,,,0,7/15/2025 14:42,,,,,,,,,3.4,91.16,91.16154839,91.16154839,12.98,,,,,
25Hall_AY1,4/26/2025,15,1087,23,4,,1150120087,better leaves,MN22071-4,42,MN16024-6/MN15005-4,2,,,,,,,,,,,,,,,,,,,,,,,,,,,,4.42,104.66,104.659785,104.659785,23.15,,,,,
25Lamb_AY1conv,4/15/2025,4,1087,35,5,,1040120087,,LCS Buster,26,2020 Limagrain Cereal Seeds,2,16,,91.44,,,,,,,,,,0,,,,,,,,,,,4,7/17/2025 15:18,,,,73.51,85.14663425,85.14663425,,,,,,
25LeCen_AY1,4/11/2025,17,1087,23,4,,1170120087,,ND Stampede,57,2024 NDSU,2,,,,,0,7/4/2025 16:21,3,7/17/2025 9:09,,,,,,,,,,,,,,,,,,,,3.8,100.28,100.2831491,100.2831491,13.98,,,,,
25Oklee_AY1,4/26/2025,12,1087,34,4,,1120120087,Late,MN22322-2,48,MN15005/MN14223-5,2,,,,,3,7/30/2025 12:01,,,,,,,,,,,,,,,,,,,,,,4.87,122.08,122.0825518,122.0825518,18.64,,,,,
25Perl_AY1,4/21/2025,11,1087,23,4,,1110120087,,Dyna-Gro Ballistic,18,2018 Nutrien Ag Solutions,2,,,,,0,7/28/2025 15:07,,,,,,,,,,,,6,7/28/2025 15:07,,,,,,,,,3.95,103.19,103.1942331,103.1942331,15.21,,,,,
25Ros_AY1conv,4/25/2025,7,1087,23,4,,1070120087,,MN22341-1,49,MN15320-1/MN14105-7,2,24,,76.2,,,,,,,,,,,7,7/29/2025 15:35,,,,,,,,,,,,,4.2,108.72,108.716127,108.716127,15.99,,,,,
25Steph_AY1,4/27/2025,13,1087,23,4,,1130120087,nice,MN22406-1,52,MN16360/MN15320-1,2,,,,,0,7/29/2025 9:32,,,,,,,,,,6,7/29/2025 9:32,,,,,,,,,,,4.53,120.37,120.3706614,120.3706614,13.76,,,,,
25StP_C-9_AY1-3_URN-PEv2,4/16/2025,1,1087,8,10,,1010120087,,MN-Torgy,35,2020 MN,2,16,6/16/2025 11:21,88,,0,6/17/2025 11:01,7,6/27/2025 10:16,5,7/3/2025 10:11,6,7/25/2025 11:31,,,,,,,,,,,,,,,,0.935,53.33,53.33268915,53.33268915,13.7,-,,,,
25Strath_AY1,5/8/2025,14,1087,23,4,,1140120087,nice,MN21385-1,41,Linkert-gpcB1/MN-Washburn-A//MN13479-8,2,,,,,0,7/30/2025 8:47,,,,,,,,,,4,7/30/2025 8:47,,,,,,,,,,,,104.69,104.69,104.69,,,,,,
25Was_AY1,1/1/2025,3,1087,16,3,,1030120087,,TW Trailfire,70,2024 Thunder Seed,2,12,,75,,0,7/17/2025 10:19,,,,,,,4,,,,,,,,,,,,,,,,55.22,55.22,55.22,,,,58.05,14.92,
25Beck_AY1,4/12/2025,9,1088,17,15,,1090120088,,LCS Boom,25,2023 Limagrain Cereal Seeds,2,,,,,,,,,,,,,,,,,,,,,,,,,,,,2.08,55.44,55.43616,55.43616,13.5,,,59.77,14.23,
25Ben_AY1,4/18/2025,16,1088,22,4,,1160120088,,Dyna-Gro Ambush,17,2017 Nutrien Ag Solutions,2,,,,,0,7/15/2025 11:28,,,,,,,,,,,,0,7/15/2025 11:28,,,,,,,,,3.56,92.93,92.92865302,92.92865302,15.28,,,,,
25Crk_AY1_Conv,4/24/2025,6,1088,10,13,,1060120088,,LCS Buster,26,2020 Limagrain Cereal Seeds,2,,,,,,,1,8/4/2025 17:59,,,,,,,,,,,,,,,,,,,,,119.38,119.38,119.38,,0,,,,
25Ferg_AY1,4/21/2025,10,1088,22,4,,1100120088,,MN21172-3,39,Bolles/MN-Rothsay,2,,,,,0,7/28/2025 11:31,0,8/5/2025 17:38,,,,,,6,7/28/2025 11:32,,,0,7/15/2025 14:42,,,,,,,,,3.34,91.13,91.12734756,91.12734756,11.45,,,,,
25Hall_AY1,4/26/2025,15,1088,22,4,,1150120088,,Driver,15,2019 SD State University,2,,,,,,,,,,,,,,,,,,,,,,,,,,,,5,118.61,118.6091029,118.6091029,23.01,,,,,
25Lamb_AY1conv,4/15/2025,4,1088,36,5,,1040120088,,Brawn-SD,7,2022 SD State University,2,14,,96.52,,,,,,,,,,0,,,,,,,,,,,7,7/17/2025 15:18,,,,82.02,73.51373992,73.51373992,,,,,,
25LeCen_AY1,4/11/2025,17,1088,22,4,,1170120088,,MS Charger,54,"2023 Meridian Seeds, LLC",2,,,,,0,7/4/2025 16:21,3,7/17/2025 9:09,,,,,,,,,,,,,,,,,,,,3.14,82.68,82.68288694,82.68288694,13.12,,,,,
25Oklee_AY1,4/26/2025,12,1088,33,4,,1120120088,,LCS Rimfire,30,2025 Limagrain Cereal Seeds,2,,,,,4,7/30/2025 12:01,,,,,,,,,,,,,,,,,,,,,,4.42,113.66,113.6617522,113.6617522,16.54,,,,,
25Perl_AY1,4/21/2025,11,1088,22,4,,1110120088,,CP3530,11,2022 Winfield Untied - Croplan,2,,,,,0,7/28/2025 15:08,,,,,,,,,,,,5,7/28/2025 15:08,,,,,,,,,4.06,106.87,106.8686042,106.8686042,14.57,,,,,
25Ros_AY1conv,4/25/2025,7,1088,22,4,,1070120088,,MN22356-2,51,MN15530-4/MN15005-4,2,22,,73.66,,,,,,,,,,,7,7/29/2025 15:35,,,,,,,,,,,,,3.99,99.9,99.89952214,99.89952214,18.74,,,,,
25Steph_AY1,4/27/2025,13,1088,22,4,,1130120088,,Driver,15,2019 SD State University,2,,,,,1,7/29/2025 9:32,,,,,,,,,,6,7/29/2025 9:32,,,,,,,,,,,4.28,111.05,111.0506573,111.0506573,15.79,,,,,
25StP_C-9_AY1-3_URN-PEv2,4/16/2025,1,1088,9,10,,1010120088,,CP3530,11,2022 Winfield Untied - Croplan,2,18,6/18/2025 13:23,91.66666667,,0,6/17/2025 11:01,6,6/27/2025 10:16,4,7/3/2025 10:11,6,7/25/2025 11:31,,,,,,,,,,,,,,,,1.305,74.7,74.69636697,74.69636697,13.4,79.3,,,,
25Strath_AY1,5/8/2025,14,1088,22,4,,1140120088,,LCS Trigger,31,2016 Limagrain Cereal Seeds,2,,,,,1,7/30/2025 8:47,,,,,,,,,,3,7/30/2025 8:47,,,,,,,,,,,,124.91,124.91,124.91,,,,,,
25Was_AY1,1/1/2025,3,1088,17,3,,1030120088,,AP Smith,5,2021 AgriPro/Syngenta,2,18,,75,,0,7/17/2025 10:19,,,,,,,2,,,,,,,,,,,,,,,,51.82,51.82,51.82,,,,57.86,15.24,
25Beck_AY1,4/12/2025,9,1089,18,15,,1090120089,,Linkert,32,2013 MN,2,,,,,,,,,,,,,,,,,,,,,,,,,,,,1.24,33.05,33.04848,33.04848,13.5,,,57.61,15.25,
25Ben_AY1,4/18/2025,16,1089,21,4,,1160120089,,WB9590,72,2017 WestBred,2,,,,,0,7/15/2025 11:28,,,,,,,,,,,,2,7/15/2025 11:28,,,,,,,,,3.96,104.24,104.2363726,104.2363726,14.57,,,,,
25Crk_AY1_Conv,4/24/2025,6,1089,9,13,,1060120089,,MN21090-4,37,MN14223-5/MN-Rothsay,2,,,,,,,2,8/4/2025 17:59,,,,,,,,,,,,,,,,,,,,,103.56,103.56,103.56,,0,,,,
25Ferg_AY1,4/21/2025,10,1089,21,4,,1100120089,,LCS Hammer AX,29,2022 Limagrain Cereal Seeds,2,,,,,0,7/28/2025 11:32,0,8/5/2025 17:38,,,,,,8,7/28/2025 11:32,,,2,7/15/2025 14:43,,,,,,,,,2.87,80.88,80.87732729,80.87732729,8.54,,,,,
25Hall_AY1,4/26/2025,15,1089,21,4,,1150120089,,LCS Dual,28,2021 Limagrain Cereal Seeds,2,,,,,,,,,,,,,,,,,,,,,,,,,,,,4.33,108.68,108.6790915,108.6790915,18.54,,,,,
25Lamb_AY1conv,4/15/2025,4,1089,37,5,,1040120089,,AP Murdock,4,2020 AgriPro/Syngenta,2,13,,81.28,,,,,,,,,,0,,,,,,,,,,,7,7/17/2025 15:18,,,,77.66,82.02109921,82.02109921,,,,,,
25LeCen_AY1,4/11/2025,17,1089,21,4,,1170120089,,AP Iconic,3,2025 AgriPro/Syngenta,2,,,,,0,7/4/2025 16:21,2,7/17/2025 9:09,,,,,,,,,,,,,,,,,,,,3.65,96.27,96.2681237,96.2681237,12.49,,,,,
25Oklee_AY1,4/26/2025,12,1089,32,4,,1120120089,,Dyna-Gro Ambush,17,2017 Nutrien Ag Solutions,2,,,,,3,7/30/2025 12:01,,,,,,,,,,,,,,,,,,,,,,4.74,116.85,116.8520428,116.8520428,19.99,,,,,
25Perl_AY1,4/21/2025,11,1089,21,4,,1110120089,,Glenn,22,long term check,2,,,,,0,7/28/2025 15:08,,,,,,,,,,,,6,7/28/2025 15:08,,,,,,,,,3.54,93.74,93.73727162,93.73727162,14.06,,,,,
25Ros_AY1conv,4/25/2025,7,1089,21,4,,1070120089,,SY 611 CL2,63,2019 AgriPro/Syngenta,2,22,,73.66,,,,,,,,,,,7,7/29/2025 15:35,,,,,,,,,,,,,3.71,93.36,93.357704,93.357704,18.33,,,,,
25Steph_AY1,4/27/2025,13,1089,21,4,,1130120089,,WB9479,71,2017 WestBred,2,,,,,0,7/29/2025 9:32,,,,,,,,,,6,7/29/2025 9:32,,,,,,,,,,,3.88,101.76,101.7599858,101.7599858,14.88,,,,,
25StP_C-9_AY1-3_URN-PEv2,4/16/2025,1,1089,10,10,,1010120089,,LCS Dual,28,2021 Limagrain Cereal Seeds,2,16,6/16/2025 11:21,83.66666667,,0,6/17/2025 11:01,1,6/27/2025 10:16,0,7/3/2025 10:11,1,7/25/2025 11:31,,,,,,,,,,,,,,,,1.31,75.42,75.41548465,75.41548465,12.9,79.7,,,,
25Strath_AY1,5/8/2025,14,1089,21,4,,1140120089,,Shelly,62,2016 MN,2,,,,,0,7/30/2025 8:47,,,,,,,,,,4,7/30/2025 8:47,,,,,,,,,,,,121.48,121.48,121.48,,,,,,
25Was_AY1,1/1/2025,3,1089,18,3,,1030120089,,MN22071-4,42,MN16024-6/MN15005-4,2,17,,75,,0,7/17/2025 10:19,,,,,,,3,,,,,,,,,,,,,,,,59.14,59.14,59.14,,,,58.05,13.7,
25Beck_AY1,4/12/2025,9,1090,19,15,,1090120090,,Enhance-SD,21,2024 SD State University,2,,,,,,,,,,,,,,,,,,,,,,,,,,,,1.72,45.84,45.84144,45.84144,13.5,,,56.78,14.55,
25Ben_AY1,4/18/2025,16,1090,20,4,,1160120090,,MN21090-4,37,MN14223-5/MN-Rothsay,2,,,,,0,7/15/2025 11:28,,,,,,,,,,,,2,7/15/2025 11:29,,,,,,,,,4.02,107.2,107.2029712,107.2029712,13.45,,,,,
25Crk_AY1_Conv,4/24/2025,6,1090,8,13,,1060120090,,CAG Recoil,9,2022 Champions Alliance Group Inc,2,,,,,,,2,8/4/2025 17:59,,,,,,,,,,,,,,,,,,,,,100.76,100.76,100.76,,0,,,,
25Ferg_AY1,4/21/2025,10,1090,20,4,,1100120090,,CP3915,14,2019 Winfield Untied - Croplan,2,,,,,0,7/28/2025 11:32,0,8/5/2025 17:38,,,,,,7,7/28/2025 11:32,,,1,7/15/2025 14:43,,,,,,,,,2.91,77.56,77.55732,77.55732,13.5,,,,,
25Hall_AY1,4/26/2025,15,1090,20,4,,1150120090,,MN22406-1,52,MN16360/MN15320-1,2,,,,,,,,,,,,,,,,,,,,,,,,,,,,4.04,104.36,104.3629464,104.3629464,16.16,,,,,
25Lamb_AY1conv,4/15/2025,4,1090,38,5,,1040120090,,Dyna-Gro Ballistic,18,2018 Nutrien Ag Solutions,2,15,,91.44,,,,,,,,,,0,,,,,,,,,,,3,7/17/2025 15:19,,,,86.89,77.66370622,77.66370622,,,,,,
25LeCen_AY1,4/11/2025,17,1090,20,4,,1170120090,,MN21263-3,40,MN15332/MN-Washburn-A//MN-Rothsay,2,,,,,0,7/4/2025 16:21,0,7/17/2025 9:09,,,,,,,,,,,,,,,,,,,,3.09,81.35,81.34936208,81.34936208,13.04,,,,,
25Oklee_AY1,4/26/2025,12,1090,31,4,,1120120090,,CP3530,11,2022 Winfield Untied - Croplan,2,,,,,2,7/30/2025 12:01,,,,,,,,,,,,,,,,,,,,,,4.82,120.78,120.7845839,120.7845839,18.67,,,,,
25Perl_AY1,4/21/2025,11,1090,20,4,,1110120090,,MN21172-3,39,Bolles/MN-Rothsay,2,,,,,0,7/28/2025 15:08,,,,,,,,,,,,4,7/28/2025 15:08,,,,,,,,,4.41,116.45,116.4482881,116.4482881,14.3,,,,,
25Ros_AY1conv,4/25/2025,7,1090,20,4,,1070120090,,Dyna-Gro Rocker,20,2023 Nutrien Ag Solutions,2,23,,83.82,,,,,,,,,,,8,7/29/2025 15:35,,,,,,,,,,,,,3.92,100.8,100.8040879,100.8040879,16.54,,,,,
25Steph_AY1,4/27/2025,13,1090,20,4,,1130120090,,SY 611 CL2,63,2019 AgriPro/Syngenta,2,,,,,0,7/29/2025 9:32,,,,,,,,,,6,7/29/2025 9:32,,,,,,,,,,,4.14,106.68,106.678312,106.678312,16.37,,,,,
25StP_C-9_AY1-3_URN-PEv2,4/16/2025,1,1090,11,10,,1010120090,,AP Smith,5,2021 AgriPro/Syngenta,2,18,6/18/2025 13:23,79,,0,6/17/2025 11:01,0,6/27/2025 10:16,0,7/3/2025 10:11,1,7/25/2025 11:31,,,,,,,,,,,,,,mixed,6/18/2025 13:24,1.44,82.9,82.89946405,82.89946405,12.9,80.6,,,,
25Strath_AY1,5/8/2025,14,1090,20,4,,1140120090,,MN-Rothsay,34,2022 MN,2,,,,,0,7/30/2025 8:47,,,,,,,,,,2,7/30/2025 8:47,,,,,,,,,,,,120.47,120.47,120.47,,,,,,
25Was_AY1,1/1/2025,3,1090,19,3,,1030120090,,Shelly,62,2016 MN,2,19,,80,,0,7/17/2025 10:19,,,,,,,3,,,,,,,,,,,,,,,,69.56,69.56,69.56,,,,57.01,14.21,
25Beck_AY1,4/12/2025,9,1091,19,16,,1090120091,Late,MS Charger,54,"2023 Meridian Seeds, LLC",2,,,,,,,,,,,,,,,,,,,,,,,,,,,,1.28,34.11,34.11456,34.11456,13.5,,,57.88,13.59,
25Ben_AY1,4/18/2025,16,1091,19,4,,1160120091,,Dyna-Gro Rocker,20,2023 Nutrien Ag Solutions,2,,,,,0,7/15/2025 11:29,,,,,,,,,,,,1,7/15/2025 11:29,,,,,,,,,3.09,87.12,87.11506613,87.11506613,8.5,,,,,
25Crk_AY1_Conv,4/24/2025,6,1091,7,13,,1060120091,,TW Trailfire,70,2024 Thunder Seed,2,,,,,,,2,8/4/2025 17:59,,,,,,,,,,,,,,,,,,,,,90.28,90.28,90.28,,0,,,,
25Ferg_AY1,4/21/2025,10,1091,19,4,,1100120091,,LCS Boom,25,2023 Limagrain Cereal Seeds,2,,,,,0,7/28/2025 11:32,0,8/5/2025 17:38,,,,,,8,7/28/2025 11:32,,,1,7/15/2025 14:43,,,,,,,,,3.35,89.19,89.19130314,89.19130314,13.59,,,,,
25Hall_AY1,4/26/2025,15,1091,19,4,,1150120091,,Marshall,33,long term check,2,,,,,,,,,,,,,,,,,,,,,,,,,,,,4,101.57,101.5672287,101.5672287,17.59,,,,,
25Lamb_AY1conv,4/15/2025,4,1091,38,6,,1040120091,,LCS Boom,25,2023 Limagrain Cereal Seeds,2,14,,91.44,,,,,,,,,,0,,,,,,,,,,,6,7/17/2025 15:19,,,,69.68,86.89173165,86.89173165,,,,,,
25LeCen_AY1,4/11/2025,17,1091,19,4,,1170120091,,TCG-Wildcat,67,2020 21st Century Genetics,2,,,,,0,7/4/2025 16:21,0,7/17/2025 9:09,,,,,,,,,,,,,,,,,,,,2.94,77.36,77.36115746,77.36115746,13.87,,,,,
25Oklee_AY1,4/26/2025,12,1091,30,4,,1120120091,,AP Dagr,1,2025 AgriPro/Syngenta,2,,,,,3,7/30/2025 12:01,,,,,,,,,,,,,,,,,,,,,,4.42,114.68,114.6831554,114.6831554,15.79,,,,,
25Perl_AY1,4/21/2025,11,1091,19,4,,1110120091,,MN22154-1,44,BW980/MN10201-4-A//MN15005,2,,,,,0,7/28/2025 15:08,,,,,,,,,,,,4,7/28/2025 15:08,,,,,,,,,4.45,114.58,114.5840347,114.5840347,16.43,,,,,
25Ros_AY1conv,4/25/2025,7,1091,19,4,,1070120091,,Dyna-Gro Ambush,17,2017 Nutrien Ag Solutions,2,21,,83.82,,,,,,,,,,,8,7/29/2025 15:35,,,,,,,,,,,,,3.83,96.73,96.73138503,96.73138503,18.03,,,,,
25Steph_AY1,4/27/2025,13,1091,19,4,,1130120091,,AP Elevate,2,2024 AgriPro/Syngenta,2,,,,,0,7/29/2025 9:32,,,,,,,,,,7,7/29/2025 9:32,,,,,,,,,,,4.6,120.46,120.459029,120.459029,15.01,,,,,
25StP_C-9_AY1-3_URN-PEv2,4/16/2025,1,1091,11,11,,1010120091,,Dyna-Gro Ballistic,18,2018 Nutrien Ag Solutions,2,18,6/18/2025 13:26,83,,0,6/17/2025 11:04,8,6/27/2025 10:19,4,7/3/2025 10:16,7,7/25/2025 11:33,,,,,,,,,,,,,,,,1.235,70.85,70.85292087,70.85292087,13.2,77.8,,,,
25Strath_AY1,5/8/2025,14,1091,19,4,,1140120091,,Dyna-Gro Ballistic,18,2018 Nutrien Ag Solutions,2,,,,,0,7/30/2025 8:47,,,,,,,,,,9,7/30/2025 8:48,,,,,,,,,,,,117.42,117.42,117.42,,,,,,
25Was_AY1,1/1/2025,3,1091,20,3,,1030120091,nice,MN22154-1,44,BW980/MN10201-4-A//MN15005,2,16,,70,,0,7/17/2025 10:19,,,,,,,3,,,,,,,,,,,,,,,,63.87,63.87,63.87,,,,56.94,13.86,
25Beck_AY1,4/12/2025,9,1092,18,16,,1090120092,,LCS Hammer AX,29,2022 Limagrain Cereal Seeds,2,,,,,,,,,,,,,,,,,,,,,,,,,,,,1.78,47.44,47.44056,47.44056,13.5,,,58,13.06,
25Ben_AY1,4/18/2025,16,1092,18,4,,1160120092,,MN22199-2,45,MN16360/MN15005,2,,,,,0,7/15/2025 11:29,,,,,,,,,,,,5,7/15/2025 11:29,,,,,,,,,3.5,92.63,92.63495723,92.63495723,14.1,,,,,
25Crk_AY1_Conv,4/24/2025,6,1092,6,13,,1060120092,,ND Thresher,58,2023 NDSU,2,,,,,,,2,8/4/2025 17:59,,,,,,,,,,,,,,,,,,,,,89.92,89.92,89.92,,0,,,,
25Ferg_AY1,4/21/2025,10,1092,18,4,,1100120092,,ND Thresher,58,2023 NDSU,2,,,,,0,7/28/2025 11:32,0,8/5/2025 17:39,,,,,,7,7/28/2025 11:32,,,0,7/15/2025 14:43,,,,,,,,,3.3,89.93,89.93432393,89.93432393,11.55,,,,,
25Hall_AY1,4/26/2025,15,1092,18,4,,1150120092,,MS Nova,56,"2023 Meridian Seeds, LLC",2,,,,,,,,,,,,,,,,,,,,,,,,,,,,4.22,107.6,107.5955105,107.5955105,17.25,,,,,
25Lamb_AY1conv,4/15/2025,4,1092,37,6,,1040120092,,MN-Rothsay,34,2022 MN,2,17,,83.82,,,,,,,,,,0,,,,,,,,,,,3,7/17/2025 15:19,,,,64.67,69.67967123,69.67967123,,,,,,
25LeCen_AY1,4/11/2025,17,1092,18,4,,1170120092,,MN22429-2,53,MN16396/MN14227-4,2,,,,,0,7/4/2025 16:21,0,7/17/2025 9:10,,,,,,,,,,,,,,,,,,,,2.95,77.62,77.61715723,77.61715723,12.96,,,,,
25Oklee_AY1,4/26/2025,12,1092,29,4,,1120120092,,LCS Ascent,24,2022 Limagrain Cereal Seeds,2,,,,,4,7/30/2025 12:01,,,,,,,,,,,,,,,,,,,,,,4.55,115.15,115.1542026,115.1542026,17.86,,,,,
25Perl_AY1,4/21/2025,11,1092,18,4,,1110120092,,TCG-Zelda,68,2023 21st Century Genetics,2,,,,,0,7/28/2025 15:08,,,,,,,,,,,,7,7/28/2025 15:08,,,,,,,,,4.46,116.46,116.4630777,116.4630777,15.25,,,,,
25Ros_AY1conv,4/25/2025,7,1092,18,4,,1070120092,,SY Valda,64,2015 AgriPro/Syngenta,2,21,,81.28,,,,,,,,,,,7,7/29/2025 15:35,,,,,,,,,,,,,4.02,102.46,102.4590385,102.4590385,17.28,,,,,
25Steph_AY1,4/27/2025,13,1092,18,4,,1130120092,,TCG-Zelda,68,2023 21st Century Genetics,2,,,,,0,7/29/2025 9:32,,,,,,,,,,7,7/29/2025 9:32,,,,,,,,,,,4.18,109.46,109.4605959,109.4605959,15.01,,,,,
25StP_C-9_AY1-3_URN-PEv2,4/16/2025,1,1092,10,11,,1010120092,Nice Color (harvest),MN22071-4,42,MN16024-6/MN15005-4,2,16,6/16/2025 11:24,82.33333333,,0,6/17/2025 11:04,1,6/27/2025 10:19,1,7/3/2025 10:16,0,7/25/2025 11:33,,,,,,,,,,,,,,,,1.435,82.71,82.70646555,82.70646555,12.8,80.8,,,,
25Strath_AY1,5/8/2025,14,1092,18,4,,1140120092,,TCG-Badlands,66,2023 21st Century Genetics,2,,,,,0,7/30/2025 8:48,,,,,,,,,,6,7/30/2025 8:48,,,,,,,,,,,,110.73,110.73,110.73,,,,,,
25Was_AY1,1/1/2025,3,1092,21,3,,1030120092,,MN22322-2,48,MN15005/MN14223-5,2,18,,70,,0,7/17/2025 10:19,,,,,,,3,,,,,,,,,,,,,,,,63.67,63.67,63.67,,,,57,15.11,
25Beck_AY1,4/12/2025,9,1093,17,16,,1090120093,,MN22341-1,49,MN15320-1/MN14105-7,2,,,,,,,,,,,,,,,,,,,,,,,,,,,,2.28,59.96,59.95868088,59.95868088,14.65,,,57.7,12.12,
25Ben_AY1,4/18/2025,16,1093,17,4,,1160120093,,TW Trailfire,70,2024 Thunder Seed,2,,,,,1,7/15/2025 11:29,,,,,,,,,,,,0,7/15/2025 11:29,,,,,,,,,3.52,91.26,91.25546203,91.25546203,15.86,,,,,
25Crk_AY1_Conv,4/24/2025,6,1093,5,13,,1060120093,,Brawn-SD,7,2022 SD State University,2,,,,,,,2,8/4/2025 17:59,,,,,,,,,,,,,,,,,,,,,100.35,100.35,100.35,,0,,,,
25Ferg_AY1,4/21/2025,10,1093,17,4,,1100120093,,MN21090-4,37,MN14223-5/MN-Rothsay,2,,,,,0,7/28/2025 11:32,1,8/5/2025 17:39,,,,,,7,7/28/2025 11:32,,,0,7/15/2025 14:43,,,,,,,,,3.58,98.46,98.45858869,98.45858869,10.74,,,,,
25Hall_AY1,4/26/2025,15,1093,17,4,,1150120093,,Enhance-SD,21,2024 SD State University,2,,,,,,,,,,,,,,,,,,,,,,,,,,,,3.91,100.47,100.4746507,100.4746507,16.6,,,,,
25Lamb_AY1conv,4/15/2025,4,1093,36,6,,1040120093,,TCG-Arsenal,65,2024 21st Century Genetics,2,17,,83.82,,,,,,,,,,0,,,,,,,,,,,2,7/17/2025 15:19,,,,72.16,64.6687189,64.6687189,,,,,,
25LeCen_AY1,4/11/2025,17,1093,17,4,,1170120093,,MN22341-1,49,MN15320-1/MN14105-7,2,,,,,0,7/4/2025 16:21,0,7/17/2025 9:10,,,,,,,,,,,,,,,,,,,,3.13,82.41,82.40584671,82.40584671,12.21,,,,,
25Oklee_AY1,4/26/2025,12,1093,28,4,,1120120093,Late,MN22342-2,50,MN16024-6/MN15119-2,2,,,,,1,7/30/2025 12:01,,,,,,,,,,,,,,,,,,,,,,4.32,108.79,108.7874866,108.7874866,18.27,,,,,
25Perl_AY1,4/21/2025,11,1093,17,4,,1110120093,,Enhance-SD,21,2024 SD State University,2,,,,,0,7/28/2025 15:08,,,,,,,,,,,,6,7/28/2025 15:08,,,,,,,,,4.42,114.68,114.6831554,114.6831554,15.79,,,,,
25Ros_AY1conv,4/25/2025,7,1093,17,4,,1070120093,,MN22131-3,43,MN15482-4/MN15005-4,2,24,,76.2,,,,,,,,,,,5,7/29/2025 15:35,,,,,,,,,,,,,3.88,98.11,98.1137457,98.1137457,17.93,,,,,
25Steph_AY1,4/27/2025,13,1093,17,4,,1130120093,,MN21090-4,37,MN14223-5/MN-Rothsay,2,,,,,0,7/29/2025 9:33,,,,,,,,,,6,7/29/2025 9:33,,,,,,,,,,,4.53,118.43,118.4305499,118.4305499,15.15,,,,,
25StP_C-9_AY1-3_URN-PEv2,4/16/2025,1,1093,9,11,,1010120093,,LCS Hammer AX,29,2022 Limagrain Cereal Seeds,2,16,6/16/2025 11:24,72.66666667,,0,6/17/2025 11:04,8,6/27/2025 10:19,4,7/3/2025 10:16,6,7/25/2025 11:33,,,,,,,,,,,,,,,,1.215,69.22,69.22366986,69.22366986,13.8,78.1,,,,
25Strath_AY1,5/8/2025,14,1093,17,4,,1140120093,,SY Valda,64,2015 AgriPro/Syngenta,2,,,,,1,7/30/2025 8:48,,,,,,,,,,8,7/30/2025 8:48,,,,,,,,,,,,116.23,116.23,116.23,,,,,,
25Was_AY1,1/1/2025,3,1093,22,3,,1030120093,,MN21263-3,40,MN15332/MN-Washburn-A//MN-Rothsay,2,17,,75,,0,7/17/2025 10:20,,,,,,,2,,,,,,,,,,,,,,,,55.38,55.38,55.38,,,,58.16,15.28,
25Beck_AY1,4/12/2025,9,1094,16,16,,1090120094,,MS Cobra,55,"2022 Meridian Seeds, LLC",2,,,,,,,,,,,,,,,,,,,,,,,,,,,,2.32,59.55,59.55233802,59.55233802,16.69,,,59.09,11.97,
25Ben_AY1,4/18/2025,16,1094,16,4,,1160120094,,ND Thresher,58,2023 NDSU,2,,,,,0,7/15/2025 11:29,,,,,,,,,,,,0,7/15/2025 11:29,,,,,,,,,3.65,97.75,97.75214123,97.75214123,13.08,,,,,
25Crk_AY1_Conv,4/24/2025,6,1094,4,13,,1060120094,,Linkert,32,2013 MN,2,,,,,,,2,8/4/2025 17:59,,,,,,,,,,,,,,,,,,,,,88.78,88.78,88.78,,0,,,,
25Ferg_AY1,4/21/2025,10,1094,16,4,,1100120094,,AP Murdock,4,2020 AgriPro/Syngenta,2,,,,,0,7/28/2025 11:32,1,8/5/2025 17:39,,,,,,7,7/28/2025 11:32,,,1,7/15/2025 14:43,,,,,,,,,3.74,99.82,99.81676228,99.81676228,13.38,,,,,
25Hall_AY1,4/26/2025,15,1094,16,4,,1150120094,,SY 611 CL2,63,2019 AgriPro/Syngenta,2,,,,,,,,,,,,,,,,,,,,,,,,,,,,3.92,99.09,99.08899322,99.08899322,17.96,,,,,
25Lamb_AY1conv,4/15/2025,4,1094,35,6,,1040120094,,Knudson,23,long term check,2,14,,83.82,,,,,,,,,,0,,,,,,,,,,,4,7/17/2025 15:19,,,,50.26,72.15957334,72.15957334,,,,,,
25LeCen_AY1,4/11/2025,17,1094,16,4,,1170120094,Mechanical,Dyna-Gro Rocker,20,2023 Nutrien Ag Solutions,2,,,,,0,7/4/2025 16:21,3,7/17/2025 9:10,,,,,,,,,,,,,,,,,,,,2.54,66.7,,,13.83,,,,,
25Oklee_AY1,4/26/2025,12,1094,27,4,,1120120094,,Ascend-SD,6,2021 SD State University,2,,,,,5,7/30/2025 12:01,,,,,,,,,,,,,,,,,,,,,,3.86,99.14,99.1422356,99.1422356,16.64,,,,,
25Perl_AY1,4/21/2025,11,1094,16,4,,1110120094,,AP Murdock,4,2020 AgriPro/Syngenta,2,,,,,1,7/28/2025 15:08,,,,,,,,,,,,7,7/28/2025 15:08,,,,,,,,,4.5,118.45,118.4504234,118.4504234,14.57,,,,,
25Ros_AY1conv,4/25/2025,7,1094,16,4,,1070120094,,MS Charger,54,"2023 Meridian Seeds, LLC",2,22,,78.74,,,,,,,,,,,7,7/29/2025 15:36,,,,,,,,,,,,,4.11,103.77,103.7651405,103.7651405,18.06,,,,,
25Steph_AY1,4/27/2025,13,1094,16,4,,1130120094,,MN22131-3,43,MN15482-4/MN15005-4,2,,,,,0,7/29/2025 9:33,,,,,,,,,,5,7/29/2025 9:33,,,,,,,,,,,4.35,112.87,112.8669064,112.8669064,15.79,,,,,
25StP_C-9_AY1-3_URN-PEv2,4/16/2025,1,1094,8,11,,1010120094,,Linkert,32,2013 MN,2,16,6/16/2025 11:24,89.66666667,,0,6/17/2025 11:04,3,6/27/2025 10:19,1,7/3/2025 10:16,2,7/25/2025 11:34,,,,,,,,,,,,,,mix,6/16/2025 11:24,1.135,64.67,64.66573275,64.66573275,13.8,77.7,,,,
25Strath_AY1,5/8/2025,14,1094,16,4,,1140120094,,PFS Muffins,60,2026 Peterson Farms Seed,2,,,,,1,7/30/2025 8:48,,,,,,,,,,6,7/30/2025 8:48,,,,,,,,,,,,123.61,123.61,123.61,,,,,,
25Was_AY1,1/1/2025,3,1094,23,3,,1030120094,,LCS Buster,26,2020 Limagrain Cereal Seeds,2,20,,85,,0,7/17/2025 10:20,,,,,,,2,,,,,,,,,,,,,,,,58.35,58.35,58.35,,,,54.89,13.36,
25Beck_AY1,4/12/2025,9,1095,15,16,,1090120095,,MS Nova,56,"2023 Meridian Seeds, LLC",2,,,,,,,,,,,,,,,,,,,,,,,,,,,,1.86,49.57,49.57272,49.57272,13.5,,,59.33,12.49,
25Ben_AY1,4/18/2025,16,1095,15,4,,1160120095,,SY 611 CL2,63,2019 AgriPro/Syngenta,2,,,,,0,7/15/2025 11:29,,,,,,,,,,,,0,7/15/2025 11:29,,,,,,,,,3.71,96.92,96.92420378,96.92420378,15.21,,,,,
25Crk_AY1_Conv,4/24/2025,6,1095,3,12,,1060120095,possible error,LCS Trigger,31,2016 Limagrain Cereal Seeds,1,,,,,,,2,8/4/2025 17:59,,,,,,,,,,,,,,,,,,Plot shift,7/2/2025 11:43,,120.41,120.41,120.41,,0,,,,
25Ferg_AY1,4/21/2025,10,1095,15,4,,1100120095,,LCS Ascent,24,2022 Limagrain Cereal Seeds,2,,,,,0,7/28/2025 11:32,0,8/5/2025 17:39,,,,,,8,7/28/2025 11:33,,,2,7/15/2025 14:43,,,,,,,,,3.74,99.57,99.57476829,99.57476829,13.59,,,,,
25Hall_AY1,4/26/2025,15,1095,15,4,,1150120095,,AP Elevate,2,2024 AgriPro/Syngenta,2,,,,,,,,,,,,,,,,,,,,,,,,,,,,4.08,103.26,103.2591531,103.2591531,17.86,,,,,
25Lamb_AY1conv,4/15/2025,4,1095,34,6,,1040120095,,PFS Muffins,60,2026 Peterson Farms Seed,2,14,,88.9,,,,,,,,,,0,,,,,,,,,,,3,7/17/2025 15:19,,,,65.42,,,,,,,,
25LeCen_AY1,4/11/2025,17,1095,15,4,,1170120095,,MN22154-1,44,BW980/MN10201-4-A//MN15005,2,,,,,0,7/4/2025 16:22,4,7/17/2025 9:10,,,,,,,,,,,,,,,,,,,,3.8,100.29,100.2859237,100.2859237,14.22,,,,,
25Oklee_AY1,4/26/2025,12,1095,26,4,,1120120095,,LCS Boom,25,2023 Limagrain Cereal Seeds,2,,,,,3,7/30/2025 12:01,,,,,,,,,,,,,,,,,,,,,,4.16,105.94,105.9375404,105.9375404,17.35,,,,,
25Perl_AY1,4/21/2025,11,1095,15,4,,1110120095,,LCS Rimfire,30,2025 Limagrain Cereal Seeds,2,,,,,0,7/28/2025 15:08,,,,,,,,,,,,6,7/28/2025 15:08,,,,,,,,,4.38,114.2,114.1986128,114.1986128,15.38,,,,,
25Ros_AY1conv,4/25/2025,7,1095,15,4,,1070120095,,WB9590,72,2017 WestBred,2,21,,68.58,,,,,,,,,,,9,7/29/2025 15:36,,,,,,,,,,,,,3.38,87.14,87.13651097,87.13651097,16.33,,,,,
25Steph_AY1,4/27/2025,13,1095,15,4,,1130120095,,SY Valda,64,2015 AgriPro/Syngenta,2,,,,,1,7/29/2025 9:33,,,,,,,,,,7,7/29/2025 9:33,,,,,,,,,,,4.57,118.1,118.0963677,118.0963677,16.13,,,,,
25StP_C-9_AY1-3_URN-PEv2,4/16/2025,1,1095,7,11,,1010120095,,WB9590,72,2017 WestBred,2,13,6/12/2025 10:23,74.66666667,,0,6/17/2025 11:04,0,6/27/2025 10:19,1,7/3/2025 10:16,3,7/25/2025 11:34,,,,,,,,,,,,,,,,1.275,72.89,72.8949375,72.8949375,13.5,78.9,,,,
25Strath_AY1,5/8/2025,14,1095,15,4,,1140120095,,MS Nova,56,"2023 Meridian Seeds, LLC",2,,,,,1,7/30/2025 8:48,,,,,,,,,,6,7/30/2025 8:48,,,,,,,,,,,,120.72,120.72,120.72,,,,,,
25Was_AY1,1/1/2025,3,1095,24,3,,1030120095,,TCG-Zelda,68,2023 21st Century Genetics,2,16,,80,,0,7/17/2025 10:20,,,,,,,2,,,,,,,,,,,,,waxy heads,7/2/2025 12:16,,60.23,60.23,60.23,,,,56.1,15.38,
25Beck_AY1,4/12/2025,9,1096,14,16,,1090120096,,Ascend-SD,6,2021 SD State University,2,,,,,,,,,,,,,,,,,,,,,,,,,,,,2.32,59.55,59.55233802,59.55233802,16.69,,,59.54,11.06,
25Ben_AY1,4/18/2025,16,1096,14,4,,1160120096,,LCS Buster,26,2020 Limagrain Cereal Seeds,2,,,,,0,7/15/2025 11:30,,,,,,,,,,,,1,7/15/2025 11:30,,,,,,,,,3.7,97.08,97.08476282,97.08476282,14.84,,,,,
25Crk_AY1_Conv,4/24/2025,6,1096,2,13,,1060120096,,NDHRS15-0006-C46,59,2025 NDSU,2,,,,,,,1,8/4/2025 17:59,,,,,,,,,,,,,,,,,,,,,99.57,99.57,99.57,,0,,,,
25Ferg_AY1,4/21/2025,10,1096,14,4,,1100120096,,AP Dagr,1,2025 AgriPro/Syngenta,2,,,,,0,7/28/2025 11:33,0,8/5/2025 17:39,,,,,,7,7/28/2025 11:33,,,0,7/15/2025 14:43,,,,,,,,,3.4,91.59,91.59106155,91.59106155,12.57,,,,,
25Hall_AY1,4/26/2025,15,1096,14,4,,1150120096,,MN-Rothsay,34,2022 MN,2,,,,,,,,,,,,,,,,,,,,,,,,,,,,4.34,106.67,106.6701777,106.6701777,20.23,,,,,
25Lamb_AY1conv,4/15/2025,4,1096,33,6,,1040120096,,Dyna-Gro Rocker,20,2023 Nutrien Ag Solutions,2,16,,96.52,,,,,,,,,,0,,,,,,,,,,,3,7/17/2025 15:19,,,,66.26,65.41952389,65.41952389,,,,,,
25LeCen_AY1,4/11/2025,17,1096,14,4,,1170120096,LTN,CAG Recoil,9,2022 Champions Alliance Group Inc,2,,,,,0,7/4/2025 16:22,0,7/17/2025 9:10,,,,,,,,,,,,,,,,,,,,3.16,83.21,83.21315237,83.21315237,12.88,,,,,
25Oklee_AY1,4/26/2025,12,1096,25,4,,1120120096,,WB9590,72,2017 WestBred,2,,,,,2,7/30/2025 12:01,,,,,,,,,,,,,,,,,,,,,,4.29,107.99,107.9923634,107.9923634,18.3,,,,,
25Perl_AY1,4/21/2025,11,1096,14,4,,1110120096,,MN22227-1,46,MN15413-2/MN10201-4-A//Linkert-gpcB1/MN13288-1-1/3/MN15482-4/Shelly//MN15482-4/MN10261-1,2,,,,,1,7/28/2025 15:09,,,,,,,,,,,,6,7/28/2025 15:09,,,,,,,,,4.37,114.71,114.7053706,114.7053706,14.81,,,,,
25Ros_AY1conv,4/25/2025,7,1096,14,4,,1070120096,,MN22342-2,50,MN16024-6/MN15119-2,2,23,,73.66,,,,,,,,,,,7,7/29/2025 15:36,,,,,,,,,,,,,3.72,94.19,94.19389895,94.19389895,17.82,,,,,
25Steph_AY1,4/27/2025,13,1096,14,4,,1130120096,,AP Smith,5,2021 AgriPro/Syngenta,2,,,,,0,7/29/2025 9:33,,,,,,,,,,4,7/29/2025 9:33,,,,,,,,,,,4.49,115.56,115.5586659,115.5586659,16.47,,,,,
25StP_C-9_AY1-3_URN-PEv2,4/16/2025,1,1096,6,11,,1010120096,Nice Color (harvest),MN21172-3,39,Bolles/MN-Rothsay,2,18,6/18/2025 13:26,82,,0,6/17/2025 11:04,1,6/27/2025 10:19,1,7/3/2025 10:16,0,7/25/2025 11:34,,,,,,,,,,,,,,,,1.34,76.43,76.43401439,76.43401439,13.7,78,,,,
25Strath_AY1,5/8/2025,14,1096,14,4,,1140120096,,MN22154-1,44,BW980/MN10201-4-A//MN15005,2,,,,,2,7/30/2025 8:48,,,,,,,,,,4,7/30/2025 8:48,,,,,,,,,,,,121.74,121.74,121.74,,,,,,
25Was_AY1,1/1/2025,3,1096,25,3,,1030120096,,TCG-Wildcat,67,2020 21st Century Genetics,2,18,,85,,0,7/17/2025 10:20,,,,,,,3,,,,,,,,,,,,,,,,61.06,61.06,61.06,,,,57.9,16.06,
25Beck_AY1,4/12/2025,9,1097,13,16,,1090120097,,CAG Ceres,8,2024 Champions Alliance Group Inc,2,,,,,,,,,,,,,,,,,,,,,,,,,,,,2,52.26,52.25640694,52.25640694,15.2,,,57.8,12.08,
25Ben_AY1,4/18/2025,16,1097,13,4,,1160120097,,MN21385-1,41,Linkert-gpcB1/MN-Washburn-A//MN13479-8,2,,,,,0,7/15/2025 11:30,,,,,,,,,,,,4,7/15/2025 11:30,,,,,,,,,3.35,87.58,87.58109098,87.58109098,15.15,,,,,
25Crk_AY1_Conv,4/24/2025,6,1097,2,14,,1060120097,,MN-Rothsay,34,2022 MN,2,,,,,,,1,8/4/2025 18:00,,,,,,,,,,,,,,,,,,,,,116.07,116.07,116.07,,0,,,,
25Ferg_AY1,4/21/2025,10,1097,13,4,,1100120097,,CP3678,13,2024 Winfield Untied - Croplan,2,,,,,0,7/28/2025 11:33,0,8/5/2025 17:39,,,,,,6,7/28/2025 11:33,,,1,7/15/2025 14:43,,,,,,,,,3.43,92.86,92.86422605,92.86422605,12.13,,,,,
25Hall_AY1,4/26/2025,15,1097,13,4,,1150120097,,MN21089-4,36,MN14223-5/MN-Rothsay,2,,,,,,,,,,,,,,,,,,,,,,,,,,,,4.48,109.45,109.4485794,109.4485794,20.71,,,,,
25Lamb_AY1conv,4/15/2025,4,1097,32,6,,1040120097,,LCS Ascent,24,2022 Limagrain Cereal Seeds,2,14,,83.82,,,,,,,,,,0,,,,,,,,,,,4,7/17/2025 15:19,,,,52.8,66.25993361,66.25993361,,,,,,
25LeCen_AY1,4/11/2025,17,1097,13,4,,1170120097,,Enhance-SD,21,2024 SD State University,2,,,,,1,7/4/2025 16:22,7,7/17/2025 9:10,,,,,,,,,,,,,,,,,,,,3.58,94.41,94.41288832,94.41288832,13.39,,,,,
25Oklee_AY1,4/26/2025,12,1097,24,4,,1120120097,,CAG Recoil,9,2022 Champions Alliance Group Inc,2,,,,,6,7/30/2025 12:01,,,,,,,,,,,,,,,,,,,,,,4.14,105.95,105.9512208,105.9512208,16.94,,,,,
25Perl_AY1,4/21/2025,11,1097,13,4,,1110120097,,Dyna-Gro Commander,19,2019 Nutrien Ag Solutions,2,,,,,0,7/28/2025 15:09,,,,,,,,,,,,5,7/28/2025 15:09,,,,,,,,,4.54,116.66,116.6636609,116.6636609,16.6,,,,,
25Ros_AY1conv,4/25/2025,7,1097,13,4,,1070120097,,MN21172-3,39,Bolles/MN-Rothsay,2,24,,78.74,,,,,,,,,,,5,7/29/2025 15:36,,,,,,,,,,,,,3.89,98.82,98.82207267,98.82207267,17.55,,,,,
25Steph_AY1,4/27/2025,13,1097,13,4,,1130120097,,MN21172-3,39,Bolles/MN-Rothsay,2,,,,,3,7/29/2025 9:33,,,,,,,,,,3,7/29/2025 9:33,,,,,,,,,,,4.71,122.06,122.0624934,122.0624934,15.89,,,,,
25StP_C-9_AY1-3_URN-PEv2,4/16/2025,1,1097,5,11,,1010120097,,Glenn,22,long term check,2,13,6/12/2025 10:23,86,,3,6/17/2025 11:04,6,6/27/2025 10:19,3,7/3/2025 10:16,4,7/25/2025 11:34,,,,,,,,,,,,,,,,1.07,61.03,61.0331309,61.0331309,13.7,-,,,,
25Strath_AY1,5/8/2025,14,1097,13,4,,1140120097,,Dyna-Gro Commander,19,2019 Nutrien Ag Solutions,2,,,,,0,7/30/2025 8:48,,,,,,,,,,8,7/30/2025 8:49,,,,,,,,,,,,119.01,119.01,119.01,,,,,,
25Was_AY1,1/1/2025,3,1097,26,3,,1030120097,,Marshall,33,long term check,2,20,,75,,0,7/17/2025 10:20,,,,,,,2,,,,,,,,,,,,,,,,36.57,36.57,36.57,,,,55.45,14.62,
25Beck_AY1,4/12/2025,9,1098,12,16,,1090120098,,TCG-Wildcat,67,2020 21st Century Genetics,2,,,,,,,,,,,,,,,,,,,,,,,,,,,,1.95,51.97,51.9714,51.9714,13.5,,,59.54,12.34,
25Ben_AY1,4/18/2025,16,1098,12,4,,1160120098,,CP3555,12,2024 Winfield Untied - Croplan,2,,,,,1,7/15/2025 11:30,,,,,,,,,,,,1,7/15/2025 11:30,,,,,,,,,3.72,97.49,97.49492632,97.49492632,14.94,,,,,
25Crk_AY1_Conv,4/24/2025,6,1098,3,13,,1060120098,possible error,MN21385-1,41,Linkert-gpcB1/MN-Washburn-A//MN13479-8,2,,,,,,,2,8/4/2025 17:59,,,,,,,,,,,,,,,,,,Plot shift. is 21385,7/16/2025 10:01,,94.15,94.15,94.15,,0,,,,
25Ferg_AY1,4/21/2025,10,1098,12,4,,1100120098,,Knudson,23,long term check,2,,,,,3,7/28/2025 11:33,3,8/5/2025 17:39,,,,,,7,7/28/2025 11:33,,,0,7/15/2025 14:43,,,,,,,,,3.09,82.73,82.72599012,82.72599012,13.11,,,,,
25Hall_AY1,4/26/2025,15,1098,12,4,,1150120098,,ND Thresher,58,2023 NDSU,2,,,,,,,,,,,,,,,,,,,,,,,,,,,,3.93,99.75,99.75347534,99.75347534,17.62,,,,,
25Lamb_AY1conv,4/15/2025,4,1098,31,6,,1040120098,,MN22322-2,48,MN15005/MN14223-5,2,16,,83.82,,,,,,,,,,0,,,,,,,,,,,5,7/17/2025 15:19,,,,55.88,52.79608859,52.79608859,,,,,,
25LeCen_AY1,4/11/2025,17,1098,12,4,,1170120098,,MN22227-1,46,MN15413-2/MN10201-4-A//Linkert-gpcB1/MN13288-1-1/3/MN15482-4/Shelly//MN15482-4/MN10261-1,2,,,,,0,7/4/2025 16:22,1,7/17/2025 9:10,,,,,,,,,,,,,,,,,,,,3.76,99.21,99.21441017,99.21441017,13.75,,,,,
25Oklee_AY1,4/26/2025,12,1098,23,4,,1120120098,,NDHRS15-0006-C46,59,2025 NDSU,2,,,,,2,7/30/2025 12:01,,,,,,,,,,,,,,,,,,,,,,4.57,121.29,121.2927282,121.2927282,13.86,,,,,
25Perl_AY1,4/21/2025,11,1098,12,4,,1110120098,,CP3678,13,2024 Winfield Untied - Croplan,2,,,,,0,7/28/2025 15:09,,,,,,,,,,,,4,7/28/2025 15:09,,,,,,,,,4.22,109.75,109.753922,109.753922,15.59,,,,,
25Ros_AY1conv,4/25/2025,7,1098,12,4,,1070120098,,ND Stampede,57,2024 NDSU,2,22,,83.82,,,,,,,,,,,5,7/29/2025 15:36,,,,,,,,,,,,,4.01,101.57,101.574038,101.574038,17.79,,,,,
25Steph_AY1,4/27/2025,13,1098,12,4,,1130120098,,CP3099A,10,2020 Winfield Untied - Croplan,2,,,,,1,7/29/2025 9:33,,,,,,,,,,7,7/29/2025 9:33,,,,,,,,,,,4.46,117.59,117.5899181,117.5899181,14.43,,,,,
25StP_C-9_AY1-3_URN-PEv2,4/16/2025,1,1098,4,11,,1010120098,,MN22342-2,50,MN16024-6/MN15119-2,2,16,6/16/2025 11:24,79,,0,6/17/2025 11:04,2,6/27/2025 10:20,1,7/3/2025 10:16,1,7/25/2025 11:34,,,,,,,,,,,,,,,,1.19,67.41,67.40604702,67.40604702,14.3,75.8,,,,
25Strath_AY1,5/8/2025,14,1098,12,4,,1140120098,,MN21168-1,38,10FAR-3134-1/MN14223-5,2,,,,,0,7/30/2025 8:49,,,,,,,,,,6,7/30/2025 8:49,,,,,,,,,,,,114.87,114.87,114.87,,,,,,
25Was_AY1,1/1/2025,3,1098,27,3,,1030120098,,MN22341-1,49,MN15320-1/MN14105-7,2,18,,65,,0,7/17/2025 10:20,,,,,,,2,,,,,,,,,,,,,,,,58.54,58.54,58.54,,,,56.38,15.29,
25Beck_AY1,4/12/2025,9,1099,11,16,,1090120099,,AP Elevate,2,2024 AgriPro/Syngenta,2,,,,,,,,,,,,,,,,,,,,,,,,,,,,2.18,56.17,56.16688697,56.16688697,16.38,,,59.14,12.5,
25Ben_AY1,4/18/2025,16,1099,11,4,,1160120099,,CP3678,13,2024 Winfield Untied - Croplan,2,,,,,0,7/15/2025 11:30,,,,,,,,,,,,0,7/15/2025 11:30,,,,,,,,,3.38,91.05,91.0522906,91.0522906,12.57,,,,,
25Crk_AY1_Conv,4/24/2025,6,1099,4,14,,1060120099,,Marshall,33,long term check,2,,,,,,,2,8/4/2025 18:00,,,,,,,,,,,,,,,,,,,,,93.34,93.34,93.34,,0,,,,
25Ferg_AY1,4/21/2025,10,1099,11,4,,1100120099,,MS Charger,54,"2023 Meridian Seeds, LLC",2,,,,,0,7/28/2025 11:33,1,8/5/2025 17:39,,,,,,8,7/28/2025 11:33,,,1,7/15/2025 14:43,,,,,,,,,4,105.38,105.3755376,105.3755376,14.5,,,,,
25Hall_AY1,4/26/2025,15,1099,11,4,,1150120099,,AP Murdock,4,2020 AgriPro/Syngenta,2,,,,,,,,,,,,,,,,,,,,,,,,,,,,3.92,101.83,101.8307291,101.8307291,15.69,,,,,
25Lamb_AY1conv,4/15/2025,4,1099,30,6,,1040120099,,MN22131-3,43,MN15482-4/MN15005-4,2,16,,81.28,,,,,,,,,,0,,,,,,,,,,,3,7/17/2025 15:19,,,,58.36,55.87919101,55.87919101,,,,,,
25LeCen_AY1,4/11/2025,17,1099,11,4,,1170120099,,Knudson,23,long term check,2,,,,,0,7/4/2025 16:22,3,7/17/2025 9:10,,,,,,,,,,,,,,,,,,,,3.24,85.36,85.35849156,85.35849156,14.02,,,,,
25Oklee_AY1,4/26/2025,12,1099,22,4,,1120120099,,ND Stampede,57,2024 NDSU,2,,,,,2,7/30/2025 12:01,,,,,,,,,,,,,,,,,,,,,,4.98,123.75,123.750628,123.750628,19.35,,,,,
25Perl_AY1,4/21/2025,11,1099,11,4,,1110120099,,MN22356-2,51,MN15530-4/MN15005-4,2,,,,,0,7/28/2025 15:09,,,,,,,,,,,,6,7/28/2025 15:09,,,,,,,,,3.76,96.11,96.11037803,96.11037803,17.04,,,,,
25Ros_AY1conv,4/25/2025,7,1099,11,4,,1070120099,,Brawn-SD,7,2022 SD State University,2,21,,83.82,,,,,,,,,,,7,7/29/2025 15:36,,,,,,,,,,,,,3.87,97.38,97.38391226,97.38391226,18.33,,,,,
25Steph_AY1,4/27/2025,13,1099,11,4,,1130120099,,NDHRS15-0006-C46,59,2025 NDSU,2,,,,,1,7/29/2025 9:33,,,,,,,,,,4,7/29/2025 9:33,,,,,,,,,,,4.87,127.48,127.4844346,127.4844346,15.04,,,,,
25StP_C-9_AY1-3_URN-PEv2,4/16/2025,1,1099,3,11,,1010120099,,MN21089-4,36,MN14223-5/MN-Rothsay,2,16,6/16/2025 11:25,81,,0,6/17/2025 11:04,6,6/27/2025 10:20,3,7/3/2025 10:17,3,7/25/2025 11:34,,,,,,,,,,,,,,,,1.31,74.64,74.63622017,74.63622017,13.8,80.5,,,,
25Strath_AY1,5/8/2025,14,1099,11,4,,1140120099,,AP Elevate,2,2024 AgriPro/Syngenta,2,,,,,0,7/30/2025 8:49,,,,,,,,,,7,7/30/2025 8:49,,,,,,,,,,,,118.63,118.63,118.63,,,,,,
25Was_AY1,1/1/2025,3,1099,28,3,,1030120099,,ND Stampede,57,2024 NDSU,2,17,,85,,0,7/17/2025 10:20,,,,,,,3,,,,,,,,,,,,,,,,51.84,51.84,51.84,,,,56.03,15.98,
25Beck_AY1,4/12/2025,9,1100,10,16,,1090120100,Mechanical,AP Smith,5,2021 AgriPro/Syngenta,2,,,,,,,,,,,,,,,,,,,,,,,,,,,,1.6,42.64,,,13.5,,,59.08,13.07,
25Ben_AY1,4/18/2025,16,1100,10,4,,1160120100,,MN22154-1,44,BW980/MN10201-4-A//MN15005,2,,,,,0,7/15/2025 11:30,,,,,,,,,,,,0,7/15/2025 11:31,,,,,,,,,4.13,106.94,106.9423671,106.9423671,15.96,,,,,
25Crk_AY1_Conv,4/24/2025,6,1100,5,14,,1060120100,,WB9590,72,2017 WestBred,2,,,,,,,2,8/4/2025 18:00,,,,,,,,,,,,,,,,,,,,,103.73,103.73,103.73,,0,,,,
25Ferg_AY1,4/21/2025,10,1100,10,4,,1100120100,,MN22131-3,43,MN15482-4/MN15005-4,2,,,,,0,7/28/2025 11:33,0,8/5/2025 17:39,,,,,,6,7/28/2025 11:33,,,1,7/15/2025 14:43,,,,,,,,,3.48,91.45,91.4515468,91.4515468,14.71,,,,,
25Hall_AY1,4/26/2025,15,1100,10,4,,1150120100,,Glenn,22,long term check,2,,,,,,,,,,,,,,,,,,,,,,,,,,,,3.64,90.45,90.45226627,90.45226627,19.35,,,,,
25Lamb_AY1conv,4/15/2025,4,1100,29,6,,1040120100,,MS Nova,56,"2023 Meridian Seeds, LLC",2,12,,83.82,,,,,,,,,,0,,,,,,,,,,,6,7/17/2025 15:19,,,,56.55,58.35876179,58.35876179,,,,,,
25LeCen_AY1,4/11/2025,17,1100,10,4,,1170120100,,TCG-Badlands,66,2023 21st Century Genetics,2,,,,,0,7/4/2025 16:22,3,7/17/2025 9:10,,,,,,,,,,,,,,,,,,,,3.31,87.23,87.22910266,87.22910266,14.45,,,,,
25Oklee_AY1,4/26/2025,12,1100,21,4,,1120120100,,LCS Cannon,27,2018 Limagrain Cereal Seeds,2,,,,,4,7/30/2025 12:02,,,,,,,,,,,,,,,,,,,,,,3.78,95.32,95.31716521,95.31716521,18.16,,,,,
25Perl_AY1,4/21/2025,11,1100,10,4,,1110120100,,MS Cobra,55,"2022 Meridian Seeds, LLC",2,,,,,0,7/28/2025 15:09,,,,,,,,,,,,6,7/28/2025 15:09,,,,,,,,,3.37,87.58,87.58478837,87.58478837,15.65,,,,,
25Ros_AY1conv,4/25/2025,7,1100,10,4,,1070120100,,Dyna-Gro Commander,19,2019 Nutrien Ag Solutions,2,20,,81.28,,,,,,,,,,,9,7/29/2025 15:36,,,,,,,,,,,,,3.77,96.28,96.28467902,96.28467902,17.11,,,,,
25Steph_AY1,4/27/2025,13,1100,10,4,,1130120100,,Marshall,33,long term check,2,,,,,2,7/29/2025 9:33,,,,,,,,,,7,7/29/2025 9:34,,,,,,,,,,,4.37,114.3,114.301431,114.301431,15.11,,,,,
25StP_C-9_AY1-3_URN-PEv2,4/16/2025,1,1100,2,11,,1010120100,,TCG-Arsenal,65,2024 21st Century Genetics,2,20,6/20/2025 11:08,82.66666667,,0,6/17/2025 11:04,4,6/27/2025 10:20,2,7/3/2025 10:17,2,7/25/2025 11:34,,,,,,,,,,,,,,,,1.2,67.97,67.97248439,67.97248439,14.3,76.1,,,,
25Strath_AY1,5/8/2025,14,1100,10,4,,1140120100,,Driver,15,2019 SD State University,2,,,,,0,7/30/2025 8:49,,,,,,,,,,5,7/30/2025 8:49,,,,,,,,,,,,110.46,110.46,110.46,,,,,,
25Was_AY1,1/1/2025,3,1100,29,3,,1030120100,Tall,Ascend-SD,6,2021 SD State University,2,16,,85,,1,7/17/2025 10:20,,,,,,,4,,,,,,,,,,,,,,,,70.66,70.66,70.66,,,,57.66,14.94,
25Beck_AY1,4/12/2025,9,1101,9,16,,1090120101,,MN22227-1,46,MN15413-2/MN10201-4-A//Linkert-gpcB1/MN13288-1-1/3/MN15482-4/Shelly//MN15482-4/MN10261-1,2,,,,,,,,,,,,,,,,,,,,,,,,,,,,1.32,35.18,35.18064,35.18064,13.5,,,58.42,11.77,
25Ben_AY1,4/18/2025,16,1101,9,4,,1160120101,,MN22341-1,49,MN15320-1/MN14105-7,2,,,,,0,7/15/2025 11:31,,,,,,,,,,,,0,7/15/2025 11:31,,,,,,,,,3.97,105,105.0011155,105.0011155,14.16,,,,,
25Crk_AY1_Conv,4/24/2025,6,1101,6,14,,1060120101,,MN21089-4,36,MN14223-5/MN-Rothsay,2,,,,,,,1,8/4/2025 18:00,,,,,,,,,,,,,,,,,,,,,90.98,90.98,90.98,,0,,,,
25Ferg_AY1,4/21/2025,10,1101,9,4,,1100120101,,MN22356-2,51,MN15530-4/MN15005-4,2,,,,,0,7/28/2025 11:33,0,8/5/2025 17:39,,,,,,7,7/28/2025 11:33,,,1,7/15/2025 14:43,,,,,,,,,3.51,91.95,91.94792105,91.94792105,14.98,,,,,
25Hall_AY1,4/26/2025,15,1101,9,4,,1150120101,,CP3555,12,2024 Winfield Untied - Croplan,2,,,,,,,,,,,,,,,,,,,,,,,,,,,,4.34,109.52,109.51846,109.51846,18.1,,,,,
25Lamb_AY1conv,4/15/2025,4,1101,28,6,,1040120101,,LCS Cannon,27,2018 Limagrain Cereal Seeds,2,12,,81.28,,,,,,,,,,0,,,,,,,,,,,7,7/17/2025 15:20,,,,60.37,56.55420302,56.55420302,,,,,,
25LeCen_AY1,4/11/2025,17,1101,9,4,,1170120101,,LCS Ascent,24,2022 Limagrain Cereal Seeds,2,,,,,0,7/4/2025 16:22,2,7/17/2025 9:10,,,,,,,,,,,,,,,,,,,,3.61,95.22,95.21799746,95.21799746,13.87,,,,,
25Oklee_AY1,4/26/2025,12,1101,20,4,,1120120101,,Enhance-SD,21,2024 SD State University,2,,,,,6,7/30/2025 12:02,,,,,,,,,,,,,,,,,,,,,,3.96,99.19,99.18500204,99.18500204,18.71,,,,,
25Perl_AY1,4/21/2025,11,1101,9,4,,1110120101,,TW Trailfire,70,2024 Thunder Seed,2,,,,,0,7/28/2025 15:09,,,,,,,,,,,,7,7/28/2025 15:09,,,,,,,,,3.66,95.27,95.26835969,95.26835969,15.52,,,,,
25Ros_AY1conv,4/25/2025,7,1101,9,4,,1070120101,,PFS Rolls,61,2025 Peterson Farms Seed,2,20,,78.74,,,,,,,,,,,9,7/29/2025 15:36,,,,,,,,,,,,,2.85,73.89,73.88581443,73.88581443,15.86,,,,,
25Steph_AY1,4/27/2025,13,1101,9,4,,1130120101,,Brawn-SD,7,2022 SD State University,2,,,,,3,7/29/2025 9:34,,,,,,,,,,7,7/29/2025 9:34,,,,,,,,,,, , , , , ,,,,,
25StP_C-9_AY1-3_URN-PEv2,4/16/2025,1,1101,2,12,,1010120101,,Brawn-SD,7,2022 SD State University,2,18,6/18/2025 13:27,83,,3,6/17/2025 14:57,6,6/27/2025 10:20,4,7/3/2025 10:17,6,7/25/2025 11:34,,,,,,,,,,,,,,,,1.075,61.32,61.31833244,61.31833244,13.7,-,,,,
25Strath_AY1,5/8/2025,14,1101,9,4,,1140120101,nice,MN22429-2,53,MN16396/MN14227-4,2,,,,,0,7/30/2025 8:49,,,,,,,,,,7,7/30/2025 8:49,,,,,,,,,,,,116.55,116.55,116.55,,,,,,
25Was_AY1,1/1/2025,3,1101,30,3,,1030120101,,Dyna-Gro Ballistic,18,2018 Nutrien Ag Solutions,2,16,,90,,0,7/17/2025 10:20,,,,,,,2,,,,,,,,,,,,,,,,52.16,52.16,52.16,,,,55.28,15.27,
25Beck_AY1,4/12/2025,9,1102,8,16,,1090120102,,MN-Torgy,35,2020 MN,2,,,,,,,,,,,,,,,,,,,,,,,,,,,,1.86,49.57,49.57272,49.57272,13.5,,,58.43,12.56,
25Ben_AY1,4/18/2025,16,1102,8,4,,1160120102,,TCG-Badlands,66,2023 21st Century Genetics,2,,,,,0,7/15/2025 11:31,,,,,,,,,,,,0,7/15/2025 11:31,,,,,,,,,3.62,94.91,94.90755632,94.90755632,14.91,,,,,
25Crk_AY1_Conv,4/24/2025,6,1102,7,14,,1060120102,dry,LCS Hammer AX,29,2022 Limagrain Cereal Seeds,2,,,,,,,3,8/4/2025 18:00,,,,,,,,,,,,,,,,,,,,,92.44,92.44,92.44,,0,,,,
25Ferg_AY1,4/21/2025,10,1102,8,4,,1100120102,,Glenn,22,long term check,2,,,,,0,7/28/2025 11:33,0,8/5/2025 17:39,,,,,,7,7/28/2025 11:34,,,2,7/15/2025 14:43,,,,,,,,,2.98,80.25,80.24932606,80.24932606,12.6,,,,,
25Hall_AY1,4/26/2025,15,1102,8,4,,1150120102,,MN22356-2,51,MN15530-4/MN15005-4,2,,,,,,,,,,,,,,,,,,,,,,,,,,,,3.92,95.7,95.69503819,95.69503819,20.77,,,,,
25Lamb_AY1conv,4/15/2025,4,1102,27,6,,1040120102,,MN21090-4,37,MN14223-5/MN-Rothsay,2,13,,78.74,,,,,,,,,,0,,,,,,,,,,,6,7/17/2025 15:20,,,,60.78,60.36521609,60.36521609,,,,,,
25LeCen_AY1,4/11/2025,17,1102,8,4,,1170120102,,LCS Dual,28,2021 Limagrain Cereal Seeds,2,,,,,0,7/4/2025 16:22,0,7/17/2025 9:10,,,,,,,,,,,,,,,,,,,,3.36,88.57,88.56991075,88.56991075,15.16,,,,,
25Oklee_AY1,4/26/2025,12,1102,19,4,,1120120102,,LCS Dual,28,2021 Limagrain Cereal Seeds,2,,,,,1,7/30/2025 12:02,,,,,,,,,,,,,,,,,,,,,,4.28,108.1,108.0966914,108.0966914,18.03,,,,,
25Perl_AY1,4/21/2025,11,1102,8,4,,1110120102,,WB9479,71,2017 WestBred,2,,,,,0,7/28/2025 15:09,,,,,,,,,,,,7,7/28/2025 15:09,,,,,,,,,3.86,102.45,102.4485626,102.4485626,13.86,,,,,
25Ros_AY1conv,4/25/2025,7,1102,8,4,,1070120102,,MN22154-1,44,BW980/MN10201-4-A//MN15005,2,21,,68.58,,,,,,,,,,,6,7/29/2025 15:37,,,,,,,,,,,,,3.27,82.86,82.85992797,82.85992797,17.76,,,,,
25Steph_AY1,4/27/2025,13,1102,8,4,,1130120102,,CAG Ceres,8,2024 Champions Alliance Group Inc,2,,,,,2,7/29/2025 9:34,,,,,,,,,,4,7/29/2025 9:34,,,,,,,,,,,4.68,121.57,121.5734215,121.5734215,15.69,,,,,
25StP_C-9_AY1-3_URN-PEv2,4/16/2025,1,1102,3,12,,1010120102,,MN22199-2,45,MN16360/MN15005,2,16,6/16/2025 11:25,76,,0,6/17/2025 14:57,8,6/27/2025 10:20,3,7/3/2025 10:17,6,7/25/2025 11:34,,,,,,,,,,,,,,,,1.27,71.77,71.76966373,71.76966373,14.5,78.7,,,,
25Strath_AY1,5/8/2025,14,1102,8,4,,1140120102,,AP Murdock,4,2020 AgriPro/Syngenta,2,,,,,4,7/30/2025 8:50,,,,,,,,,,7,7/30/2025 8:49,,,,,,,,,,,,116.06,116.06,116.06,,,,,,
25Was_AY1,1/1/2025,3,1102,31,3,,1030120102,,CAG Ceres,8,2024 Champions Alliance Group Inc,2,12,,85,,0,7/17/2025 10:20,,,,,,,3,,,,,,,,,,,,,,,,52.77,52.77,52.77,,,,56.01,15.2,
25Beck_AY1,4/12/2025,9,1103,7,16,,1090120103,,CP3678,13,2024 Winfield Untied - Croplan,2,,,,,,,,,,,,,,,,,,,,,,,,,,,,1.97,52.5,52.50444,52.50444,13.5,,,59.22,13.09,
25Ben_AY1,4/18/2025,16,1103,7,4,,1160120103,,MN22322-2,48,MN15005/MN14223-5,2,,,,,0,7/15/2025 11:31,,,,,,,,,,,,1,7/15/2025 11:31,,,,,,,,,4.24,109.22,109.2158905,109.2158905,16.4,,,,,
25Crk_AY1_Conv,4/24/2025,6,1103,8,14,,1060120103,,MN22429-2,53,MN16396/MN14227-4,2,,,,,,,2,8/4/2025 18:00,,,,,,,,,,,,,,,,,,,,,96.89,96.89,96.89,,0,,,,
25Ferg_AY1,4/21/2025,10,1103,7,4,,1100120103,,CP3099A,10,2020 Winfield Untied - Croplan,2,,,,,0,7/28/2025 11:34,0,8/5/2025 17:39,,,,,,7,7/28/2025 11:34,,,6,7/15/2025 14:43,,,,,,,,,2.63,74.96,74.96492772,74.96492772,7.49,,,,,
25Hall_AY1,4/26/2025,15,1103,7,4,,1150120103,,MN21172-3,39,Bolles/MN-Rothsay,2,,,,,,,,,,,,,,,,,,,,,,,,,,,,4.15,101.57,101.565534,101.565534,20.57,,,,,
25Lamb_AY1conv,4/15/2025,4,1103,26,6,,1040120103,,MS Charger,54,"2023 Meridian Seeds, LLC",2,13,,86.36,,,,,,,,,,0,,,,,,,,,,,3,7/17/2025 15:20,,,,61.31,60.78111202,60.78111202,,,,,,
25LeCen_AY1,4/11/2025,17,1103,7,4,,1170120103,,AP Smith,5,2021 AgriPro/Syngenta,2,,,,,0,7/4/2025 16:22,0,7/17/2025 9:10,,,,,,,,,,,,,,,,,,,,3.66,96.56,96.55649341,96.55649341,14.38,,,,,
25Oklee_AY1,4/26/2025,12,1103,18,4,,1120120103,,MN21168-1,38,10FAR-3134-1/MN14223-5,2,,,,,0,7/30/2025 12:02,,,,,,,,,,,,,,,,,,,,,,3.84,98.79,98.79418821,98.79418821,16.5,,,,,
25Perl_AY1,4/21/2025,11,1103,7,4,,1110120103,,ND Stampede,57,2024 NDSU,2,,,,,0,7/28/2025 15:09,,,,,,,,,,,,5,7/28/2025 15:09,,,,,,,,,4.04,104.79,104.786174,104.786174,15.82,,,,,
25Ros_AY1conv,4/25/2025,7,1103,7,4,,1070120103,,NDHRS15-0006-C46,59,2025 NDSU,2,22,,81.28,,,,,,,,,,,6,7/29/2025 15:37,,,,,,,,,,,,,4.22,106.85,106.8543692,106.8543692,17.82,,,,,
25Steph_AY1,4/27/2025,13,1103,7,4,,1130120103,,PFS Muffins,60,2026 Peterson Farms Seed,2,,,,,3,7/29/2025 9:34,,,,,,,,,,5,7/29/2025 9:34,,,,,,,,,,,5.04,129.4,129.4033786,129.4033786,16.67,,,,,
25StP_C-9_AY1-3_URN-PEv2,4/16/2025,1,1103,4,12,,1010120103,,NDHRS15-0006-C46,59,2025 NDSU,2,16,6/16/2025 11:25,86,,0,6/17/2025 14:58,5,6/27/2025 10:20,2,7/3/2025 10:17,3,7/25/2025 11:34,,,,,,,,,,,,,,,,1.345,76.36,76.36362282,76.36362282,14.1,78,,,,
25Strath_AY1,5/8/2025,14,1103,7,4,,1140120103,,CP3530,11,2022 Winfield Untied - Croplan,2,,,,,4,7/30/2025 8:50,,,,,,,,,,7,7/30/2025 8:50,,,,,,,,,,,,128.87,128.87,128.87,,,,,,
25Was_AY1,1/1/2025,3,1103,32,3,,1030120103,,Dyna-Gro 8582,16,2024 Nutrien Ag Solutions,2,10,,75,,0,7/17/2025 10:20,,,,,,,3,,,,,,,,,,,,,,,,62.61,62.61,62.61,,,,57.01,14.76,
25Beck_AY1,4/12/2025,9,1104,6,16,,1090120104,,Glenn,22,long term check,2,,,,,,,,,,,,,,,,,,,,,,,,,,,,1.83,48.72,48.72241336,48.72241336,13.59,,,58.26,13.73,
25Ben_AY1,4/18/2025,16,1104,6,4,,1160120104,,Dyna-Gro 8582,16,2024 Nutrien Ag Solutions,2,,,,,0,7/15/2025 11:32,,,,,,,,,,,,0,7/15/2025 11:32,,,,,,,,,4.24,109.61,109.6078135,109.6078135,16.1,,,,,
25Crk_AY1_Conv,4/24/2025,6,1104,9,14,,1060120104,,MS Nova,56,"2023 Meridian Seeds, LLC",2,,,,,,,2,8/4/2025 18:00,,,,,,,,,,,,,,,,,,,,,98.83,98.83,98.83,,0,,,,
25Ferg_AY1,4/21/2025,10,1104,6,4,,1100120104,,Shelly,62,2016 MN,2,,,,,0,7/28/2025 11:34,0,8/5/2025 17:39,,,,,,7,7/28/2025 11:34,,,4,7/15/2025 14:43,,,,,,,,,3.06,81.09,81.09313146,81.09313146,13.99,,,,,
25Hall_AY1,4/26/2025,15,1104,6,4,,1150120104,,TW Olympic,69,2022 Thunder Seed,2,,,,,,,,,,,,,,,,,,,,,,,,,,,,4.18,103.78,103.7808544,103.7808544,19.42,,,,,
25Lamb_AY1conv,4/15/2025,4,1104,25,6,,1040120104,,NDHRS15-0006-C46,59,2025 NDSU,2,14,,83.82,,,,,,,,,,0,,,,,,,,,,,3,7/17/2025 15:20,,,,65.95,61.30835046,61.30835046,,,,,,
25LeCen_AY1,4/11/2025,17,1104,6,4,,1170120104,,MN21090-4,37,MN14223-5/MN-Rothsay,2,,,,,0,7/4/2025 16:22,4,7/17/2025 9:10,,,,,,,,,,,,,,,,,,,,3.35,88.3,88.30431561,88.30431561,15.24,,,,,
25Oklee_AY1,4/26/2025,12,1104,17,4,,1120120104,,LCS Hammer AX,29,2022 Limagrain Cereal Seeds,2,,,,,0,7/30/2025 12:02,,,,,,,,,,,,,,,,,,,,,,4.03,105.07,105.0731529,105.0731529,15.38,,,,,
25Perl_AY1,4/21/2025,11,1104,6,4,,1110120104,,NDHRS15-0006-C46,59,2025 NDSU,2,,,,,1,7/28/2025 15:09,,,,,,,,,,,,4,7/28/2025 15:09,,,,,,,,,4.01,105.73,105.7254645,105.7254645,14.43,,,,,
25Ros_AY1conv,4/25/2025,7,1104,6,4,,1070120104,,MN22227-1,46,MN15413-2/MN10201-4-A//Linkert-gpcB1/MN13288-1-1/3/MN15482-4/Shelly//MN15482-4/MN10261-1,2,22,,68.58,,,,,,,,,,,8,7/29/2025 15:37,,,,,,,,,,,,,3.12,81.83,81.82761744,81.82761744,14.88,,,,,
25Steph_AY1,4/27/2025,13,1104,6,4,,1130120104,,LCS Hammer AX,29,2022 Limagrain Cereal Seeds,2,,,,,1,7/29/2025 9:34,,,,,,,,,,8,7/29/2025 9:34,,,,,,,,,,,4.57,119.39,119.391809,119.391809,15.21,,,,,
25StP_C-9_AY1-3_URN-PEv2,4/16/2025,1,1104,5,12,,1010120104,,MN22406-1,52,MN16360/MN15320-1,2,16,6/16/2025 11:25,72,,0,6/17/2025 14:58,2,6/27/2025 10:20,1,7/3/2025 10:17,3,7/25/2025 11:34,,,,,,,,,,,,,,,,1.245,70.6,70.6037413,70.6037413,14.2,75.8,,,,
25Strath_AY1,5/8/2025,14,1104,6,4,,1140120104,,MN22342-2,50,MN16024-6/MN15119-2,2,,,,,1,7/30/2025 8:50,,,,,,,,,,6,7/30/2025 8:50,,,,,,,,,,,,110.64,110.64,110.64,,,,,,
25Was_AY1,1/1/2025,3,1104,33,3,,1030120104,,MN21385-1,41,Linkert-gpcB1/MN-Washburn-A//MN13479-8,2,17,,75,,0,7/17/2025 10:20,,,,,,,3,,,,,,,,,,,,,,,,50.69,50.69,50.69,,,,56.5,14.67,
25Beck_AY1,4/12/2025,9,1105,5,16,,1090120105,,WB9479,71,2017 WestBred,2,,,,,,,,,,,,,,,,,,,,,,,,,,,,2.28,60.77,60.76656,60.76656,13.5,,,58.13,15.45,
25Ben_AY1,4/18/2025,16,1105,5,4,,1160120105,,TCG-Arsenal,65,2024 21st Century Genetics,2,,,,,0,7/15/2025 11:32,,,,,,,,,,,,0,7/15/2025 11:32,,,,,,,,,3.88,95.2,95.19675363,95.19675363,20.37,,,,,
25Crk_AY1_Conv,4/24/2025,6,1105,10,14,,1060120105,,MN21168-1,38,10FAR-3134-1/MN14223-5,2,,,,,,,2,8/4/2025 18:00,,,,,,,,,,,,,,,,,,,,,106.98,106.98,106.98,,0,,,,
25Ferg_AY1,4/21/2025,10,1105,5,4,,1100120105,,LCS Rimfire,30,2025 Limagrain Cereal Seeds,2,,,,,0,7/28/2025 11:34,1,8/5/2025 17:39,,,,,,8,7/28/2025 11:34,,,4,7/15/2025 14:43,,,,,,,,,2.82,77.09,77.08756695,77.08756695,11.28,,,,,
25Hall_AY1,4/26/2025,15,1105,5,4,,1150120105,,TW Trailfire,70,2024 Thunder Seed,2,,,,,,,,,,,,,,,,,,,,,,,,,,,,4.12,106.59,106.5945662,106.5945662,16.03,,,,,
25Lamb_AY1conv,4/15/2025,4,1105,24,6,,1040120105,,LCS Dual,28,2021 Limagrain Cereal Seeds,2,14,,88.9,,,,,,,,,,0,,,,,,,,,,,2,7/17/2025 15:20,,,,71.53,65.95301697,65.95301697,,,,,,
25LeCen_AY1,4/11/2025,17,1105,5,4,,1170120105,,CAG Ceres,8,2024 Champions Alliance Group Inc,2,,,,,0,7/4/2025 16:22,3,7/17/2025 9:10,,,,,,,,,,,,,,,,,,,,3.16,83.24,83.24182289,83.24182289,15.36,,,,,
25Oklee_AY1,4/26/2025,12,1105,16,4,,1120120105,,Glenn,22,long term check,2,,,,,3,7/30/2025 12:02,,,,,,,,,,,,,,,,,,,,,,3.68,96.29,96.28785262,96.28785262,15.08,,,,,
25Perl_AY1,4/21/2025,11,1105,5,4,,1110120105,,AP Iconic,3,2025 AgriPro/Syngenta,2,,,,,0,7/28/2025 15:09,,,,,,,,,,,,5,7/28/2025 15:10,,,,,,,,,3.83,101.05,101.050488,101.050488,14.37,,,,,
25Ros_AY1conv,4/25/2025,7,1105,5,4,,1070120105,,LCS Cannon,27,2018 Limagrain Cereal Seeds,2,19,,76.2,,,,,,,,,,,8,7/29/2025 15:37,,,,,,,,,,,,,3.68,92.25,92.25129167,92.25129167,18.64,,,,,
25Steph_AY1,4/27/2025,13,1105,5,4,,1130120105,,TW Trailfire,70,2024 Thunder Seed,2,,,,,4,7/29/2025 9:34,,,,,,,,,,5,7/29/2025 9:34,,,,,,,,,,,4.88,127.07,127.0695877,127.0695877,15.49,,,,,
25StP_C-9_AY1-3_URN-PEv2,4/16/2025,1,1105,6,12,,1010120105,,ND Stampede,57,2024 NDSU,2,16,6/16/2025 11:25,85.66666667,,0,6/17/2025 14:58,6,6/27/2025 10:20,2,7/3/2025 10:17,4,7/25/2025 11:34,,,,,,,,,,,,,,,,1.55,88.62,88.617375,88.617375,13.5,80.2,,,,
25Strath_AY1,5/8/2025,14,1105,5,4,,1140120105,,Knudson,23,long term check,2,,,,,4,7/30/2025 8:50,,,,,,,,,,5,7/30/2025 8:51,,,,,,,,,,,,116.15,116.15,116.15,,,,,,
25Was_AY1,1/1/2025,3,1105,34,3,,1030120105,,LCS Rimfire,30,2025 Limagrain Cereal Seeds,2,12,,70,,0,7/17/2025 10:20,,,,,,,4,,,,,,,,,,,,,,,,60.39,60.39,60.39,,,,56.66,14.49,
25Beck_AY1,4/12/2025,9,1106,4,16,,1090120106,,LCS Dual,28,2021 Limagrain Cereal Seeds,2,,,,,,,,,,,,,,,,,,,,,,,,,,,,2.72,69.95,69.94569367,69.94569367,16.54,,,59.6,13.01,
25Ben_AY1,4/18/2025,16,1106,4,4,,1160120106,,LCS Trigger,31,2016 Limagrain Cereal Seeds,2,,,,,0,7/15/2025 11:32,,,,,,,,,,,,0,7/15/2025 11:32,,,,,,,,,4.22,111.69,111.6912913,111.6912913,14.1,,,,,
25Crk_AY1_Conv,4/24/2025,6,1106,11,14,,1060120106,,MN22199-2,45,MN16360/MN15005,2,,,,,,,1,8/4/2025 18:00,,,,,,,,,,,,,,,,,,,,,111.72,111.72,111.72,,0,,,,
25Ferg_AY1,4/21/2025,10,1106,4,4,,1100120106,,Brawn-SD,7,2022 SD State University,2,,,,,0,7/28/2025 11:34,0,8/5/2025 17:39,,,,,,8,7/28/2025 11:34,,,4,7/15/2025 14:43,,,,,,,,,3.06,80.61,80.61228624,80.61228624,14.5,,,,,
25Hall_AY1,4/26/2025,15,1106,4,4,,1150120106,,CP3099A,10,2020 Winfield Untied - Croplan,2,,,,,,,,,,,,,,,,,,,,,,,,,,,,5.09,125.57,125.5744567,125.5744567,19.93,,,,,
25Lamb_AY1conv,4/15/2025,4,1106,23,6,,1040120106,,MN22154-1,44,BW980/MN10201-4-A//MN15005,2,14,,81.28,,,,,,,,,,0,,,,,,,,,,,5,7/17/2025 15:20,,,,59.83,71.52739411,71.52739411,,,,,,
25LeCen_AY1,4/11/2025,17,1106,4,4,,1170120106,,CP3915,14,2019 Winfield Untied - Croplan,2,,,,,2,7/4/2025 16:22,3,7/17/2025 9:11,,,,,,,,,,,,,,,,,,,,2.99,78.66,78.65965341,78.65965341,10.92,,,,,
25Oklee_AY1,4/26/2025,12,1106,15,4,,1120120106,,Dyna-Gro Commander,19,2019 Nutrien Ag Solutions,2,,,,,0,7/30/2025 12:02,,,,,,,,,,,,,,,,,,,,,,4.37,110.6,110.5986517,110.5986517,17.86,,,,,
25Perl_AY1,4/21/2025,11,1106,4,4,,1110120106,,LCS Boom,25,2023 Limagrain Cereal Seeds,2,,,,,0,7/28/2025 15:10,,,,,,,,,,,,4,7/28/2025 15:10,,,,,,,,,3.48,90.51,90.50797357,90.50797357,15.59,,,,,
25Ros_AY1conv,4/25/2025,7,1106,4,4,,1070120106,,Knudson,23,long term check,2,22,,86.36,,,,,,,,,,,6,7/29/2025 15:37,,,,,,,,,,,,,3.46,88.37,88.3673712,88.3673712,17.11,,,,,
25Steph_AY1,4/27/2025,13,1106,4,4,,1130120106,nice,MN21385-1,41,Linkert-gpcB1/MN-Washburn-A//MN13479-8,2,,,,,0,7/29/2025 9:34,,,,,,,,,,3,7/29/2025 9:35,,,,,,,,,,,4.83,121.18,121.1839942,121.1839942,18.57,,,,,
25StP_C-9_AY1-3_URN-PEv2,4/16/2025,1,1106,7,12,,1010120106,,LCS Rimfire,30,2025 Limagrain Cereal Seeds,2,16,6/16/2025 11:25,79,,0,6/17/2025 14:58,8,6/27/2025 10:20,4,7/3/2025 10:17,6,7/25/2025 11:34,,,,,,,,,,,,,,,,1.075,61.32,61.31833244,61.31833244,13.7,-,,,,
25Strath_AY1,5/8/2025,14,1106,4,4,,1140120106,,Marshall,33,long term check,2,,,,,3,7/30/2025 8:51,,,,,,,,,,6,7/30/2025 8:51,,,,,,,,,,,,110.57,110.57,110.57,,,,,,
25Was_AY1,1/1/2025,3,1106,35,3,,1030120106,,LCS Trigger,31,2016 Limagrain Cereal Seeds,2,20,,80,,0,7/17/2025 10:20,,,,,,,3,,,,,,,,,,,,,,,,64.19,64.19,64.19,,,,57.66,12.45,
25Beck_AY1,4/12/2025,9,1107,3,16,,1090120107,,MN22131-3,43,MN15482-4/MN15005-4,2,,,,,,,,,,,,,,,,,,,,,,,,,,,,2.44,62.9,62.89576209,62.89576209,16.34,,,58.19,14.18,
25Ben_AY1,4/18/2025,16,1107,3,4,,1160120107,,MN22314-2,47,MN15482-4/MN10201-4-A,2,,,,,0,7/15/2025 11:32,,,,,,,,,,,,0,7/15/2025 11:32,,,,,,,,,3.88,101.76,101.7599858,101.7599858,14.88,,,,,
25Crk_AY1_Conv,4/24/2025,6,1107,12,14,,1060120107,,AP Iconic,3,2025 AgriPro/Syngenta,2,,,,,,,3,8/4/2025 18:00,,,,,,,,,,,,,,,,,,,,,105.94,105.94,105.94,,Dirty Sample,,,,
25Ferg_AY1,4/21/2025,10,1107,3,4,,1100120107,,Driver,15,2019 SD State University,2,,,,,0,7/28/2025 11:34,0,8/5/2025 17:39,,,,,,8,7/28/2025 11:34,,,3,7/15/2025 14:43,,,,,,,,,2.68,72.81,72.81461971,72.81461971,11.82,,,,,
25Hall_AY1,4/26/2025,15,1107,3,4,,1150120107,,CP3530,11,2022 Winfield Untied - Croplan,2,,,,,,,,,,,,,,,,,,,,,,,,,,,,4.9,121.14,121.1436619,121.1436619,19.76,,,,,
25Lamb_AY1conv,4/15/2025,4,1107,22,6,,1040120107,,CP3555,12,2024 Winfield Untied - Croplan,2,15,,91.44,,,,,,,,,,0,,,,,,,,,,,2,7/17/2025 15:20,,,,64.67,59.82681695,59.82681695,,,,,,
25LeCen_AY1,4/11/2025,17,1107,3,4,,1170120107,,ND Thresher,58,2023 NDSU,2,,,,,0,7/4/2025 16:22,3,7/17/2025 9:11,,,,,,,,,,,,,,,,,,,,3.26,85.87,85.87476855,85.87476855,12.57,,,,,
25Oklee_AY1,4/26/2025,12,1107,14,4,,1120120107,Late,MN-Torgy,35,2020 MN,2,,,,,2,7/30/2025 12:02,,,,,,,,,,,,,,,,,,,,,,4.42,106.32,106.3212676,106.3212676,21.93,,,,,
25Perl_AY1,4/21/2025,11,1107,3,4,,1110120107,,MN22071-4,42,MN16024-6/MN15005-4,2,,,,,1,7/28/2025 15:10,,,,,,,,,,,,3,7/28/2025 15:10,,,,,,,,,3.54,89.67,89.66885152,89.66885152,17.79,,,,,
25Ros_AY1conv,4/25/2025,7,1107,3,4,,1070120107,,MN22199-2,45,MN16360/MN15005,2,21,,71.12,,,,,,,,,,,4,7/29/2025 15:37,,,,,,,,,,,,,3.97,99.73,99.72904177,99.72904177,18.47,,,,,
25Steph_AY1,4/27/2025,13,1107,3,4,,1130120107,,MN21263-3,40,MN15332/MN-Washburn-A//MN-Rothsay,2,,,,,0,7/29/2025 9:35,,,,,,,,,,3,7/29/2025 9:35,,,,,,,,,,,4.55,116.82,116.8224945,116.8224945,16.67,,,,,
25StP_C-9_AY1-3_URN-PEv2,4/16/2025,1,1107,8,12,,1010120107,,MN22429-2,53,MN16396/MN14227-4,2,16,6/16/2025 11:25,87,,0,6/17/2025 14:58,1,6/27/2025 10:21,1,7/3/2025 10:17,1,7/25/2025 11:34,,,,,,,,,,,,,,,,1.55,88.82,88.82227066,88.82227066,13.3,77.8,,,,
25Strath_AY1,5/8/2025,14,1107,3,4,,1140120107,,TCG-Zelda,68,2023 21st Century Genetics,2,,,,,3,7/30/2025 8:51,,,,,,,,,,7,7/30/2025 8:51,,,,,,,,,,,,124.06,124.06,124.06,,,,,,
25Was_AY1,1/1/2025,3,1107,36,3,,1030120107,,SY 611 CL2,63,2019 AgriPro/Syngenta,2,17,,75,,0,7/17/2025 10:20,,,,,,,2,,,,,,,,,,,,,,,,60,60,60,,,,57.85,14.67,
25Beck_AY1,4/12/2025,9,1108,2,16,,1090120108,,MN22154-1,44,BW980/MN10201-4-A//MN15005,2,,,,,,,,,,,,,,,,,,,,,,,,,,,,2.76,73.59,73.58503197,73.58503197,13.47,,,58.14,14.75,
25Ben_AY1,4/18/2025,16,1108,2,4,,1160120108,,NDHRS15-0006-C46,59,2025 NDSU,2,,,,,0,7/15/2025 11:32,,,,,,,,,,,,0,7/15/2025 11:32,,,,,,,,,3.79,100.11,100.1119062,100.1119062,14.27,,,,,
25Crk_AY1_Conv,4/24/2025,6,1108,13,14,,1060120108,nice,MN22154-1,44,BW980/MN10201-4-A//MN15005,2,,,,,,,2,8/4/2025 18:00,,,,,,,,,,,,,,,,,,,,,0,,,,Lost sample,,,,
25Ferg_AY1,4/21/2025,10,1108,2,4,,1100120108,,AP Elevate,2,2024 AgriPro/Syngenta,2,,,,,0,7/28/2025 11:34,0,8/5/2025 17:39,,,,,,8,7/28/2025 11:35,,,3,7/15/2025 14:43,,,,,,,,,3.05,79.39,79.39029975,79.39029975,15.52,,,,,
25Hall_AY1,4/26/2025,15,1108,2,4,,1150120108,better leaves,MN22199-2,45,MN16360/MN15005,2,,,,,,,,,,,,,,,,,,,,,,,,,,,,5.58,131.66,131.6628519,131.6628519,23.42,,,,,
25Lamb_AY1conv,4/15/2025,4,1108,21,6,,1040120108,,MN22429-2,53,MN16396/MN14227-4,2,15,,86.36,,,,,,,,,,0,,,,,,,,,,,6,7/17/2025 15:20,,,,70.03,64.67044271,64.67044271,,,,,,
25LeCen_AY1,4/11/2025,17,1108,2,4,,1170120108,,CP3678,13,2024 Winfield Untied - Croplan,2,,,,,1,7/4/2025 16:22,4,7/17/2025 9:11,,,,,,,,,,,,,,,,,,,,3,78.97,78.97253179,78.97253179,14.93,,,,,
25Oklee_AY1,4/26/2025,12,1108,13,4,,1120120108,Late,MN-Rothsay,34,2022 MN,2,,,,,1,7/30/2025 12:02,,,,,,,,,,,,,,,,,,,,,,4.88,114.12,114.1235559,114.1235559,24.1,,,,,
25Perl_AY1,4/21/2025,11,1108,2,4,,1110120108,,WB9590,72,2017 WestBred,2,,,,,0,7/28/2025 15:10,,,,,,,,,,,,6,7/15/2025 16:15,,,,,,,,,4.14,107.42,107.4181592,107.4181592,15.79,,,,,
25Ros_AY1conv,4/25/2025,7,1108,2,4,,1070120108,,TCG-Badlands,66,2023 21st Century Genetics,2,21,,73.66,,,,,,,,,,,7,7/29/2025 15:37,,,,,,,,,,,,,3.59,92.74,92.73836082,92.73836082,16.16,,,,,
25Steph_AY1,4/27/2025,13,1108,2,4,,1130120108,,MN-Rothsay,34,2022 MN,2,,,,,0,7/29/2025 9:35,,,,,,,,,,3,7/29/2025 9:35,,,,,,,,,,,4.67,117.27,117.2703406,117.2703406,18.5,,,,,
25StP_C-9_AY1-3_URN-PEv2,4/16/2025,1,1108,9,12,,1010120108,,Dyna-Gro 8582,16,2024 Nutrien Ag Solutions,2,12,6/12/2025 10:23,85.33333333,,0,6/17/2025 14:58,0,6/27/2025 10:21,0,7/3/2025 10:17,2,7/25/2025 11:35,,,,,,,,,,,,,,,,1.595,91.72,91.71724812,91.71724812,13,81.4,,,,
25Strath_AY1,5/8/2025,14,1108,2,4,,1140120108,nice,MN22341-1,49,MN15320-1/MN14105-7,2,,,,,0,7/30/2025 8:51,,,,,,,,,,6,7/30/2025 8:51,,,,,,,,,,,,112.82,112.82,112.82,,,,,,
25Was_AY1,1/1/2025,3,1108,37,3,,1030120108,,Dyna-Gro Rocker,20,2023 Nutrien Ag Solutions,2,20,,85,,0,7/17/2025 10:20,,,,,,,3,,,,,,,,,,,,,,,,57.07,57.07,57.07,,,,54.73,15.21,
25Beck_AY1,4/12/2025,9,1109,2,17,,1090120109,,Marshall,33,long term check,2,,,,,,,,,,,,,,,,,,,,,,,,,,,,1.93,50.05,50.05279493,50.05279493,15.83,,,NA,NA,CLOG
25Ben_AY1,4/18/2025,16,1109,2,5,,1160120109,,ND Stampede,57,2024 NDSU,2,,,,,0,7/15/2025 11:33,,,,,,,,,,,,0,7/15/2025 11:33,,,,,,,,,4.3,112.34,112.3380259,112.3380259,15.21,,,,,
25Crk_AY1_Conv,4/24/2025,6,1109,14,14,,1060120109,,MN22227-1,46,MN15413-2/MN10201-4-A//Linkert-gpcB1/MN13288-1-1/3/MN15482-4/Shelly//MN15482-4/MN10261-1,2,,,,,,,3,8/4/2025 18:00,,,,,,,,,,,,,,,,,,,,,110.35,110.35,110.35,,0,,,,
25Ferg_AY1,4/21/2025,10,1109,2,5,,1100120109,,Enhance-SD,21,2024 SD State University,2,,,,,0,7/28/2025 11:35,0,8/5/2025 17:39,,,,,,7,7/28/2025 11:35,,,2,7/15/2025 14:43,,,,,,,,,3.47,91.31,91.30636273,91.30636273,14.6,,,,,
25Hall_AY1,4/26/2025,15,1109,2,5,,1150120109,,Dyna-Gro Ballistic,18,2018 Nutrien Ag Solutions,2,,,,,,,,,,,,,,,,,,,,,,,,,,,,5.16,128.72,128.716404,128.716404,19.04,,,,,
25Lamb_AY1conv,4/15/2025,4,1109,21,7,,1040120109,,MN22227-1,46,MN15413-2/MN10201-4-A//Linkert-gpcB1/MN13288-1-1/3/MN15482-4/Shelly//MN15482-4/MN10261-1,2,13,,81.28,,,,,,,,,,0,,,,,,,,,,,6,7/17/2025 15:21,,,,69.91,70.02894483,70.02894483,,,,,,
25LeCen_AY1,4/11/2025,17,1109,2,5,,1170120109,,LCS Rimfire,30,2025 Limagrain Cereal Seeds,2,,,,,0,7/4/2025 16:23,5,7/17/2025 9:11,,,,,,,,,,,,,,,,,,,,3.54,93.34,93.34368694,93.34368694,13.12,,,,,
25Oklee_AY1,4/26/2025,12,1109,13,5,,1120120109,,CP3099A,10,2020 Winfield Untied - Croplan,2,,,,,0,7/30/2025 12:02,,,,,,,,,,,,,,,,,,,,,,4.14,106.6,106.6017761,106.6017761,16.43,,,,,
25Perl_AY1,4/21/2025,11,1109,2,5,,1110120109,,MN22199-2,45,MN16360/MN15005,2,,,,,0,7/28/2025 15:11,,,,,,,,,,,,4,7/28/2025 15:12,,,,,,,,,3.7,95.65,95.64832786,95.64832786,16.1,,,,,
25Ros_AY1conv,4/25/2025,7,1109,2,5,,1070120109,,MN22314-2,47,MN15482-4/MN10201-4-A,2,22,,73.66,,,,,,,,,,,7,7/29/2025 15:38,,,,,,,,,,,,,3.93,100.49,100.4921209,100.4921209,17.01,,,,,
25Steph_AY1,4/27/2025,13,1109,2,5,,1130120109,Thin,MN22356-2,51,MN15530-4/MN15005-4,2,,,,,0,7/29/2025 9:35,,,,,,,,,,6,7/29/2025 9:35,,,,,,,,,,,3.64,91.79,,,18.16,,,,,
25StP_C-9_AY1-3_URN-PEv2,4/16/2025,1,1109,10,12,,1010120109,,Enhance-SD,21,2024 SD State University,2,14,6/13/2025 13:39,85,,1,6/17/2025 14:58,5,6/27/2025 10:21,4,7/3/2025 10:18,4,7/25/2025 11:35,,,,,,,,,,,,,,,,1.365,78.67,78.67200382,78.67200382,12.8,78.9,,,,
25Strath_AY1,5/8/2025,14,1109,2,5,,1140120109,,LCS Hammer AX,29,2022 Limagrain Cereal Seeds,2,,,,,1,7/30/2025 8:51,,,,,,,,,,8,7/30/2025 8:51,,,,,,,,,,,,115.03,115.03,115.03,,,,,,
25Was_AY1,1/1/2025,3,1109,37,4,,1030120109,,PFS Rolls,61,2025 Peterson Farms Seed,2,18,,80,,0,7/17/2025 10:20,,,,,,,3,,,,,,,,,,,,,,,,61.72,61.72,61.72,,,,57.81,13.97,
25Beck_AY1,4/12/2025,9,1110,3,17,,1090120110,,SY Valda,64,2015 AgriPro/Syngenta,2,,,,,,,,,,,,,,,,,,,,,,,,,,,,2.54,64.98,64.98041066,64.98041066,16.97,,,58.94,13,
25Ben_AY1,4/18/2025,16,1110,3,5,,1160120110,,MN22406-1,52,MN16360/MN15320-1,2,,,,,0,7/15/2025 11:33,,,,,,,,,,,,0,7/15/2025 11:33,,,,,,,,,4.09,105.48,105.4781401,105.4781401,16.3,,,,,
25Crk_AY1_Conv,4/24/2025,6,1110,15,14,,1060120110,,ND Stampede,57,2024 NDSU,2,,,,,,,2,8/4/2025 18:00,,,,,,,,,,,,,,,,,,,,,123.24,123.24,123.24,,0,,,,
25Ferg_AY1,4/21/2025,10,1110,3,5,,1100120110,,Dyna-Gro Rocker,20,2023 Nutrien Ag Solutions,2,,,,,1,7/28/2025 11:35,1,8/5/2025 17:39,,,,,,7,7/28/2025 11:35,,,3,7/15/2025 14:43,,,,,,,,,2.87,79.44,79.44477458,79.44477458,10.16,,,,,
25Hall_AY1,4/26/2025,15,1110,3,5,,1150120110,,Shelly,62,2016 MN,2,,,,,,,,,,,,,,,,,,,,,,,,,,,,4.51,112.03,112.0296638,112.0296638,19.38,,,,,
25Lamb_AY1conv,4/15/2025,4,1110,22,7,,1040120110,,MN22341-1,49,MN15320-1/MN14105-7,2,14,,81.28,,,,,,,,,,0,,,,,,,,,,,2,7/17/2025 15:21,,,,66.77,69.90511228,69.90511228,,,,,,
25LeCen_AY1,4/11/2025,17,1110,3,5,,1170120110,,LCS Boom,25,2023 Limagrain Cereal Seeds,2,,,,,0,7/4/2025 16:23,2,7/17/2025 9:11,,,,,,,,,,,,,,,,,,,,3.72,98.16,98.16324347,98.16324347,15.04,,,,,
25Oklee_AY1,4/26/2025,12,1110,14,5,,1120120110,,MS Cobra,55,"2022 Meridian Seeds, LLC",2,,,,,0,7/30/2025 12:02,,,,,,,,,,,,,,,,,,,,,,3.72,95.24,95.2369319,95.2369319,16.91,,,,,
25Perl_AY1,4/21/2025,11,1110,3,5,,1110120110,,AP Dagr,1,2025 AgriPro/Syngenta,2,,,,,0,7/28/2025 15:12,,,,,,,,,,,,3,7/28/2025 15:12,,,,,,,,,4.28,109.18,109.1780539,109.1780539,17.21,,,,,
25Ros_AY1conv,4/25/2025,7,1110,3,5,,1070120110,,TCG-Zelda,68,2023 21st Century Genetics,2,20,,71.12,,,,,,,,,,,6,7/29/2025 15:38,,,,,,,,,,,,,3.01,78.01,78.00596714,78.00596714,15.89,,,,,
25Steph_AY1,4/27/2025,13,1110,3,5,,1130120110,,MS Charger,54,"2023 Meridian Seeds, LLC",2,,,,,2,7/29/2025 9:35,,,,,,,,,,6,7/29/2025 9:35,,,,,,,,,,,5,127.9,127.8987884,127.8987884,16.98,,,,,
25StP_C-9_AY1-3_URN-PEv2,4/16/2025,1,1110,11,12,,1010120110,,LCS Cannon,27,2018 Limagrain Cereal Seeds,2,12,6/12/2025 10:24,83,,0,6/17/2025 14:58,7,6/27/2025 10:21,4,7/3/2025 10:18,6,7/25/2025 11:35,,,,,,,,,,,,,,,,1.085,61.96,61.96044902,61.96044902,13.6,78.4,,,,
25Strath_AY1,5/8/2025,14,1110,3,5,,1140120110,,LCS Dual,28,2021 Limagrain Cereal Seeds,2,,,,,1,7/30/2025 8:51,,,,,,,,,,6,7/30/2025 8:52,,,,,,,,,,,,126.84,126.84,126.84,,,,,,
25Was_AY1,1/1/2025,3,1110,36,4,,1030120110,,MN22406-1,52,MN16360/MN15320-1,2,17,,70,,0,7/17/2025 10:20,,,,,,,3,,,,,,,,,,,,,,,,56.19,56.19,56.19,,,,58.32,14.43,
25Beck_AY1,4/12/2025,9,1111,4,17,,1090120111,,Dyna-Gro Ambush,17,2017 Nutrien Ag Solutions,2,,,,,,,,,,,,,,,,,,,,,,,,,,,,2.84,72.48,72.48025265,72.48025265,17.17,,,59.7,14.82,
25Ben_AY1,4/18/2025,16,1111,4,5,,1160120111,,Brawn-SD,7,2022 SD State University,2,,,,,2,7/15/2025 11:33,,,,,,,,,,,,0,7/15/2025 11:33,,,,,,,,,3.74,95.98,95.97942889,95.97942889,16.71,,,,,
25Crk_AY1_Conv,4/24/2025,6,1111,16,14,,1060120111,,Knudson,23,long term check,2,,,,,,,3,8/4/2025 18:00,,,,,,,,,,,,,,,,,,,,,84.19,84.19,84.19,,0,,,,
25Ferg_AY1,4/21/2025,10,1111,4,5,,1100120111,,LCS Buster,26,2020 Limagrain Cereal Seeds,2,,,,,0,7/28/2025 11:35,0,8/5/2025 17:39,,,,,,8,7/28/2025 11:35,,,3,7/15/2025 14:43,,,,,,,,,2.86,76.21,76.20709579,76.20709579,13.52,,,,,
25Hall_AY1,4/26/2025,15,1111,4,5,,1150120111,,LCS Boom,25,2023 Limagrain Cereal Seeds,2,,,,,,,,,,,,,,,,,,,,,,,,,,,,4,102.28,102.2820569,102.2820569,17.01,,,,,
25Lamb_AY1conv,4/15/2025,4,1111,23,7,,1040120111,,Glenn,22,long term check,2,12,,91.44,,,,,,,,,,0,,,,,,,,,,,4,7/17/2025 15:21,,,,55.64,66.77447012,66.77447012,,,,,,
25LeCen_AY1,4/11/2025,17,1111,4,5,,1170120111,,PFS Muffins,60,2026 Peterson Farms Seed,2,,,,,1,7/4/2025 16:23,5,7/17/2025 9:11,,,,,,,,,,,,,,,,,,,,3.96,104.54,104.5401859,104.5401859,13.35,,,,,
25Oklee_AY1,4/26/2025,12,1111,15,5,,1120120111,nice,MN21090-4,37,MN14223-5/MN-Rothsay,2,,,,,0,7/30/2025 12:02,,,,,,,,,,,,,,,,,,,,,,3.67,91.77,91.77445196,91.77445196,18.84,,,,,
25Perl_AY1,4/21/2025,11,1111,4,5,,1110120111,,Brawn-SD,7,2022 SD State University,2,,,,,0,7/28/2025 15:12,,,,,,,,,,,,3,7/28/2025 15:12,,,,,,,,,4.85,123.55,123.5537422,123.5537422,17.32,,,,,
25Ros_AY1conv,4/25/2025,7,1111,4,5,,1070120111,,MS Cobra,55,"2022 Meridian Seeds, LLC",2,22,,76.2,,,,,,,,,,,7,7/29/2025 15:38,,,,,,,,,,,,,3.58,90.95,90.94679182,90.94679182,17.55,,,,,
25Steph_AY1,4/27/2025,13,1111,4,5,,1130120111,,MN21089-4,36,MN14223-5/MN-Rothsay,2,,,,,1,7/29/2025 9:36,,,,,,,,,,5,7/29/2025 9:36,,,,,,,,,,,3.96,99.39,99.39242547,99.39242547,18.54,,,,,
25StP_C-9_AY1-3_URN-PEv2,4/16/2025,1,1111,11,13,,1010120111,,LCS Buster,26,2020 Limagrain Cereal Seeds,2,20,6/20/2025 11:11,80.33333333,,0,6/17/2025 15:00,0,6/27/2025 10:26,0,7/3/2025 10:20,0,7/25/2025 11:37,,,,,,,,,,,,,,mix,6/20/2025 11:11,1.085,62.1,62.10387598,62.10387598,13.4,73.2,,,,
25Strath_AY1,5/8/2025,14,1111,4,5,,1140120111,,LCS Ascent,24,2022 Limagrain Cereal Seeds,2,,,,,6,7/30/2025 8:52,,,,,,,,,,9,7/30/2025 8:52,,,,,,,,,,,,118.51,118.51,118.51,,,,,,
25Was_AY1,1/1/2025,3,1111,35,4,,1030120111,,MN-Torgy,35,2020 MN,2,16,,80,,0,7/17/2025 10:20,,,,,,,3,,,,,,,,,,,,,,,,57.49,57.49,57.49,,,,58.9,14.5,
25Beck_AY1,4/12/2025,9,1112,5,17,,1090120112,,CP3555,12,2024 Winfield Untied - Croplan,2,,,,,,,,,,,,,,,,,,,,,,,,,,,,2.52,67.16,67.16304,67.16304,13.5,,,58.26,14.28,
25Ben_AY1,4/18/2025,16,1112,5,5,,1160120112,,MN22071-4,42,MN16024-6/MN15005-4,2,,,,,0,7/15/2025 11:34,,,,,,,,,,,,0,7/15/2025 11:34,,,,,,,,,3.93,102.5,102.5022055,102.5022055,15.35,,,,,
25Crk_AY1_Conv,4/24/2025,6,1112,17,14,,1060120112,dry,CAG Ceres,8,2024 Champions Alliance Group Inc,2,,,,,,,2,8/4/2025 18:00,,,,,,,,,,,,,,,,,,,,,86.27,86.27,86.27,,0,,,,
25Ferg_AY1,4/21/2025,10,1112,5,5,,1100120112,Short,MN22406-1,52,MN16360/MN15320-1,2,,,,,0,7/28/2025 11:35,0,8/5/2025 17:39,,,,,,8,7/28/2025 11:35,,,2,7/15/2025 14:43,,,,,,,,,3.04,81,81.00334657,81.00334657,13.52,,,,,
25Hall_AY1,4/26/2025,15,1112,5,5,,1150120112,,TCG-Badlands,66,2023 21st Century Genetics,2,,,,,,,,,,,,,,,,,,,,,,,,,,,,4.16,106.46,106.4630624,106.4630624,16.94,,,,,
25Lamb_AY1conv,4/15/2025,4,1112,24,7,,1040120112,,MN22406-1,52,MN16360/MN15320-1,2,13,,81.28,,,,,,,,,,0,,,,,,,,,,,6,7/17/2025 15:21,,,,55.72,55.63610155,55.63610155,,,,,,
25LeCen_AY1,4/11/2025,17,1112,5,5,,1170120112,,MN22199-2,45,MN16360/MN15005,2,,,,,0,7/4/2025 16:23,4,7/17/2025 9:11,,,,,,,,,,,,,,,,,,,,3.99,105.35,105.3493413,105.3493413,14.18,,,,,
25Oklee_AY1,4/26/2025,12,1112,16,5,,1120120112,nice,MN22429-2,53,MN16396/MN14227-4,2,,,,,0,7/30/2025 12:03,,,,,,,,,,,,,,,,,,,,,,3.32,86.42,86.41829349,86.41829349,15.52,,,,,
25Perl_AY1,4/21/2025,11,1112,5,5,,1110120112,Thin,Marshall,33,long term check,2,,,,,0,7/28/2025 15:13,,,,,,,,,,,,4,7/28/2025 15:13,,,,,,,,,3.5,93.26,,,13.52,,,,,
25Ros_AY1conv,4/25/2025,7,1112,5,5,,1070120112,,CP3678,13,2024 Winfield Untied - Croplan,2,23,,81.28,,,,,,,,,,,7,7/29/2025 15:38,,,,,,,,,,,,,3.36,87.36,87.35595091,87.35595091,15.62,,,,,
25Steph_AY1,4/27/2025,13,1112,5,5,,1130120112,,CP3678,13,2024 Winfield Untied - Croplan,2,,,,,2,7/29/2025 9:36,,,,,,,,,,5,7/29/2025 9:36,,,,,,,,,,,4.89,126.32,126.3204971,126.3204971,16.16,,,,,
25StP_C-9_AY1-3_URN-PEv2,4/16/2025,1,1112,10,13,,1010120112,,AP Iconic,3,2025 AgriPro/Syngenta,2,18,6/18/2025 13:30,87.66666667,,0,6/17/2025 15:00,2,6/27/2025 10:26,2,7/3/2025 10:20,2,7/25/2025 11:37,,,,,,,,,,,,,,,,1.25,71.88,71.8787211,71.8787211,13,80,,,,
25Strath_AY1,5/8/2025,14,1112,5,5,,1140120112,,CP3099A,10,2020 Winfield Untied - Croplan,2,,,,,1,7/30/2025 8:52,,,,,,,,,,6,7/30/2025 8:52,,,,,,,,,,,,127.41,127.41,127.41,,,,,,
25Was_AY1,1/1/2025,3,1112,34,4,,1030120112,,CP3530,11,2022 Winfield Untied - Croplan,2,18,,80,,0,7/17/2025 10:20,,,,,,,4,,,,,,,,,,,,,,,,59.69,59.69,59.69,,,,58.13,14.82,
25Beck_AY1,4/12/2025,9,1113,6,17,,1090120113,Mechanical,MN22322-2,48,MN15005/MN14223-5,2,,,,,,,,,,,,,,,,,,,,,,,,,,,,1.42,37.85,,,13.5,,,58.51,14.31,
25Ben_AY1,4/18/2025,16,1113,6,5,,1160120113,,LCS Cannon,27,2018 Limagrain Cereal Seeds,2,,,,,0,7/15/2025 11:34,,,,,,,,,,,,0,7/15/2025 11:34,,,,,,,,,3.96,101.71,101.7106873,101.7106873,16.64,,,,,
25Crk_AY1_Conv,4/24/2025,6,1113,18,14,,1060120113,,AP Elevate,2,2024 AgriPro/Syngenta,2,,,,,,,3,8/4/2025 18:00,,,,,,,,,,,,,,,,,,,,,97.71,97.71,97.71,,0,,,,
25Ferg_AY1,4/21/2025,10,1113,6,5,,1100120113,,MN22429-2,53,MN16396/MN14227-4,2,,,,,0,7/28/2025 11:35,0,8/5/2025 17:39,,,,,,8,7/28/2025 11:36,,,3,7/15/2025 14:44,,,,,,,,,3.36,89.53,89.53001463,89.53001463,13.52,,,,,
25Hall_AY1,4/26/2025,15,1113,6,5,,1150120113,,MN22342-2,50,MN16024-6/MN15119-2,2,,,,,,,,,,,,,,,,,,,,,,,,,,,,4.01,100.49,100.4867597,100.4867597,18.67,,,,,
25Lamb_AY1conv,4/15/2025,4,1113,25,7,,1040120113,,TW Trailfire,70,2024 Thunder Seed,2,12,,86.36,,,,,,,,,,0,,,,,,,,,,,6,7/17/2025 15:21,,,,58.86,55.71784482,55.71784482,,,,,,
25LeCen_AY1,4/11/2025,17,1113,6,5,,1170120113,,CP3099A,10,2020 Winfield Untied - Croplan,2,,,,,0,7/4/2025 16:23,0,7/17/2025 9:11,,,,,,,,,,,,,,,,,,,,3.6,94.92,94.91598613,94.91598613,10.8,,,,,
25Oklee_AY1,4/26/2025,12,1113,17,5,,1120120113,,AP Iconic,3,2025 AgriPro/Syngenta,2,,,,,0,7/30/2025 12:03,,,,,,,,,,,,,,,,,,,,,,3.65,94.05,94.05213496,94.05213496,16.37,,,,,
25Perl_AY1,4/21/2025,11,1113,6,5,,1110120113,Thin,MN21263-3,40,MN15332/MN-Washburn-A//MN-Rothsay,2,,,,,0,7/28/2025 15:13,,,,,,,,,,,,3,7/28/2025 15:13,,,,,,,,,3.48,91.27,,,14.88,,,,,
25Ros_AY1conv,4/25/2025,7,1113,6,5,,1070120113,,MN21168-1,38,10FAR-3134-1/MN14223-5,2,21,,73.66,,,,,,,,,,,7,7/29/2025 15:38,,,,,,,,,,,,,3.4,87.58,87.57878012,87.57878012,16.4,,,,,
25Steph_AY1,4/27/2025,13,1113,6,5,,1130120113,,LCS Cannon,27,2018 Limagrain Cereal Seeds,2,,,,,1,7/29/2025 9:36,,,,,,,,,,7,7/29/2025 9:36,,,,,,,,,,,4.42,113.89,113.8932703,113.8932703,16.37,,,,,
25StP_C-9_AY1-3_URN-PEv2,4/16/2025,1,1113,9,13,,1010120113,,AP Murdock,4,2020 AgriPro/Syngenta,2,15,6/16/2025 11:27,84,,0,6/17/2025 15:00,7,6/27/2025 10:26,4,7/3/2025 10:20,6,7/25/2025 11:37,,,,,,,,,,,,,,,,1.27,72.78,72.77695725,72.77695725,13.3,78,,,,
25Strath_AY1,5/8/2025,14,1113,6,5,,1140120113,,CP3915,14,2019 Winfield Untied - Croplan,2,,,,,2,7/30/2025 8:52,,,,,,,,,,8,7/30/2025 8:52,,,,,,,,,,,,109.61,109.61,109.61,,,,,,
25Was_AY1,1/1/2025,3,1113,33,4,,1030120113,Tall,LCS Ascent,24,2022 Limagrain Cereal Seeds,2,13,,80,,0,7/17/2025 10:20,,,,,,,4,,,,,,,,,,,,,,,,58.38,58.38,58.38,,,,57.27,14.23,
25Beck_AY1,4/12/2025,9,1114,7,17,,1090120114,Mechanical,TCG-Arsenal,65,2024 21st Century Genetics,2,,,,,,,,,,,,,,,,,,,,,,,,,,,,1.78,47.44,,,13.5,,,58.24,13.17,
25Ben_AY1,4/18/2025,16,1114,7,5,,1160120114,,MN22227-1,46,MN15413-2/MN10201-4-A//Linkert-gpcB1/MN13288-1-1/3/MN15482-4/Shelly//MN15482-4/MN10261-1,2,,,,,0,7/15/2025 11:34,,,,,,,,,,,,0,7/15/2025 11:34,,,,,,,,,4.3,111.38,111.3841,111.3841,15.93,,,,,
25Crk_AY1_Conv,4/24/2025,6,1114,19,14,,1060120114,,SY Valda,64,2015 AgriPro/Syngenta,2,,,,,,,2,8/4/2025 18:00,,,,,,,,,,,,,,,,,,,,,97.09,97.09,97.09,,0,,,,
25Ferg_AY1,4/21/2025,10,1114,7,5,,1100120114,,CP3530,11,2022 Winfield Untied - Croplan,2,,,,,1,7/28/2025 11:36,1,8/5/2025 17:39,,,,,,7,7/28/2025 11:36,,,3,7/15/2025 14:44,,,,,,,,,3.56,95.61,95.60506843,95.60506843,12.84,,,,,
25Hall_AY1,4/26/2025,15,1114,7,5,,1150120114,,MS Charger,54,"2023 Meridian Seeds, LLC",2,,,,,,,,,,,,,,,,,,,,,,,,,,,,4.99,121.19,121.185504,121.185504,21.18,,,,,
25Lamb_AY1conv,4/15/2025,4,1114,26,7,,1040120114,,LCS Trigger,31,2016 Limagrain Cereal Seeds,2,17,,83.82,,,,,,,,,,0,,,,,,,,,,,3,7/17/2025 15:21,,,,71.84,58.85629253,58.85629253,,,,,,
25LeCen_AY1,4/11/2025,17,1114,7,5,,1170120114,,LCS Trigger,31,2016 Limagrain Cereal Seeds,2,,,,,0,7/4/2025 16:23,1,7/17/2025 9:11,,,,,,,,,,,,,,,,,,,,4.4,116.28,116.278511,116.278511,14.34,,,,,
25Oklee_AY1,4/26/2025,12,1114,18,5,,1120120114,,SY 611 CL2,63,2019 AgriPro/Syngenta,2,,,,,0,7/30/2025 12:03,,,,,,,,,,,,,,,,,,,,,,4.11,105.13,105.1328041,105.1328041,16.98,,,,,
25Perl_AY1,4/21/2025,11,1114,7,5,,1110120114,,ND Thresher,58,2023 NDSU,2,,,,,0,7/28/2025 15:13,,,,,,,,,,,,6,7/28/2025 15:13,,,,,,,,,4,109.43,109.430339,109.430339,11.21,,,,,
25Ros_AY1conv,4/25/2025,7,1114,7,5,,1070120114,,TW Trailfire,70,2024 Thunder Seed,2,20,,83.82,,,,,,,,,,,7,7/29/2025 15:38,,,,,,,,,,,,,3.91,99.78,99.77590615,99.77590615,17.18,,,,,
25Steph_AY1,4/27/2025,13,1114,7,5,,1130120114,,TCG-Arsenal,65,2024 21st Century Genetics,2,,,,,1,7/29/2025 9:36,,,,,,,,,,4,7/29/2025 9:36,,,,,,,,,,,5.04,130.09,130.0866557,130.0866557,16.23,,,,,
25StP_C-9_AY1-3_URN-PEv2,4/16/2025,1,1114,8,13,,1010120114,,LCS Ascent,24,2022 Limagrain Cereal Seeds,2,12,6/12/2025 10:24,82.66666667,,0,6/17/2025 15:00,8,6/27/2025 10:26,4,7/3/2025 10:20,7,7/25/2025 11:37,,,,,,,,,,,,,,,,1.04,59.32,59.32192162,59.32192162,13.7,-,,,,
25Strath_AY1,5/8/2025,14,1114,7,5,,1140120114,,MN22227-1,46,MN15413-2/MN10201-4-A//Linkert-gpcB1/MN13288-1-1/3/MN15482-4/Shelly//MN15482-4/MN10261-1,2,,,,,1,7/30/2025 8:52,,,,,,,,,,6,7/30/2025 8:52,,,,,,,,,,,,119.48,119.48,119.48,,,,,,
25Was_AY1,1/1/2025,3,1114,32,4,,1030120114,,CP3678,13,2024 Winfield Untied - Croplan,2,20,,85,,0,7/17/2025 10:20,,,,,,,3,,,,,,,,,,,,,,,,48.17,48.17,48.17,,,,55.86,15.62,
25Beck_AY1,4/12/2025,9,1115,8,17,,1090120115,,MN21089-4,36,MN14223-5/MN-Rothsay,2,,,,,,,,,,,,,,,,,,,,,,,,,,,,1.84,49.04,49.03968,49.03968,13.5,,,60.71,13.41,
25Ben_AY1,4/18/2025,16,1115,8,5,,1160120115,,TCG-Wildcat,67,2020 21st Century Genetics,2,,,,,0,7/15/2025 11:34,,,,,,,,,,,,0,7/15/2025 11:34,,,,,,,,,3.3,85.35,85.34863935,85.34863935,16.06,,,,,
25Crk_AY1_Conv,4/24/2025,6,1115,20,14,,1060120115,,TCG-Badlands,66,2023 21st Century Genetics,2,,,,,,,2,8/4/2025 18:00,,,,,,,,,,,,,,,,,,,,,97.64,97.64,97.64,,0,,,,
25Ferg_AY1,4/21/2025,10,1115,8,5,,1100120115,,MN-Torgy,35,2020 MN,2,,,,,0,7/28/2025 11:36,0,8/5/2025 17:40,,,,,,7,7/28/2025 11:36,,,2,7/15/2025 14:44,,,,,,,,,3.4,89.29,89.28635681,89.28635681,14.77,,,,,
25Hall_AY1,4/26/2025,15,1115,8,5,,1150120115,,WB9479,71,2017 WestBred,2,,,,,,,,,,,,,,,,,,,,,,,,,,,,3.64,91.36,91.36071432,91.36071432,18.54,,,,,
25Lamb_AY1conv,4/15/2025,4,1115,27,7,,1040120115,,CP3530,11,2022 Winfield Untied - Croplan,2,15,,88.9,,,,,,,,,,0,,,,,,,,,,,5,7/17/2025 15:21,,,,62.25,71.83942006,71.83942006,,,,,,
25LeCen_AY1,4/11/2025,17,1115,8,5,,1170120115,,MN-Rothsay,34,2022 MN,2,,,,,0,7/4/2025 16:23,1,7/17/2025 9:11,,,,,,,,,,,,,,,,,,,,3.78,99.76,99.75877965,99.75877965,14.73,,,,,
25Oklee_AY1,4/26/2025,12,1115,19,5,,1120120115,,TCG-Wildcat,67,2020 21st Century Genetics,2,,,,,0,7/30/2025 12:03,,,,,,,,,,,,,,,,,,,,,,3.97,99.78,99.77797053,99.77797053,18.43,,,,,
25Perl_AY1,4/21/2025,11,1115,8,5,,1110120115,,MN21090-4,37,MN14223-5/MN-Rothsay,2,,,,,0,7/28/2025 15:13,,,,,,,,,,,,5,7/28/2025 15:13,,,,,,,,,4.15,112.88,112.88185,112.88185,11.72,,,,,
25Ros_AY1conv,4/25/2025,7,1115,8,5,,1070120115,,LCS Ascent,24,2022 Limagrain Cereal Seeds,2,21,,73.66,,,,,,,,,,,8,7/29/2025 15:38,,,,,,,,,,,,,3.32,84.72,84.72020676,84.72020676,17.18,,,,,
25Steph_AY1,4/27/2025,13,1115,8,5,,1130120115,,TCG-Badlands,66,2023 21st Century Genetics,2,,,,,1,7/29/2025 9:36,,,,,,,,,,5,7/29/2025 9:36,,,,,,,,,,,4.92,125.66,125.6553371,125.6553371,17.11,,,,,
25StP_C-9_AY1-3_URN-PEv2,4/16/2025,1,1115,7,13,,1010120115,,MS Charger,54,"2023 Meridian Seeds, LLC",2,16,6/16/2025 11:27,72.33333333,,0,6/17/2025 15:00,8,6/27/2025 10:26,5,7/3/2025 10:20,7,7/25/2025 11:37,,,,,,,,,,,,,,,,0.98,55.9,55.89950306,55.89950306,13.7,-,,,,
25Strath_AY1,5/8/2025,14,1115,8,5,,1140120115,,NDHRS15-0006-C46,59,2025 NDSU,2,,,,,0,7/30/2025 8:52,,,,,,,,,,4,7/30/2025 8:52,,,,,,,,,,,,133.76,133.76,133.76,,,,,,
25Was_AY1,1/1/2025,3,1115,31,4,,1030120115,,AP Murdock,4,2020 AgriPro/Syngenta,2,16,,75,,0,7/17/2025 10:20,,,,,,,4,,,,,,,,,,,,,,,,66.83,66.83,66.83,,,,57.4,14.05,
25Beck_AY1,4/12/2025,9,1116,9,17,,1090120116,,NDHRS15-0006-C46,59,2025 NDSU,2,,,,,,,,,,,,,,,,,,,,,,,,,,,,2.2,57.03,57.02788523,57.02788523,15.87,,,58.78,13.66,
25Ben_AY1,4/18/2025,16,1116,9,5,,1160120116,,MN21172-3,39,Bolles/MN-Rothsay,2,,,,,0,7/15/2025 11:34,,,,,,,,,,,,0,7/15/2025 11:34,,,,,,,,,3.61,95.67,95.6686943,95.6686943,13.99,,,,,
25Crk_AY1_Conv,4/24/2025,6,1116,21,14,,1060120116,,CP3099A,10,2020 Winfield Untied - Croplan,2,,,,,,,2,8/4/2025 18:00,,,,,,,,,,,,,,,,,,,,,108.73,108.73,108.73,,0,,,,
25Ferg_AY1,4/21/2025,10,1116,9,5,,1100120116,,CAG Recoil,9,2022 Champions Alliance Group Inc,2,,,,,0,7/28/2025 11:36,0,8/5/2025 17:40,,,,,,7,7/28/2025 11:36,,,1,7/15/2025 14:44,,,,,,,,,3.2,86.34,86.34138784,86.34138784,12.43,,,,,
25Hall_AY1,4/26/2025,15,1116,9,5,,1150120116,,MN-Torgy,35,2020 MN,2,,,,,,,,,,,,,,,,,,,,,,,,,,,,4,100.69,100.6921803,100.6921803,18.3,,,,,
25Lamb_AY1conv,4/15/2025,4,1116,28,7,,1040120116,,Ascend-SD,6,2021 SD State University,2,14,,83.82,,,,,,,,,,0,,,,,,,,,,,6,7/17/2025 15:21,,,,75.91,62.24633613,62.24633613,,,,,,
25LeCen_AY1,4/11/2025,17,1116,9,5,,1170120116,,TCG-Zelda,68,2023 21st Century Genetics,2,,,,,0,7/4/2025 16:23,0,7/17/2025 9:11,,,,,,,,,,,,,,,,,,,,3.94,104.02,104.0235621,104.0235621,14.77,,,,,
25Oklee_AY1,4/26/2025,12,1116,20,5,,1120120116,Late,PFS Rolls,61,2025 Peterson Farms Seed,2,,,,,0,7/30/2025 12:03,,,,,,,,,,,,,,,,,,,,,,4.09,101.89,101.8865905,101.8865905,19.15,,,,,
25Perl_AY1,4/21/2025,11,1116,9,5,,1110120116,,MN21168-1,38,10FAR-3134-1/MN14223-5,2,,,,,0,7/28/2025 15:13,,,,,,,,,,,,5,7/28/2025 15:14,,,,,,,,,3.87,99.28,99.27984003,99.27984003,16.74,,,,,
25Ros_AY1conv,4/25/2025,7,1116,9,5,,1070120116,,MN22429-2,53,MN16396/MN14227-4,2,21,,76.2,,,,,,,,,,,9,7/29/2025 15:38,,,,,,,,,,,,,3.39,87.71,87.70766487,87.70766487,16.03,,,,,
25Steph_AY1,4/27/2025,13,1116,9,5,,1130120116,,Dyna-Gro Ambush,17,2017 Nutrien Ag Solutions,2,,,,,3,7/29/2025 9:36,,,,,,,,,,5,7/29/2025 9:36,,,,,,,,,,,4.82,123.35,123.3538367,123.3538367,16.94,,,,,
25StP_C-9_AY1-3_URN-PEv2,4/16/2025,1,1116,6,13,,1010120116,,Dyna-Gro Ambush,17,2017 Nutrien Ag Solutions,2,12,6/12/2025 10:24,83.66666667,,0,6/17/2025 15:00,5,6/27/2025 10:26,3,7/3/2025 10:21,3,7/25/2025 11:37,,,,,,,,,,,,,,,,1.23,70.24,70.24087769,70.24087769,13.6,79.7,,,,
25Strath_AY1,5/8/2025,14,1116,9,5,,1140120116,,ND Thresher,58,2023 NDSU,2,,,,,3,7/30/2025 8:53,,,,,,,,,,6,7/30/2025 8:53,,,,,,,,,,,,111.7,111.7,111.7,,,,,,
25Was_AY1,1/1/2025,3,1116,30,4,,1030120116,,MN22342-2,50,MN16024-6/MN15119-2,2,16,,80,,0,7/17/2025 10:20,,,,,,,3,,,,,,,,,,,,,,,,52.43,52.43,52.43,,,,56.61,14.74,
25Beck_AY1,4/12/2025,9,1117,10,17,,1090120117,,MN22199-2,45,MN16360/MN15005,2,,,,,,,,,,,,,,,,,,,,,,,,,,,,2.1,55.97,55.9692,55.9692,13.5,,,59.89,13.53,
25Ben_AY1,4/18/2025,16,1117,10,5,,1160120117,,MN21168-1,38,10FAR-3134-1/MN14223-5,2,,,,,0,7/15/2025 11:34,,,,,,,,,,,,1,7/15/2025 11:34,,,,,,,,,3.94,106.64,106.6356072,106.6356072,12.16,,,,,
25Crk_AY1_Conv,4/24/2025,6,1117,22,14,,1060120117,,Dyna-Gro Rocker,20,2023 Nutrien Ag Solutions,2,,,,,,,3,8/4/2025 18:00,,,,,,,,,,,,,,,,,,,,,102.68,102.68,102.68,,0,,,,
25Ferg_AY1,4/21/2025,10,1117,10,5,,1100120117,,TCG-Badlands,66,2023 21st Century Genetics,2,,,,,0,7/28/2025 11:36,0,8/5/2025 17:40,,,,,,7,7/28/2025 11:36,,,1,7/15/2025 14:44,,,,,,,,,3.1,83.7,83.70052897,83.70052897,12.37,,,,,
25Hall_AY1,4/26/2025,15,1117,10,5,,1150120117,,MN22154-1,44,BW980/MN10201-4-A//MN15005,2,,,,,,,,,,,,,,,,,,,,,,,,,,,,3.88,98.04,98.04201639,98.04201639,17.99,,,,,
25Lamb_AY1conv,4/15/2025,4,1117,29,7,,1040120117,,SY 611 CL2,63,2019 AgriPro/Syngenta,2,131,,78.74,,,,,,,,,,0,,,,,,,,,,,4,7/17/2025 15:21,,,,63.06,75.91020775,75.91020775,,,,,,
25LeCen_AY1,4/11/2025,17,1117,10,5,,1170120117,,SY Valda,64,2015 AgriPro/Syngenta,2,,,,,0,7/4/2025 16:23,3,7/17/2025 9:11,,,,,,,,,,,,,,,,,,,,4.04,106.69,106.6937332,106.6937332,15.2,,,,,
25Oklee_AY1,4/26/2025,12,1117,21,5,,1120120117,Late,LCS Buster,26,2020 Limagrain Cereal Seeds,2,,,,,0,7/30/2025 12:03,,,,,,,,,,,,,,,,,,,,,,4.67,111.51,111.514741,111.514741,22.5,,,,,
25Perl_AY1,4/21/2025,11,1117,10,5,,1110120117,,MN-Rothsay,34,2022 MN,2,,,,,0,7/28/2025 15:14,,,,,,,,,,,,4,7/28/2025 15:14,,,,,,,,,3.45,89,89.0048932,89.0048932,16.27,,,,,
25Ros_AY1conv,4/25/2025,7,1117,10,5,,1070120117,,Dyna-Gro 8582,16,2024 Nutrien Ag Solutions,2,20,,76.2,,,,,,,,,,,8,7/29/2025 15:38,,,,,,,,,,,,,3.53,90,90.00287965,90.00287965,17.25,,,,,
25Steph_AY1,4/27/2025,13,1117,10,5,,1130120117,,AP Dagr,1,2025 AgriPro/Syngenta,2,,,,,2,7/29/2025 9:36,,,,,,,,,,8,7/29/2025 9:37,,,,,,,,,,,4.47,118.6,118.5973021,118.5973021,13.89,,,,,
25StP_C-9_AY1-3_URN-PEv2,4/16/2025,1,1117,5,13,,1010120117,,LCS Trigger,31,2016 Limagrain Cereal Seeds,2,21,6/23/2025 12:13,84.66666667,,0,6/17/2025 15:00,5,6/27/2025 10:26,3,7/3/2025 10:21,3,7/25/2025 11:37,,,,,,,,,,,,,,,,1.32,74.6,74.59524104,74.59524104,14.5,77.6,,,,
25Strath_AY1,5/8/2025,14,1117,10,5,,1140120117,nice,MN22406-1,52,MN16360/MN15320-1,2,,,,,0,7/30/2025 8:53,,,,,,,,,,7,7/30/2025 8:53,,,,,,,,,,,,109.06,109.06,109.06,,,,,,
25Was_AY1,1/1/2025,3,1117,29,4,,1030120117,,MN22227-1,46,MN15413-2/MN10201-4-A//Linkert-gpcB1/MN13288-1-1/3/MN15482-4/Shelly//MN15482-4/MN10261-1,2,16,,80,,0,7/17/2025 10:20,,,,,,,2,,,,,,,,,,,,,,,,64.49,64.49,64.49,,,,58.3,14.16,
25Beck_AY1,4/12/2025,9,1118,11,17,,1090120118,,Driver,15,2019 SD State University,2,,,,,,,,,,,,,,,,,,,,,,,,,,,,2.33,59.41,59.41417898,59.41417898,17.24,,,59.57,13.11,
25Ben_AY1,4/18/2025,16,1118,11,5,,1160120118,,AP Dagr,1,2025 AgriPro/Syngenta,2,,,,,0,7/15/2025 11:34,,,,,,,,,,,,2,7/15/2025 11:35,,,,,,,,,3.3,89.24,89.24291251,89.24291251,12.23,,,,,
25Crk_AY1_Conv,4/24/2025,6,1118,23,14,,1060120118,,Glenn,22,long term check,2,,,,,,,2,8/4/2025 18:00,,,,,,,,,,,,,,,,,,,,,93.44,93.44,93.44,,Dirty Sample,,,,
25Ferg_AY1,4/21/2025,10,1118,11,5,,1100120118,,NDHRS15-0006-C46,59,2025 NDSU,2,,,,,1,7/28/2025 11:36,1,8/5/2025 17:40,,,,,,6,7/28/2025 11:36,,,0,7/15/2025 14:44,,,,,,,,,3.86,103.22,103.2216246,103.2216246,13.21,,,,,
25Hall_AY1,4/26/2025,15,1118,11,5,,1150120118,,CAG Recoil,9,2022 Champions Alliance Group Inc,2,,,,,,,,,,,,,,,,,,,,,,,,,,,,3.78,98.43,98.42685278,98.42685278,15.49,,,,,
25Lamb_AY1conv,4/15/2025,4,1118,30,7,,1040120118,,MN21168-1,38,10FAR-3134-1/MN14223-5,2,13,,76.2,,,,,,,,,,0,,,,,,,,,,,4,7/17/2025 15:21,,,,64.3,63.05702098,63.05702098,,,,,,
25LeCen_AY1,4/11/2025,17,1118,11,5,,1170120118,Early,MN22406-1,52,MN16360/MN15320-1,2,,,,,0,7/4/2025 16:23,0,7/17/2025 9:12,,,,,,,,,,,,,,,,,,,,3.62,95.48,95.48486428,95.48486428,13.9,,,,,
25Oklee_AY1,4/26/2025,12,1118,22,5,,1120120118,,CP3915,14,2019 Winfield Untied - Croplan,2,,,,,0,7/30/2025 12:03,,,,,,,,,,,,,,,,,,,,,,3.88,100.1,100.0982567,100.0982567,16.27,,,,,
25Perl_AY1,4/21/2025,11,1118,11,5,,1110120118,,LCS Ascent,24,2022 Limagrain Cereal Seeds,2,,,,,0,7/28/2025 15:14,,,,,,,,,,,,5,7/28/2025 15:14,,,,,,,,,3.98,102.27,102.2734296,102.2734296,16.6,,,,,
25Ros_AY1conv,4/25/2025,7,1118,11,5,,1070120118,,Linkert,32,2013 MN,2,21,,71.12,,,,,,,,,,,8,7/29/2025 15:38,,,,,,,,,,,,,3.36,85.36,85.35788282,85.35788282,17.55,,,,,
25Steph_AY1,4/27/2025,13,1118,11,5,,1130120118,,Linkert,32,2013 MN,2,,,,,0,7/29/2025 9:37,,,,,,,,,,5,7/29/2025 9:37,,,,,,,,,,,4.34,112.65,112.6475589,112.6475589,15.76,,,,,
25StP_C-9_AY1-3_URN-PEv2,4/16/2025,1,1118,4,13,,1010120118,,MN22227-1,46,MN15413-2/MN10201-4-A//Linkert-gpcB1/MN13288-1-1/3/MN15482-4/Shelly//MN15482-4/MN10261-1,2,16,6/16/2025 11:27,75,,0,6/17/2025 15:01,2,6/27/2025 10:26,2,7/3/2025 10:21,2,7/25/2025 11:37,,,,,,,,,,,,,,,,1.41,79.96,79.96086364,79.96086364,14.2,78.6,,,,
25Strath_AY1,5/8/2025,14,1118,11,5,,1140120118,,TW Trailfire,70,2024 Thunder Seed,2,,,,,7,7/30/2025 8:53,,,,,,,,,,5,7/30/2025 8:53,,,,,,,,,,,,122.81,122.81,122.81,,,,,,
25Was_AY1,1/1/2025,3,1118,28,4,,1030120118,,LCS Hammer AX,29,2022 Limagrain Cereal Seeds,2,16,,80,,0,7/17/2025 10:20,,,,,,,3,,,,,,,,,,,,,,,,56.67,56.67,56.67,,,,56.09,14.93,
25Beck_AY1,4/12/2025,9,1119,12,17,,1090120119,,MN22356-2,51,MN15530-4/MN15005-4,2,,,,,,,,,,,,,,,,,,,,,,,,,,,,1.94,51.7,51.70488,51.70488,13.5,,,59.93,14.55,
25Ben_AY1,4/18/2025,16,1119,12,5,,1160120119,,Glenn,22,long term check,2,,,,,0,7/15/2025 11:35,,,,,,,,,,,,0,7/15/2025 11:35,,,,,,,,,3.27,89.42,89.41900058,89.41900058,11.25,,,,,
25Crk_AY1_Conv,4/24/2025,6,1119,24,14,,1060120119,,LCS Dual,28,2021 Limagrain Cereal Seeds,2,,,,,,,2,8/4/2025 18:00,,,,,,,,,,,,,,,,,,,,,102.85,102.85,102.85,,0,,,,
25Ferg_AY1,4/21/2025,10,1119,12,5,,1100120119,,AP Iconic,3,2025 AgriPro/Syngenta,2,,,,,1,7/28/2025 11:36,1,8/5/2025 17:40,,,,,,8,7/28/2025 11:36,,,2,7/15/2025 14:44,,,,,,,,,3.53,93.84,93.84227742,93.84227742,13.72,,,,,
25Hall_AY1,4/26/2025,15,1119,12,5,,1150120119,,MS Cobra,55,"2022 Meridian Seeds, LLC",2,,,,,,,,,,,,,,,,,,,,,,,,,,,,3.87,97.83,97.825103,97.825103,17.96,,,,,
25Lamb_AY1conv,4/15/2025,4,1119,31,7,,1040120119,,WB9479,71,2017 WestBred,2,12,,86.36,,,,,,,,,,0,,,,,,,,,,,4,7/17/2025 15:21,,,,64.19,64.30113293,64.30113293,,,,,,
25LeCen_AY1,4/11/2025,17,1119,12,5,,1170120119,,Brawn-SD,7,2022 SD State University,2,,,,,2,7/4/2025 16:23,7,7/17/2025 9:12,,,,,,,,,,,,,,,,,,,,3.82,100.83,100.8262469,100.8262469,14.85,,,,,
25Oklee_AY1,4/26/2025,12,1119,23,5,,1120120119,,TCG-Arsenal,65,2024 21st Century Genetics,2,,,,,0,7/30/2025 12:03,,,,,,,,,,,,,,,,,,,,,,4.04,99.38,99.38379823,99.38379823,20.16,,,,,
25Perl_AY1,4/21/2025,11,1119,12,5,,1110120119,,AP Elevate,2,2024 AgriPro/Syngenta,2,,,,,0,7/28/2025 15:14,,,,,,,,,,,,5,7/28/2025 15:14,,,,,,,,,4.3,111.53,111.5298387,111.5298387,15.82,,,,,
25Ros_AY1conv,4/25/2025,7,1119,12,5,,1070120119,,Marshall,33,long term check,2,25,,78.74,,,,,,,,,,,7,7/29/2025 15:38,,,,,,,,,,,,,3.42,87.99,87.98857387,87.98857387,16.5,,,,,
25Steph_AY1,4/27/2025,13,1119,12,5,,1130120119,Thin,MN-Torgy,35,2020 MN,2,,,,,0,7/29/2025 9:37,,,,,,,,,,5,7/29/2025 9:37,,,,,,,,,,,4.23,109.27,,,16.16,,,,,
25StP_C-9_AY1-3_URN-PEv2,4/16/2025,1,1119,3,13,,1010120119,,MN22356-2,51,MN15530-4/MN15005-4,2,14,6/13/2025 13:41,76,,0,6/17/2025 15:01,4,6/27/2025 10:27,2,7/3/2025 10:21,3,7/25/2025 11:37,,,,,,,,,,,,,,,,1.205,67.94,67.93712337,67.93712337,14.7,78,,,,
25Strath_AY1,5/8/2025,14,1119,12,5,,1140120119,,MN21090-4,37,MN14223-5/MN-Rothsay,2,,,,,5,7/30/2025 8:53,,,,,,,,,,4,7/30/2025 8:53,,,,,,,,,,,,120.08,120.08,120.08,,,,,,
25Was_AY1,1/1/2025,3,1119,27,4,,1030120119,,Dyna-Gro Ambush,17,2017 Nutrien Ag Solutions,2,10,,75,,0,7/17/2025 10:20,,,,,,,3,,,,,,,,,,,,,,,,63.79,63.79,63.79,,,,57.7,15.06,
25Beck_AY1,4/12/2025,9,1120,13,17,,1090120120,,Dyna-Gro 8582,16,2024 Nutrien Ag Solutions,2,,,,,,,,,,,,,,,,,,,,,,,,,,,,2.68,70.28,70.27956774,70.27956774,14.89,,,58.09,13.78,
25Ben_AY1,4/18/2025,16,1120,13,5,,1160120120,,Knudson,23,long term check,2,,,,,0,7/15/2025 11:37,,,,,,,,,,,,1,7/15/2025 11:37,,,,,,,,,3.18,84.61,84.60638886,84.60638886,13.65,,,,,
25Crk_AY1_Conv,4/24/2025,6,1120,25,14,,1060120120,,AP Smith,5,2021 AgriPro/Syngenta,2,,,,,,,3,8/4/2025 18:00,,,,,,,,,,,,,,,,,,,,,97.84,97.84,97.84,,0,,,,
25Ferg_AY1,4/21/2025,10,1120,13,5,,1100120120,,Linkert,32,2013 MN,2,,,,,0,7/28/2025 11:36,0,8/5/2025 17:40,,,,,,6,7/28/2025 11:36,,,3,7/15/2025 14:44,,,,,,,,,2.91,79.49,79.48504529,79.48504529,11.35,,,,,
25Hall_AY1,4/26/2025,15,1120,13,5,,1150120120,,MN22322-2,48,MN15005/MN14223-5,2,,,,,,,,,,,,,,,,,,,,,,,,,,,,3.59,90.07,90.0725754,90.0725754,18.57,,,,,
25Lamb_AY1conv,4/15/2025,4,1120,32,7,,1040120120,,LCS Hammer AX,29,2022 Limagrain Cereal Seeds,2,13,,78.74,,,,,,,,,,0,,,,,,,,,,,4,7/17/2025 15:22,,,,63.73,64.19041887,64.19041887,,,,,,
25LeCen_AY1,4/11/2025,17,1120,13,5,,1170120120,,WB9479,71,2017 WestBred,2,,,,,0,7/4/2025 16:23,2,7/17/2025 9:12,,,,,,,,,,,,,,,,,,,,3.66,96.55,96.54921017,96.54921017,13.75,,,,,
25Oklee_AY1,4/26/2025,12,1120,24,5,,1120120120,,MS Nova,56,"2023 Meridian Seeds, LLC",2,,,,,0,7/30/2025 12:03,,,,,,,,,,,,,,,,,,,,,,3.77,96.91,96.91194078,96.91194078,16.57,,,,,
25Perl_AY1,4/21/2025,11,1120,13,5,,1110120120,,MN22406-1,52,MN16360/MN15320-1,2,,,,,0,7/28/2025 15:14,,,,,,,,,,,,5,7/28/2025 15:14,,,,,,,,,3.98,102.94,102.9356317,102.9356317,16.06,,,,,
25Ros_AY1conv,4/25/2025,7,1120,13,5,,1070120120,,AP Elevate,2,2024 AgriPro/Syngenta,2,22,,76.2,,,,,,,,,,,8,7/29/2025 15:39,,,,,,,,,,,,,3.17,80.53,80.53109778,80.53109778,17.55,,,,,
25Steph_AY1,4/27/2025,13,1120,13,5,,1130120120,,LCS Buster,26,2020 Limagrain Cereal Seeds,2,,,,,1,7/29/2025 9:37,,,,,,,,,,5,7/29/2025 9:37,,,,,,,,,,,5.47,140.9,140.8988021,140.8988021,16.4,,,,,
25StP_C-9_AY1-3_URN-PEv2,4/16/2025,1,1120,2,13,,1010120120,,CP3915,14,2019 Winfield Untied - Croplan,2,16,6/16/2025 11:27,78,,0,6/17/2025 15:01,5,6/27/2025 10:27,3,7/3/2025 10:21,5,7/25/2025 11:37,,,,,,,,,,,,,,,,0.935,53.33,53.33268915,53.33268915,13.7,-,,,,
25Strath_AY1,5/8/2025,14,1120,13,5,,1140120120,,Dyna-Gro Ambush,17,2017 Nutrien Ag Solutions,2,,,,,3,7/30/2025 8:53,,,,,,,,,,8,7/30/2025 8:54,,,,,,,,,,,,115.03,115.03,115.03,,,,,,
25Was_AY1,1/1/2025,3,1120,26,4,,1030120120,,NDHRS15-0006-C46,59,2025 NDSU,2,16,,80,,0,7/17/2025 10:20,,,,,,,3,,,,,,,,,,,,,,,,55.98,55.98,55.98,,,,57.88,15.04,
25Beck_AY1,4/12/2025,9,1121,14,17,,1090120121,,LCS Buster,26,2020 Limagrain Cereal Seeds,2,,,,,,,,,,,,,,,,,,,,,,,,,,,,2.28,59.52,59.51610362,59.51610362,15.28,,,55.66,11.98,
25Ben_AY1,4/18/2025,16,1121,14,5,,1160120121,,AP Smith,5,2021 AgriPro/Syngenta,2,,,,,0,7/15/2025 11:37,,,,,,,,,,,,0,7/15/2025 11:37,,,,,,,,,3.66,95.04,95.04281907,95.04281907,15.72,,,,,
25Crk_AY1_Conv,4/24/2025,6,1121,25,15,,1060120121,,Driver,15,2019 SD State University,2,,,,,,,3,8/4/2025 18:02,,,,,,,,,,,,,,,,,,,,,98.66,98.66,98.66,,0,,,,
25Ferg_AY1,4/21/2025,10,1121,14,5,,1100120121,,WB9479,71,2017 WestBred,2,,,,,0,7/28/2025 11:36,0,8/5/2025 17:40,,,,,,8,7/28/2025 11:37,,,3,7/15/2025 14:44,,,,,,,,,3.35,90.04,90.03769672,90.03769672,12.77,,,,,
25Hall_AY1,4/26/2025,15,1121,14,5,,1150120121,better leaves,MN21263-3,40,MN15332/MN-Washburn-A//MN-Rothsay,2,,,,,,,,,,,,,,,,,,,,,,,,,,,,4.04,100.14,100.1431183,100.1431183,19.55,,,,,
25Lamb_AY1conv,4/15/2025,4,1121,33,7,,1040120121,,MN-Torgy,35,2020 MN,2,14,,81.28,,,,,,,,,,0,,,,,,,,,,,5,7/17/2025 15:22,,,,63.93,63.73151133,63.73151133,,,,,,
25LeCen_AY1,4/11/2025,17,1121,14,5,,1170120121,,Linkert,32,2013 MN,2,,,,,0,7/4/2025 16:23,1,7/17/2025 9:12,,,,,,,,,,,,,,,,,,,,3,78.96,78.96247399,78.96247399,14.06,,,,,
25Oklee_AY1,4/26/2025,12,1121,25,5,,1120120121,,WB9479,71,2017 WestBred,2,,,,,0,7/30/2025 12:03,,,,,,,,,,,,,,,,,,,,,,3.79,96.32,96.31669224,96.31669224,17.52,,,,,
25Perl_AY1,4/21/2025,11,1121,14,5,,1110120121,,LCS Buster,26,2020 Limagrain Cereal Seeds,2,,,,,0,7/28/2025 15:14,,,,,,,,,,,,2,7/28/2025 15:14,,,,,,,,,5.06,131.24,131.2420893,131.2420893,15.82,,,,,
25Ros_AY1conv,4/25/2025,7,1121,14,5,,1070120121,,LCS Rimfire,30,2025 Limagrain Cereal Seeds,2,20,,73.66,,,,,,,,,,,8,7/29/2025 15:39,,,,,,,,,,,,,3.58,91.92,91.91747922,91.91747922,16.67,,,,,
25Steph_AY1,4/27/2025,13,1121,14,5,,1130120121,,AP Murdock,4,2020 AgriPro/Syngenta,2,,,,,0,7/29/2025 9:37,,,,,,,,,,8,7/29/2025 9:37,,,,,,,,,,,4.04,107.35,107.3504354,107.3504354,13.76,,,,,
25StP_C-9_AY1-3_URN-PEv2,4/16/2025,1,1121,2,14,,1010120121,,Dyna-Gro Rocker,20,2023 Nutrien Ag Solutions,2,20,6/20/2025 11:12,84.33333333,,0,6/17/2025 15:01,7,6/27/2025 10:27,3,7/3/2025 10:21,4,7/25/2025 11:37,,,,,,,,,,,,,,,,1.04,59.32,59.32192162,59.32192162,13.7,-,,,,
25Strath_AY1,5/8/2025,14,1121,14,5,,1140120121,,AP Dagr,1,2025 AgriPro/Syngenta,2,,,,,6,7/30/2025 8:54,,,,,,,,,,9,7/30/2025 8:54,,,,,,,,,,,,100.94,100.94,100.94,,,,,,
25Was_AY1,1/1/2025,3,1121,25,4,,1030120121,,LCS Dual,28,2021 Limagrain Cereal Seeds,2,16,,85,,0,7/17/2025 10:21,,,,,,,2,,,,,,,,,,,,,,,,62.96,62.96,62.96,,,,57.87,14.52,
25Beck_AY1,4/12/2025,9,1122,15,17,,1090120122,,Shelly,62,2016 MN,2,,,,,,,,,,,,,,,,,,,,,,,,,,,,2.04,53.57,53.57181409,53.57181409,14.77,,,58.46,13.63,
25Ben_AY1,4/18/2025,16,1122,15,5,,1160120122,,MN-Rothsay,34,2022 MN,2,,,,,0,7/15/2025 11:37,,,,,,,,,,,,1,7/15/2025 11:37,,,,,,,,,3.87,100.58,100.5795641,100.5795641,15.65,,,,,
25Crk_AY1_Conv,4/24/2025,6,1122,24,15,,1060120122,,MN21263-3,40,MN15332/MN-Washburn-A//MN-Rothsay,2,,,,,,,3,8/4/2025 18:02,,,,,,,,,,,,,,,,,,,,,99.43,99.43,99.43,,0,,,,
25Ferg_AY1,4/21/2025,10,1122,15,5,,1100120122,,TCG-Wildcat,67,2020 21st Century Genetics,2,,,,,0,7/28/2025 11:37,0,8/5/2025 17:40,,,,,,8,7/28/2025 11:37,,,2,7/15/2025 14:44,,,,,,,,,3.17,85.8,85.79565348,85.79565348,12.16,,,,,
25Hall_AY1,4/26/2025,15,1122,15,5,,1150120122,,MN22341-1,49,MN15320-1/MN14105-7,2,,,,,,,,,,,,,,,,,,,,,,,,,,,,4,100.32,100.3224416,100.3224416,18.6,,,,,
25Lamb_AY1conv,4/15/2025,4,1122,34,7,,1040120122,,MN21263-3,40,MN15332/MN-Washburn-A//MN-Rothsay,2,16,,73.66,,,,,,,,,,0,,,,,,,,,,,4,7/17/2025 15:22,,,,62.08,63.92693736,63.92693736,,,,,,
25LeCen_AY1,4/11/2025,17,1122,15,5,,1170120122,,LCS Hammer AX,29,2022 Limagrain Cereal Seeds,2,,,,,0,7/4/2025 16:23,6,7/17/2025 9:12,,,,,,,,,,,,,,,,,,,,3.65,96.27,96.26766127,96.26766127,12.45,,,,,
25Oklee_AY1,4/26/2025,12,1122,26,5,,1120120122,,Knudson,23,long term check,2,,,,,0,7/30/2025 12:03,,,,,,,,,,,,,,,,,,,,,,3.76,94.34,94.33785056,94.33785056,18.57,,,,,
25Perl_AY1,4/21/2025,11,1122,15,5,,1110120122,,SY 611 CL2,63,2019 AgriPro/Syngenta,2,,,,,0,7/28/2025 15:14,,,,,,,,,,,,4,7/28/2025 15:14,,,,,,,,,4.25,110.23,110.2329801,110.2329801,15.82,,,,,
25Ros_AY1conv,4/25/2025,7,1122,15,5,,1070120122,,Glenn,22,long term check,2,21,,88.9,,,,,,,,,,,8,7/29/2025 15:39,,,,,,,,,,,,,3.37,85.11,85.11351633,85.11351633,18.03,,,,,
25Steph_AY1,4/27/2025,13,1122,15,5,,1130120122,,CAG Recoil,9,2022 Champions Alliance Group Inc,2,,,,,0,7/29/2025 9:37,,,,,,,,,,5,7/29/2025 9:37,,,,,,,,,,,4.32,113.3,113.299778,113.299778,14.88,,,,,
25StP_C-9_AY1-3_URN-PEv2,4/16/2025,1,1122,3,14,,1010120122,,Marshall,33,long term check,2,20,6/20/2025 11:12,76,,0,6/17/2025 15:01,2,6/27/2025 10:27,1,7/3/2025 10:21,2,7/25/2025 11:37,,,,,,,,,,,,,,,,0.97,55.33,55.32909997,55.32909997,13.7,-,,,,
25Strath_AY1,5/8/2025,14,1122,15,5,,1140120122,,MN-Torgy,35,2020 MN,2,,,,,3,7/30/2025 8:54,,,,,,,,,,4,7/30/2025 8:54,,,,,,,,,,,,115.51,115.51,115.51,,,,,,
25Was_AY1,1/1/2025,3,1122,24,4,,1030120122,,MS Charger,54,"2023 Meridian Seeds, LLC",2,16,,70,,0,7/17/2025 10:21,,,,,,,3,,,,,,,,,,,,,,,,67.94,67.94,67.94,,,,57.66,13.13,
25Beck_AY1,4/12/2025,9,1123,16,17,,1090120123,,Dyna-Gro Ballistic,18,2018 Nutrien Ag Solutions,2,,,,,,,,,,,,,,,,,,,,,,,,,,,,2.85,74.36,74.36000435,74.36000435,15.32,,,56.99,12.04,
25Ben_AY1,4/18/2025,16,1123,16,5,,1160120123,,LCS Hammer AX,29,2022 Limagrain Cereal Seeds,2,,,,,0,7/15/2025 11:37,,,,,,,,,,,,5,7/15/2025 11:37,,,,,,,,,3.47,92.67,92.67488901,92.67488901,13.32,,,,,
25Crk_AY1_Conv,4/24/2025,6,1123,23,15,,1060120123,,MN22131-3,43,MN15482-4/MN15005-4,2,,,,,,,3,8/4/2025 18:02,,,,,,,,,,,,,,,,,,,,,99.62,99.62,99.62,,0,,,,
25Ferg_AY1,4/21/2025,10,1123,16,5,,1100120123,,ND Stampede,57,2024 NDSU,2,,,,,0,7/28/2025 11:37,0,8/5/2025 17:40,,,,,,7,7/28/2025 11:37,,,2,7/15/2025 14:44,,,,,,,,,3.91,103.74,103.7394745,103.7394745,13.89,,,,,
25Hall_AY1,4/26/2025,15,1123,16,5,,1150120123,,LCS Rimfire,30,2025 Limagrain Cereal Seeds,2,,,,,,,,,,,,,,,,,,,,,,,,,,,,4.3,111.12,111.1191206,111.1191206,16.13,,,,,
25Lamb_AY1conv,4/15/2025,4,1123,35,7,,1040120123,,MN21089-4,36,MN14223-5/MN-Rothsay,2,15,,88.9,,,,,,,,,,0,,,,,,,,,,,4,7/17/2025 15:22,,,,64.75,62.07859043,62.07859043,,,,,,
25LeCen_AY1,4/11/2025,17,1123,16,5,,1170120123,Mechanical,MN21385-1,41,Linkert-gpcB1/MN-Washburn-A//MN13479-8,2,,,,,0,7/4/2025 16:23,0,7/17/2025 9:12,,,,,,,,,,,,,,,,,,,,3.25,85.62,,,13.31,,,,,
25Oklee_AY1,4/26/2025,12,1123,27,5,,1120120123,,ND Thresher,58,2023 NDSU,2,,,,,0,7/30/2025 12:04,,,,,,,,,,,,,,,,,,,,,,3.17,84.14,84.13521847,84.13521847,13.86,,,,,
25Perl_AY1,4/21/2025,11,1123,16,5,,1110120123,Early,MN21385-1,41,Linkert-gpcB1/MN-Washburn-A//MN13479-8,2,,,,,0,7/28/2025 15:14,,,,,,,,,,,,4,7/28/2025 15:15,,,,,,,,,4.41,114.38,114.3829276,114.3829276,15.82,,,,,
25Ros_AY1conv,4/25/2025,7,1123,16,5,,1070120123,,TW Olympic,69,2022 Thunder Seed,2,22,,81.28,,,,,,,,,,,5,7/29/2025 15:39,,,,,,,,,,,22 or 23 HD,,4.04,102.58,102.582901,102.582901,17.59,,,,,
25Steph_AY1,4/27/2025,13,1123,16,5,,1130120123,,MN21168-1,38,10FAR-3134-1/MN14223-5,2,,,,,1,7/29/2025 9:37,,,,,,,,,,6,7/29/2025 9:37,,,,,,,,,,,4.38,114.93,114.9273679,114.9273679,14.84,,,,,
25StP_C-9_AY1-3_URN-PEv2,4/16/2025,1,1123,4,14,,1010120123,,MN22154-1,44,BW980/MN10201-4-A//MN15005,2,16,6/16/2025 11:28,74.33333333,,0,6/17/2025 15:01,6,6/27/2025 10:27,2,7/3/2025 10:21,4,7/25/2025 11:37,,,,,,,,,,,,,,,,1.655,93.64,93.63599688,93.63599688,14.4,79.4,,,,
25Strath_AY1,5/8/2025,14,1123,16,5,,1140120123,,MN22071-4,42,MN16024-6/MN15005-4,2,,,,,2,7/30/2025 8:54,,,,,,,,,,3,7/30/2025 8:54,,,,,,,,,,,,124.54,124.54,124.54,,,,,,
25Was_AY1,1/1/2025,3,1123,23,4,,1030120123,,SY Valda,64,2015 AgriPro/Syngenta,2,16,,80,,0,7/17/2025 10:21,,,,,,,2,,,,,,,,,,,,,,,,64.84,64.84,64.84,,,,57.55,14.36,
25Beck_AY1,4/12/2025,9,1124,17,17,,1090120124,,CAG Recoil,9,2022 Champions Alliance Group Inc,2,,,,,,,,,,,,,,,,,,,,,,,,,,,,2.3,60.63,60.6263674,60.6263674,14.45,,,57.04,13.5,
25Ben_AY1,4/18/2025,16,1124,17,5,,1160120124,,SY Valda,64,2015 AgriPro/Syngenta,2,,,,,1,7/15/2025 11:37,,,,,,,,,,,,0,7/15/2025 11:37,,,,,,,,,3.6,95.47,95.47023704,95.47023704,13.93,,,,,
25Crk_AY1_Conv,4/24/2025,6,1124,22,15,,1060120124,,Dyna-Gro Ballistic,18,2018 Nutrien Ag Solutions,2,,,,,,,3,8/4/2025 18:02,,,,,,,,,,,,,,,,,,,,,105.03,105.03,105.03,,0,,,,
25Ferg_AY1,4/21/2025,10,1124,17,5,,1100120124,,CAG Ceres,8,2024 Champions Alliance Group Inc,2,,,,,0,7/28/2025 11:37,0,8/5/2025 17:40,,,,,,6,7/28/2025 11:37,,,1,7/15/2025 14:44,,,,,,,,,3.33,89.71,89.70536322,89.70536322,12.57,,,,,
25Hall_AY1,4/26/2025,15,1124,17,5,,1150120124,,MN21385-1,41,Linkert-gpcB1/MN-Washburn-A//MN13479-8,2,,,,,,,,,,,,,,,,,,,,,,,,,,,,4,101.86,101.8630197,101.8630197,17.35,,,,,
25Lamb_AY1conv,4/15/2025,4,1124,36,7,,1040120124,,PFS Rolls,61,2025 Peterson Farms Seed,2,14,,83.82,,,,,,,,,,0,,,,,,,,,,,4,7/17/2025 15:22,,,,73.17,64.75013149,64.75013149,,,,,,
25LeCen_AY1,4/11/2025,17,1124,17,5,,1170120124,,Dyna-Gro Ambush,17,2017 Nutrien Ag Solutions,2,,,,,0,7/4/2025 16:23,3,7/17/2025 9:12,,,,,,,,,,,,,,,,,,,,3.65,96.29,96.28951098,96.28951098,14.34,,,,,
25Oklee_AY1,4/26/2025,12,1124,28,5,,1120120124,nice,MN22406-1,52,MN16360/MN15320-1,2,,,,,0,7/30/2025 12:04,,,,,,,,,,,,,,,,,,,,,,3.49,89.93,89.92930165,89.92930165,16.37,,,,,
25Perl_AY1,4/21/2025,11,1124,17,5,,1110120124,,LCS Trigger,31,2016 Limagrain Cereal Seeds,2,,,,,0,7/28/2025 15:15,,,,,,,,,,,,2,7/28/2025 15:15,,,,,,,,,4.64,119.81,119.8052077,119.8052077,16.2,,,,,
25Ros_AY1conv,4/25/2025,7,1124,17,5,,1070120124,,WB9479,71,2017 WestBred,2,21,,68.58,,,,,,,,,,,9,7/29/2025 15:39,,,,,,,,,,,,,3.34,85.83,85.82745101,85.82745101,16.6,,,,,
25Steph_AY1,4/27/2025,13,1124,17,5,,1130120124,,ND Thresher,58,2023 NDSU,2,,,,,0,7/29/2025 9:37,,,,,,,,,,6,7/29/2025 9:37,,,,,,,,,,,4.14,109.75,109.7525046,109.7525046,13.96,,,,,
25StP_C-9_AY1-3_URN-PEv2,4/16/2025,1,1124,5,14,,1010120124,,CP3678,13,2024 Winfield Untied - Croplan,2,20,6/20/2025 11:12,80,,0,6/17/2025 15:01,5,6/27/2025 10:27,2,7/3/2025 10:21,3,7/25/2025 11:37,,,,,,,,,,,,,,,,1.22,69.35,69.34726821,69.34726821,14,78.1,,,,
25Strath_AY1,5/8/2025,14,1124,17,5,,1140120124,,MN21263-3,40,MN15332/MN-Washburn-A//MN-Rothsay,2,,,,,0,7/30/2025 8:54,,,,,,,,,,3,7/30/2025 8:54,,,,,,,,,,,,122.53,122.53,122.53,,,,,,
25Was_AY1,1/1/2025,3,1124,22,4,,1030120124,,LCS Boom,25,2023 Limagrain Cereal Seeds,2,13,,80,,0,7/17/2025 10:21,,,,,,,3,,,,,,,,,,,,,,,,48.92,48.92,48.92,,,,58.97,14.63,
25Beck_AY1,4/12/2025,9,1125,18,17,,1090120125,,PFS Rolls,61,2025 Peterson Farms Seed,2,,,,,,,,,,,,,,,,,,,,,,,,,,,,2.3,61.04,61.03739362,61.03739362,13.87,,,57.99,13.67,
25Ben_AY1,4/18/2025,16,1125,18,5,,1160120125,,Enhance-SD,21,2024 SD State University,2,,,,,0,7/15/2025 11:37,,,,,,,,,,,,2,7/15/2025 11:37,,,,,,,,,3.85,100.65,100.6528956,100.6528956,15.15,,,,,
25Crk_AY1_Conv,4/24/2025,6,1125,21,15,,1060120125,,PFS Rolls,61,2025 Peterson Farms Seed,2,,,,,,,3,8/4/2025 18:02,,,,,,,,,,,,,,,,,,,,,101.23,101.23,101.23,,0,,,,
25Ferg_AY1,4/21/2025,10,1125,18,5,,1100120125,,Dyna-Gro Ballistic,18,2018 Nutrien Ag Solutions,2,,,,,2,7/28/2025 11:37,2,8/5/2025 17:40,,,,,,7,7/28/2025 11:37,,,0,7/15/2025 14:44,,,,,,,,,3.86,102.57,102.5674952,102.5674952,13.76,,,,,
25Hall_AY1,4/26/2025,15,1125,18,5,,1150120125,,LCS Cannon,27,2018 Limagrain Cereal Seeds,2,,,,,,,,,,,,,,,,,,,,,,,,,,,,3.92,101.54,101.540854,101.540854,15.93,,,,,
25Lamb_AY1conv,4/15/2025,4,1125,37,7,,1040120125,,CAG Recoil,9,2022 Champions Alliance Group Inc,2,16,,76.2,,,,,,,,,,0,,,,,,,,,,,6,7/17/2025 15:22,,,,71.34,73.16585828,73.16585828,,,,,,
25LeCen_AY1,4/11/2025,17,1125,18,5,,1170120125,,NDHRS15-0006-C46,59,2025 NDSU,2,,,,,0,7/4/2025 16:24,0,7/17/2025 9:12,,,,,,,,,,,,,,,,,,,,3.26,85.87,85.8738437,85.8738437,12.49,,,,,
25Oklee_AY1,4/26/2025,12,1125,29,5,,1120120125,,AP Smith,5,2021 AgriPro/Syngenta,2,,,,,0,7/30/2025 12:04,,,,,,,,,,,,,,,,,,,,,,3.64,91.93,91.93270013,91.93270013,18.03,,,,,
25Perl_AY1,4/21/2025,11,1125,18,5,,1110120125,,Linkert,32,2013 MN,2,,,,,0,7/28/2025 15:15,,,,,,,,,,,,6,7/28/2025 15:15,,,,,,,,,3.75,98.82,98.82422948,98.82422948,14.47,,,,,
25Ros_AY1conv,4/25/2025,7,1125,18,5,,1070120125,,PFS Muffins,60,2026 Peterson Farms Seed,2,24,,78.74,,,,,,,,,,,6,7/29/2025 15:39,,,,,,,,,,,,,4.01,104.76,104.7617405,104.7617405,15.21,,,,,
25Steph_AY1,4/27/2025,13,1125,18,5,,1130120125,,LCS Rimfire,30,2025 Limagrain Cereal Seeds,2,,,,,1,7/29/2025 9:37,,,,,,,,,,7,7/29/2025 9:38,,,,,,,,,,,5,132.4,132.3972763,132.3972763,14.06,,,,,
25StP_C-9_AY1-3_URN-PEv2,4/16/2025,1,1125,6,14,,1010120125,,ND Thresher,58,2023 NDSU,2,20,6/20/2025 11:12,79.33333333,,0,6/17/2025 15:01,5,6/27/2025 10:27,3,7/3/2025 10:21,3,7/25/2025 11:38,,,,,,,,,,,,,,,,1.08,61.6,61.60353399,61.60353399,13.7,-,,,,
25Strath_AY1,5/8/2025,14,1125,18,5,,1140120125,,AP Iconic,3,2025 AgriPro/Syngenta,2,,,,,5,7/30/2025 8:54,,,,,,,,,,8,7/30/2025 8:54,,,,,,,,,,,,118.66,118.66,118.66,,,,,,
25Was_AY1,1/1/2025,3,1125,21,4,,1030120125,,WB9590,72,2017 WestBred,2,12,,75,,0,7/17/2025 10:21,,,,,,,2,,,,,,,,,,,,,,,,64.47,64.47,64.47,,,,57.07,15.28,
25Beck_AY1,4/12/2025,9,1126,19,17,,1090120126,,Dyna-Gro Commander,19,2019 Nutrien Ag Solutions,2,,,,,,,,,,,,,,,,,,,,,,,,,,,,2.36,61.81,61.80799075,61.80799075,15,,,59.1,14.7,
25Ben_AY1,4/18/2025,16,1126,19,5,,1160120126,,MN22429-2,53,MN16396/MN14227-4,2,,,,,0,7/15/2025 11:37,,,,,,,,,,,,1,7/15/2025 11:38,,,,,,,,,4.06,108.06,108.0570061,108.0570061,13.62,,,,,
25Crk_AY1_Conv,4/24/2025,6,1126,20,15,,1060120126,,MN22314-2,47,MN15482-4/MN10201-4-A,2,,,,,,,3,8/4/2025 18:02,,,,,,,,,,,,,,,,,,,,,98.02,98.02,98.02,,0,,,,
25Ferg_AY1,4/21/2025,10,1126,19,5,,1100120126,,TW Olympic,69,2022 Thunder Seed,2,,,,,0,7/28/2025 11:37,1,8/5/2025 17:40,,,,,,7,7/28/2025 11:37,,,1,7/15/2025 14:44,,,,,,,,,3.53,94.17,94.16857185,94.16857185,13.42,,,,,
25Hall_AY1,4/26/2025,15,1126,19,5,,1150120126,,CP3915,14,2019 Winfield Untied - Croplan,2,,,,,,,,,,,,,,,,,,,,,,,,,,,,4.09,103.56,103.562647,103.562647,17.82,,,,,
25Lamb_AY1conv,4/15/2025,4,1126,38,7,,1040120126,,Dyna-Gro 8582,16,2024 Nutrien Ag Solutions,2,13,,78.74,,,,,,,,,,0,,,,,,,,,,,3,7/17/2025 15:22,,,,63.43,71.34480055,71.34480055,,,,,,
25LeCen_AY1,4/11/2025,17,1126,19,5,,1170120126,,TW Olympic,69,2022 Thunder Seed,2,,,,,0,7/4/2025 16:24,0,7/17/2025 9:12,,,,,,,,,,,,,,,,,,,,3.43,90.42,90.42190913,90.42190913,13.98,,,,,
25Oklee_AY1,4/26/2025,12,1126,30,5,,1120120126,,Brawn-SD,7,2022 SD State University,2,,,,,3,7/30/2025 12:05,,,,,,,,,,,,,,,,,,,,,,3.78,94.61,94.60671224,94.60671224,18.77,,,,,
25Perl_AY1,4/21/2025,11,1126,19,5,,1110120126,,MN-Torgy,35,2020 MN,2,,,,,0,7/28/2025 15:15,,,,,,,,,,,,6,7/28/2025 15:15,,,,,,,,,4.27,110.7,110.6990974,110.6990974,15.86,,,,,
25Ros_AY1conv,4/25/2025,7,1126,19,5,,1070120126,,MN22322-2,48,MN15005/MN14223-5,2,23,,78.74,,,,,,,,,,,7,7/29/2025 15:39,,,,,,,,,,,,,3.6,90.78,90.77825258,90.77825258,18.16,,,,,
25Steph_AY1,4/27/2025,13,1126,19,5,,1130120126,,MN22154-1,44,BW980/MN10201-4-A//MN15005,2,,,,,2,7/29/2025 9:38,,,,,,,,,,4,7/29/2025 9:38,,,,,,,,,,,4.6,120.26,120.2606025,120.2606025,15.15,,,,,
25StP_C-9_AY1-3_URN-PEv2,4/16/2025,1,1126,7,14,,1010120126,,CAG Recoil,9,2022 Champions Alliance Group Inc,2,21,6/23/2025 12:14,84.33333333,,0,6/17/2025 15:01,1,6/27/2025 10:27,1,7/3/2025 10:22,0,7/25/2025 11:38,,,,,,,,,,,,,,,,1.385,79.37,79.36699669,79.36699669,13.3,78.4,,,,
25Strath_AY1,5/8/2025,14,1126,19,5,,1140120126,,Enhance-SD,21,2024 SD State University,2,,,,,2,7/30/2025 8:54,,,,,,,,,,7,7/30/2025 8:55,,,,,,,,,,,,125.13,125.13,125.13,,,,,,
25Was_AY1,1/1/2025,3,1126,20,4,,1030120126,,ND Thresher,58,2023 NDSU,2,20,,80,,0,7/17/2025 10:21,,,,,,,3,,,,,,,,,,,,,,,,51.42,51.42,51.42,,,,57.31,15.55,
25Beck_AY1,4/12/2025,9,1127,19,18,,1090120127,,MN21172-3,39,Bolles/MN-Rothsay,2,,,,,,,,,,,,,,,,,,,,,,,,,,,,1.34,35.71,35.71368,35.71368,13.5,,,56.57,15.76,
25Ben_AY1,4/18/2025,16,1127,20,5,,1160120127,,MN22342-2,50,MN16024-6/MN15119-2,2,,,,,0,7/15/2025 11:38,,,,,,,,,,,,0,7/15/2025 11:38,,,,,,,,,3.34,88.19,88.1943951,88.1943951,14.3,,,,,
25Crk_AY1_Conv,4/24/2025,6,1127,19,15,,1060120127,,MN22322-2,48,MN15005/MN14223-5,2,,,,,,,3,8/4/2025 18:01,,,,,,,,,,,,,,,,,,,,,91.22,91.22,91.22,,0,,,,
25Ferg_AY1,4/21/2025,10,1127,20,5,,1100120127,,TW Trailfire,70,2024 Thunder Seed,2,,,,,2,7/28/2025 11:38,3,8/5/2025 17:40,,,,,,7,7/28/2025 11:38,,,3,7/15/2025 14:44,,,,,,,,,3,81.13,81.12992046,81.12992046,12.23,,,,,
25Hall_AY1,4/26/2025,15,1127,20,5,,1150120127,,TCG-Wildcat,67,2020 21st Century Genetics,2,,,,,,,,,,,,,,,,,,,,,,,,,,,,4.32,106.22,106.2185419,106.2185419,20.2,,,,,
25Lamb_AY1conv,4/15/2025,4,1127,38,8,,1040120127,,MN21385-1,41,Linkert-gpcB1/MN-Washburn-A//MN13479-8,2,13,,73.66,,,,,,,,,,0,,,,,,,,,,,6,7/17/2025 15:22,,,,56.3,63.43270677,63.43270677,,,,,,
25LeCen_AY1,4/11/2025,17,1127,20,5,,1170120127,nice,MN22322-2,48,MN15005/MN14223-5,2,,,,,0,7/4/2025 16:24,0,7/17/2025 9:12,,,,,,,,,,,,,,,,,,,,3.48,91.75,91.75000046,91.75000046,13.59,,,,,
25Oklee_AY1,4/26/2025,12,1127,31,5,,1120120127,Late,LCS Trigger,31,2016 Limagrain Cereal Seeds,2,,,,,0,7/30/2025 12:05,,,,,,,,,,,,,,,,,,,,,,3.98,99.02,99.02373434,99.02373434,19.25,,,,,
25Perl_AY1,4/21/2025,11,1127,20,5,,1110120127,,MN22314-2,47,MN15482-4/MN10201-4-A,2,,,,,0,7/28/2025 15:15,,,,,,,,,,,,4,7/28/2025 15:16,,,,,,,,,4.12,108.57,108.5748868,108.5748868,14.47,,,,,
25Ros_AY1conv,4/25/2025,7,1127,20,5,,1070120127,,Shelly,62,2016 MN,2,24,,78.74,,,,,,,,,,,8,7/29/2025 15:39,,,,,,,,,,,,,3.6,92.09,92.08712768,92.08712768,16.98,,,,,
25Steph_AY1,4/27/2025,13,1127,20,5,,1130120127,,MN22314-2,47,MN15482-4/MN10201-4-A,2,,,,,1,7/29/2025 9:38,,,,,,,,,,5,7/29/2025 9:38,,,,,,,,,,,4.7,123.71,123.7148866,123.7148866,14.57,,,,,
25StP_C-9_AY1-3_URN-PEv2,4/16/2025,1,1127,8,14,,1010120127,Nice Color (harvest)|nice,MN22131-3,43,MN15482-4/MN15005-4,2,18,6/18/2025 13:31,78.33333333,,0,6/17/2025 15:02,1,6/27/2025 10:27,0,7/3/2025 10:22,0,7/25/2025 11:38,,,,,,,,,,,,,,,,1.47,84.24,84.2378954,84.2378954,13.3,79.4,,,,
25Strath_AY1,5/8/2025,14,1127,20,5,,1140120127,,LCS Rimfire,30,2025 Limagrain Cereal Seeds,2,,,,,5,7/30/2025 8:55,,,,,,,,,,5,7/30/2025 8:55,,,,,,,,,,,,122.74,122.74,122.74,,,,,,
25Was_AY1,1/1/2025,3,1127,19,4,,1030120127,,AP Iconic,3,2025 AgriPro/Syngenta,2,17,,80,,0,7/17/2025 10:21,,,,,,,2,,,,,,,,,,,,,,,,62.63,62.63,62.63,,,,58.33,14.87,
25Beck_AY1,4/12/2025,9,1128,18,18,,1090120128,,MN22429-2,53,MN16396/MN14227-4,2,,,,,,,,,,,,,,,,,,,,,,,,,,,,1.78,47.44,47.44056,47.44056,13.5,,,58.09,14.04,
25Ben_AY1,4/18/2025,16,1128,21,5,,1160120128,,MS Nova,56,"2023 Meridian Seeds, LLC",2,,,,,0,7/15/2025 11:38,,,,,,,,,,,,0,7/15/2025 11:38,,,,,,,,,3.46,91.54,91.5442896,91.5442896,14.13,,,,,
25Crk_AY1_Conv,4/24/2025,6,1128,18,15,,1060120128,,MN22071-4,42,MN16024-6/MN15005-4,2,,,,,,,3,8/4/2025 18:01,,,,,,,,,,,,,,,,,,,,,95.81,95.81,95.81,,0,,,,
25Ferg_AY1,4/21/2025,10,1128,21,5,,1100120128,,PFS Muffins,60,2026 Peterson Farms Seed,2,,,,,1,7/28/2025 11:38,2,8/5/2025 17:40,,,,,,6,7/28/2025 11:38,,,2,7/15/2025 14:44,,,,,,,,,3.38,92.85,92.8539658,92.8539658,10.84,,,,,
25Hall_AY1,4/26/2025,15,1128,21,5,,1150120128,,MN22429-2,53,MN16396/MN14227-4,2,,,,,,,,,,,,,,,,,,,,,,,,,,,,4.26,111.78,111.7786729,111.7786729,14.84,,,,,
25Lamb_AY1conv,4/15/2025,4,1128,37,8,,1040120128,,Driver,15,2019 SD State University,2,14,,83.82,,,,,,,,,,0,,,,,,,,,,,3,7/17/2025 15:22,,,,56.23,56.2992233,56.2992233,,,,,,
25LeCen_AY1,4/11/2025,17,1128,21,5,,1170120128,,MN22342-2,50,MN16024-6/MN15119-2,2,,,,,0,7/4/2025 16:24,0,7/17/2025 9:12,,,,,,,,,,,,,,,,,,,,3,78.94,78.93796532,78.93796532,11.94,,,,,
25Oklee_AY1,4/26/2025,12,1128,32,5,,1120120128,,AP Murdock,4,2020 AgriPro/Syngenta,2,,,,,0,7/30/2025 12:05,,,,,,,,,,,,,,,,,,,,,,3.85,99.89,99.89369875,99.89369875,15.79,,,,,
25Perl_AY1,4/21/2025,11,1128,21,5,,1110120128,,AP Smith,5,2021 AgriPro/Syngenta,2,,,,,0,7/28/2025 15:16,,,,,,,,,,,,6,7/28/2025 15:16,,,,,,,,,3.69,95.97,95.96966163,95.96966163,15.59,,,,,
25Ros_AY1conv,4/25/2025,7,1128,21,5,,1070120128,,MS Nova,56,"2023 Meridian Seeds, LLC",2,21,,73.66,,,,,,,,,,,8,7/29/2025 15:39,,,,,,,,,,,,,3.38,85.97,85.97010853,85.97010853,17.45,,,,,
25Steph_AY1,4/27/2025,13,1128,21,5,,1130120128,,CP3915,14,2019 Winfield Untied - Croplan,2,,,,,0,7/29/2025 9:38,,,,,,,,,,5,7/29/2025 9:38,,,,,,,,,,,4.6,119.74,119.7361898,119.7361898,15.52,,,,,
25StP_C-9_AY1-3_URN-PEv2,4/16/2025,1,1128,9,14,,1010120128,Nice Color (harvest),TCG-Zelda,68,2023 21st Century Genetics,2,16,6/16/2025 11:28,82,,0,6/17/2025 15:02,2,6/27/2025 10:28,1,7/3/2025 10:22,1,7/25/2025 11:38,,,,,,,,,,,,,,,,1.595,91.93,91.92809237,91.92809237,12.8,83.4,,,,
25Strath_AY1,5/8/2025,14,1128,21,5,,1140120128,,AP Smith,5,2021 AgriPro/Syngenta,2,,,,,1,7/30/2025 8:55,,,,,,,,,,6,7/30/2025 8:55,,,,,,,,,,,,110.31,110.31,110.31,,,,,,
25Was_AY1,1/1/2025,3,1128,18,4,,1030120128,,MN21168-1,38,10FAR-3134-1/MN14223-5,2,12,,70,,0,7/17/2025 10:21,,,,,,,3,,,,,,,,,,,,,,,,56.94,56.94,56.94,,,,59.34,14.17,
25Beck_AY1,4/12/2025,9,1129,17,18,,1090120129,,TCG-Zelda,68,2023 21st Century Genetics,2,,,,,,,,,,,,,,,,,,,,,,,,,,,,2.62,67.75,67.75357437,67.75357437,16.07,,,59.45,13.06,
25Ben_AY1,4/18/2025,16,1129,22,5,,1160120129,,MS Cobra,55,"2022 Meridian Seeds, LLC",2,,,,,0,7/15/2025 11:38,,,,,,,,,,,,1,7/15/2025 11:38,,,,,,,,,3.27,86.28,86.27548191,86.27548191,14.37,,,,,
25Crk_AY1_Conv,4/24/2025,6,1129,17,15,,1060120129,,Ascend-SD,6,2021 SD State University,2,,,,,,,3,8/4/2025 18:01,,,,,,,,,,,,,,,,,,,,,109.67,109.67,109.67,,0,,,,
25Ferg_AY1,4/21/2025,10,1129,22,5,,1100120129,,LCS Cannon,27,2018 Limagrain Cereal Seeds,2,,,,,0,7/28/2025 11:38,0,8/5/2025 17:40,,,,,,9,7/28/2025 11:38,,,2,7/15/2025 14:44,,,,,,,,,3.05,82,82.00281198,82.00281198,12.74,,,,,
25Hall_AY1,4/26/2025,15,1129,22,5,,1150120129,,LCS Hammer AX,29,2022 Limagrain Cereal Seeds,2,,,,,,,,,,,,,,,,,,,,,,,,,,,,4.26,108.22,108.2216014,108.2216014,17.55,,,,,
25Lamb_AY1conv,4/15/2025,4,1129,36,8,,1040120129,,TW Olympic,69,2022 Thunder Seed,2,15,,81.28,,,,,,,,,,0,,,,,,,,,,,2,7/17/2025 15:22,,,,65.58,,,,,,,,
25LeCen_AY1,4/11/2025,17,1129,22,5,,1170120129,,PFS Rolls,61,2025 Peterson Farms Seed,2,,,,,0,7/4/2025 16:24,1,7/17/2025 9:12,,,,,,,,,,,,,,,,,,,,3.62,95.46,95.4635926,95.4635926,12.06,,,,,
25Oklee_AY1,4/26/2025,12,1129,33,5,,1120120129,,TCG-Badlands,66,2023 21st Century Genetics,2,,,,,0,7/30/2025 12:05,,,,,,,,,,,,,,,,,,,,,,4.16,105.59,105.591465,105.591465,17.62,,,,,
25Perl_AY1,4/21/2025,11,1129,22,5,,1110120129,,MN22429-2,53,MN16396/MN14227-4,2,,,,,0,7/28/2025 15:16,,,,,,,,,,,,8,7/28/2025 15:16,,,,,,,,,3.56,94.78,94.78239976,94.78239976,13.59,,,,,
25Ros_AY1conv,4/25/2025,7,1129,22,5,,1070120129,,MN21089-4,36,MN14223-5/MN-Rothsay,2,21,,86.36,,,,,,,,,,,7,7/29/2025 15:40,,,,,,,,,,,,,3.9,97.61,97.61009993,97.61009993,18.77,,,,,
25Steph_AY1,4/27/2025,13,1129,22,5,,1130120129,,MN22227-1,46,MN15413-2/MN10201-4-A//Linkert-gpcB1/MN13288-1-1/3/MN15482-4/Shelly//MN15482-4/MN10261-1,2,,,,,1,7/29/2025 9:38,,,,,,,,,,7,7/29/2025 9:38,,,,,,,,,,,4.53,120.61,120.6079413,120.6079413,13.59,,,,,
25StP_C-9_AY1-3_URN-PEv2,4/16/2025,1,1129,10,14,,1010120129,Nice Color (harvest)|nice,MN22322-2,48,MN15005/MN14223-5,2,18,6/18/2025 13:31,81.33333333,,0,6/17/2025 15:02,0,6/27/2025 10:28,0,7/3/2025 10:22,0,7/25/2025 11:38,,,,,,,,,,,,,,,,1.51,87.03,87.02910312,87.02910312,12.8,81.3,,,,
25Strath_AY1,5/8/2025,14,1129,22,5,,1140120129,,SY 611 CL2,63,2019 AgriPro/Syngenta,2,,,,,1,7/30/2025 8:55,,,,,,,,,,6,7/30/2025 8:55,,,,,,,,,,,,113.16,113.16,113.16,,,,,,
25Was_AY1,1/1/2025,3,1129,17,4,,1030120129,,Enhance-SD,21,2024 SD State University,2,12,,75,,0,7/17/2025 10:21,,,,,,,3,,,,,,,,,,,,,,,,58.2,58.2,58.2,,,,56.44,15.04,
25Beck_AY1,4/12/2025,9,1130,16,18,,1090120130,,LCS Rimfire,30,2025 Limagrain Cereal Seeds,2,,,,,,,,,,,,,,,,,,,,,,,,,,,,2.58,67.59,67.59360075,67.59360075,14.97,,,57.56,13.11,
25Ben_AY1,4/18/2025,16,1130,23,5,,1160120130,,PFS Rolls,61,2025 Peterson Farms Seed,2,,,,,0,7/15/2025 11:38,,,,,,,,,,,,4,7/15/2025 11:38,,,,,,,,,3.28,90.41,90.4099928,90.4099928,10.54,,,,,
25Crk_AY1_Conv,4/24/2025,6,1130,16,15,,1060120130,dry,CP3530,11,2022 Winfield Untied - Croplan,2,,,,,,,3,8/4/2025 18:01,,,,,,,,,,,,,,,,,,,,,81.94,81.94,81.94,,0,,,,
25Ferg_AY1,4/21/2025,10,1130,23,5,,1100120130,,Dyna-Gro 8582,16,2024 Nutrien Ag Solutions,2,,,,,0,7/28/2025 11:38,0,8/5/2025 17:40,,,,,,6,7/28/2025 11:38,,,1,7/15/2025 14:44,,,,,,,,,3.64,98.74,98.74045285,98.74045285,11.96,,,,,
25Hall_AY1,4/26/2025,15,1130,23,5,,1150120130,,MN21090-4,37,MN14223-5/MN-Rothsay,2,,,,,,,,,,,,,,,,,,,,,,,,,,,,5.06,127.42,127.4223801,127.4223801,18.27,,,,,
25Lamb_AY1conv,4/15/2025,4,1130,35,8,,1040120130,,AP Smith,5,2021 AgriPro/Syngenta,2,15,,83.82,,,,,,,,,,0,,,,,,,,,,,2,7/17/2025 15:23,,,,60.86,65.5764153,65.5764153,,,,,,
25LeCen_AY1,4/11/2025,17,1130,23,5,,1170120130,,TW Trailfire,70,2024 Thunder Seed,2,,,,,0,7/4/2025 16:24,6,7/17/2025 9:12,,,,,,,,,,,,,,,,,,,,3.36,88.54,88.53858127,88.53858127,12.45,,,,,
25Oklee_AY1,4/26/2025,12,1130,34,5,,1120120130,,CP3555,12,2024 Winfield Untied - Croplan,2,,,,,1,7/30/2025 12:05,,,,,,,,,,,,,,,,,,,,,,4.61,117.44,117.4397425,117.4397425,17.32,,,,,
25Perl_AY1,4/21/2025,11,1130,23,5,,1110120130,,TW Olympic,69,2022 Thunder Seed,2,,,,,0,7/28/2025 15:16,,,,,,,,,,,,7,7/28/2025 15:16,,,,,,,,,3.85,99.78,99.77507424,99.77507424,15.89,,,,,
25Ros_AY1conv,4/25/2025,7,1130,23,5,,1070120130,,MN21090-4,37,MN14223-5/MN-Rothsay,2,22,,78.74,,,,,,,,,,,6,7/29/2025 15:40,,,,,,,,,,,,,4.29,110.28,110.279105,110.279105,16.57,,,,,
25Steph_AY1,4/27/2025,13,1130,23,5,,1130120130,,Ascend-SD,6,2021 SD State University,2,,,,,3,7/29/2025 9:38,,,,,,,,,,8,7/29/2025 9:38,,,,,,,,,,,4.49,117.99,117.9935187,117.9935187,14.71,,,,,
25StP_C-9_AY1-3_URN-PEv2,4/16/2025,1,1130,11,14,,1010120130,,PFS Rolls,61,2025 Peterson Farms Seed,2,18,6/18/2025 13:32,86.33333333,,0,6/17/2025 15:02,3,6/27/2025 10:28,2,7/3/2025 10:22,2,7/25/2025 11:38,,,,,,,,,,,,,,,,1.215,69.87,69.86611691,69.86611691,13,76.6,,,,
25Strath_AY1,5/8/2025,14,1130,23,5,,1140120130,,CP3678,13,2024 Winfield Untied - Croplan,2,,,,,2,7/30/2025 8:55,,,,,,,,,,6,7/30/2025 8:55,,,,,,,,,,,,99.63,99.63,99.63,,,,,,
25Was_AY1,1/1/2025,3,1130,16,4,,1030120130,,Glenn,22,long term check,2,11,,80,,0,7/17/2025 10:21,,,,,,,4,,,,,,,,,,,,,,,,46.37,46.37,46.37,,,,59.86,15.53,
25Beck_AY1,4/12/2025,9,1131,15,18,,1090120131,,WB9590,72,2017 WestBred,2,,,,,,,,,,,,,,,,,,,,,,,,,,,,2.34,60.91,60.90927915,60.90927915,15.52,,,58.97,13.85,
25Ben_AY1,4/18/2025,16,1131,24,5,,1160120131,,Driver,15,2019 SD State University,2,,,,,0,7/15/2025 11:38,,,,,,,,,,,,4,7/15/2025 11:39,,,,,,,,,2.96,80.45,80.44947796,80.44947796,11.79,,,,,
25Crk_AY1_Conv,4/24/2025,6,1131,15,15,,1060120131,,AP Murdock,4,2020 AgriPro/Syngenta,2,,,,,,,3,8/4/2025 18:01,,,,,,,,,,,,,,,,,,,,,108.4,108.4,108.4,,0,,,,
25Ferg_AY1,4/21/2025,10,1131,24,5,,1100120131,,WB9590,72,2017 WestBred,2,,,,,0,7/28/2025 11:38,0,8/5/2025 17:40,,,,,,8,7/28/2025 11:38,,,4,7/15/2025 14:44,,,,,,,,,3.14,85.27,85.27395213,85.27395213,11.86,,,,,
25Hall_AY1,4/26/2025,15,1131,24,5,,1150120131,,TCG-Zelda,68,2023 21st Century Genetics,2,,,,,,,,,,,,,,,,,,,,,,,,,,,,4.9,121.05,121.0530759,121.0530759,19.82,,,,,
25Lamb_AY1conv,4/15/2025,4,1131,34,8,,1040120131,,MN22314-2,47,MN15482-4/MN10201-4-A,2,15,,81.28,,,,,,,,,,0,,,,,,,,,,,6,7/17/2025 15:23,,,,56.41,60.86274554,60.86274554,,,,,,
25LeCen_AY1,4/11/2025,17,1131,24,5,,1170120131,,LCS Cannon,27,2018 Limagrain Cereal Seeds,2,,,,,0,7/4/2025 16:24,1,7/17/2025 9:12,,,,,,,,,,,,,,,,,,,,3.4,89.62,89.61737803,89.61737803,13.55,,,,,
25Oklee_AY1,4/26/2025,12,1131,35,5,,1120120131,,MN21385-1,41,Linkert-gpcB1/MN-Washburn-A//MN13479-8,2,,,,,0,7/30/2025 12:05,,,,,,,,,,,,,,,,,,,,,,4.06,103,103.0031706,103.0031706,17.66,,,,,
25Perl_AY1,4/21/2025,11,1131,24,5,,1110120131,,CAG Recoil,9,2022 Champions Alliance Group Inc,2,,,,,0,7/28/2025 15:16,,,,,,,,,,,,9,7/28/2025 15:16,,,,,,,,,3.21,85.73,85.7309492,85.7309492,13.32,,,,,
25Ros_AY1conv,4/25/2025,7,1131,24,5,,1070120131,,MN22071-4,42,MN16024-6/MN15005-4,2,22,,81.28,,,,,,,,,,,5,7/29/2025 15:40,,,,,,,,,,,,,4.17,105.28,105.2799601,105.2799601,18.06,,,,,
25Steph_AY1,4/27/2025,13,1131,24,5,,1130120131,,Dyna-Gro Ballistic,18,2018 Nutrien Ag Solutions,2,,,,,0,7/29/2025 9:38,,,,,,,,,,7,7/29/2025 9:38,,,,,,,,,,,4.22,110.64,110.6380905,110.6380905,14.91,,,,,
25StP_C-9_AY1-3_URN-PEv2,4/16/2025,1,1131,11,15,,1010120131,,TCG-Badlands,66,2023 21st Century Genetics,2,16,6/16/2025 11:29,83.66666667,,0,6/17/2025 15:04,7,6/27/2025 10:30,4,7/3/2025 10:26,5,7/25/2025 11:40,,,,,,,,,,,,,,,,1.115,63.89,63.89473019,63.89473019,13.3,78.3,,,,
25Strath_AY1,5/8/2025,14,1131,24,5,,1140120131,,CAG Ceres,8,2024 Champions Alliance Group Inc,2,,,,,0,7/30/2025 8:55,,,,,,,,,,5,7/30/2025 8:55,,,,,,,,,,,,111.41,111.41,111.41,,,,,,
25Was_AY1,1/1/2025,3,1131,15,4,,1030120131,,CAG Recoil,9,2022 Champions Alliance Group Inc,2,24,,70,,0,7/17/2025 10:21,,,,,,,3,,,,,,,,,,,,,,,,61.26,61.26,61.26,,,,57.99,15.24,
25Beck_AY1,4/12/2025,9,1132,14,18,,1090120132,,AP Dagr,1,2025 AgriPro/Syngenta,2,,,,,,,,,,,,,,,,,,,,,,,,,,,,2.48,63.66,63.65939581,63.65939581,16.69,,,58.43,11.85,
25Ben_AY1,4/18/2025,16,1132,25,5,,1160120132,,AP Elevate,2,2024 AgriPro/Syngenta,2,,,,,0,7/15/2025 11:39,,,,,,,,,,,,2,7/15/2025 11:39,,,,,,,,,3.53,94.83,94.83203718,94.83203718,12.81,,,,,
25Crk_AY1_Conv,4/24/2025,6,1132,14,15,,1060120132,,TCG-Zelda,68,2023 21st Century Genetics,2,,,,,,,3,8/4/2025 18:01,,,,,,,,,,,,,,,,,,,,,102.05,102.05,102.05,,0,,,,
25Ferg_AY1,4/21/2025,10,1132,25,5,,1100120132,,MS Cobra,55,"2022 Meridian Seeds, LLC",2,,,,,0,7/28/2025 11:38,1,8/5/2025 17:40,,,,,,7,7/28/2025 11:38,,,2,7/15/2025 14:44,,,,,,,,,3.2,87.11,87.11044439,87.11044439,11.65,,,,,
25Hall_AY1,4/26/2025,15,1132,25,5,,1150120132,better leaves,MN22131-3,43,MN15482-4/MN15005-4,2,,,,,,,,,,,,,,,,,,,,,,,,,,,,4.94,119.82,119.8190113,119.8190113,21.28,,,,,
25Lamb_AY1conv,4/15/2025,4,1132,33,8,,1040120132,,AP Elevate,2,2024 AgriPro/Syngenta,2,16,,88.9,,,,,,,,,,0,,,,,,,,,,,4,7/17/2025 15:23,,,,65.34,56.40755309,56.40755309,,,,,,
25LeCen_AY1,4/11/2025,17,1132,25,5,,1170120132,,Dyna-Gro Commander,19,2019 Nutrien Ag Solutions,2,,,,,0,7/4/2025 16:24,1,7/17/2025 9:12,,,,,,,,,,,,,,,,,,,,3.7,97.61,97.61482775,97.61482775,13.71,,,,,
25Oklee_AY1,4/26/2025,12,1132,36,5,,1120120132,,TW Olympic,69,2022 Thunder Seed,2,,,,,0,7/30/2025 12:05,,,,,,,,,,,,,,,,,,,,,,4.27,110.3,110.3044013,110.3044013,16.16,,,,,
25Perl_AY1,4/21/2025,11,1132,25,5,,1110120132,,Dyna-Gro 8582,16,2024 Nutrien Ag Solutions,2,,,,,0,7/28/2025 15:16,,,,,,,,,,,,8,7/28/2025 15:16,,,,,,,,,3.64,95.59,95.58892317,95.58892317,14.77,,,,,
25Ros_AY1conv,4/25/2025,7,1132,25,5,,1070120132,,LCS Boom,25,2023 Limagrain Cereal Seeds,2,20,,73.66,,,,,,,,,,,9,7/29/2025 15:40,,,,,,,,,,,,,3.57,90.62,90.61575241,90.61575241,17.62,,,,,
25Steph_AY1,4/27/2025,13,1132,25,5,,1130120132,,Dyna-Gro Rocker,20,2023 Nutrien Ag Solutions,2,,,,,4,7/29/2025 9:39,,,,,,,,,,6,7/29/2025 9:39,,,,,,,,,,,4.85,125.94,125.9447193,125.9447193,15.72,,,,,
25StP_C-9_AY1-3_URN-PEv2,4/16/2025,1,1132,10,15,,1010120132,,CP3099A,10,2020 Winfield Untied - Croplan,2,21,6/23/2025 12:14,96.33333333,,0,6/17/2025 15:04,2,6/27/2025 10:30,1,7/3/2025 10:26,0,7/25/2025 11:40,,,,,,,,,,,,,,,,0.965,55.04,55.04389842,55.04389842,13.7,-,,,,
25Strath_AY1,5/8/2025,14,1132,25,5,,1140120132,,CAG Recoil,9,2022 Champions Alliance Group Inc,2,,,,,0,7/30/2025 8:55,,,,,,,,,,4,7/30/2025 8:55,,,,,,,,,,,,103.63,103.63,103.63,,,,,,
25Was_AY1,1/1/2025,3,1132,14,4,,1030120132,,TW Olympic,69,2022 Thunder Seed,2,17,,75,,0,7/17/2025 10:21,,,,,,,2,,,,,,,,,,,,,,,,53.86,53.86,53.86,,,,59.29,15.02,
25Beck_AY1,4/12/2025,9,1133,13,18,,1090120133,,LCS Cannon,27,2018 Limagrain Cereal Seeds,2,,,,,,,,,,,,,,,,,,,,,,,,,,,,2.12,56.5,56.50224,56.50224,13.5,,,,,
25Ben_AY1,4/18/2025,16,1133,26,5,,1160120133,,AP Iconic,3,2025 AgriPro/Syngenta,2,,,,,0,7/15/2025 11:39,,,,,,,,,,,,2,7/15/2025 11:39,,,,,,,,,3.78,102.9,102.8992124,102.8992124,11.65,,,,,
25Crk_AY1_Conv,4/24/2025,6,1133,13,15,,1060120133,,SY 611 CL2,63,2019 AgriPro/Syngenta,2,,,,,,,2,8/4/2025 18:01,,,,,,,,,,,,,,,,,,,,,102.83,102.83,102.83,,0,,,,
25Ferg_AY1,4/21/2025,10,1133,26,5,,1100120133,,TCG-Arsenal,65,2024 21st Century Genetics,2,,,,,0,7/28/2025 11:38,0,8/5/2025 17:40,,,,,,6,7/28/2025 11:39,,,2,7/15/2025 14:44,,,,,,,,,3.16,86.05,86.0507732,86.0507732,11.62,,,,,
25Hall_AY1,4/26/2025,15,1133,26,5,,1150120133,,Linkert,32,2013 MN,2,,,,,,,,,,,,,,,,,,,,,,,,,,,,3.94,101.4,101.4033728,101.4033728,16.47,,,,,
25Lamb_AY1conv,4/15/2025,4,1133,32,8,,1040120133,,CP3099A,10,2020 Winfield Untied - Croplan,2,17,,76.2,,,,,,,,,,0,,,,,,,,,,,2,7/17/2025 15:23,,,,63.18,65.3389559,65.3389559,,,,,,
25LeCen_AY1,4/11/2025,17,1133,26,5,,1170120133,,MS Cobra,55,"2022 Meridian Seeds, LLC",2,,,,,0,7/4/2025 16:24,3,7/17/2025 9:13,,,,,,,,,,,,,,,,,,,,2.84,74.69,74.69318289,74.69318289,13.63,,,,,
25Oklee_AY1,4/26/2025,12,1133,37,5,,1120120133,nice,MN22154-1,44,BW980/MN10201-4-A//MN15005,2,,,,,0,7/30/2025 12:06,,,,,,,,,,,,,,,,,,,,,,3.96,102.21,102.2109438,102.2109438,16.23,,,,,
25Perl_AY1,4/21/2025,11,1133,26,5,,1110120133,,CAG Ceres,8,2024 Champions Alliance Group Inc,2,,,,,0,7/28/2025 15:16,,,,,,,,,,,,7,7/28/2025 15:16,,,,,,,,,3.61,95.81,95.81329296,95.81329296,13.86,,,,,
25Ros_AY1conv,4/25/2025,7,1133,26,5,,1070120133,,LCS Dual,28,2021 Limagrain Cereal Seeds,2,21,,83.82,,,,,,,,,,,7,7/29/2025 15:40,,,,,,,,,,,,,4.16,106.98,106.9757668,106.9757668,16.54,,,,,
25Steph_AY1,4/27/2025,13,1133,26,5,,1130120133,,LCS Boom,25,2023 Limagrain Cereal Seeds,2,,,,,1,7/29/2025 9:39,,,,,,,,,,7,7/29/2025 9:39,,,,,,,,,,,4.16,109.19,109.1932132,109.1932132,14.81,,,,,
25StP_C-9_AY1-3_URN-PEv2,4/16/2025,1,1133,9,15,,1010120133,,TW Olympic,69,2022 Thunder Seed,2,18,6/18/2025 13:36,90.33333333,,0,6/17/2025 15:04,5,6/27/2025 10:30,2,7/3/2025 10:26,3,7/25/2025 11:40,,,,,,,,,,,,,,,,1.405,80.7,80.69881851,80.69881851,13.1,80.9,,,,
25Strath_AY1,5/8/2025,14,1133,26,5,,1140120133,,MS Charger,54,"2023 Meridian Seeds, LLC",2,,,,,4,7/30/2025 8:55,,,,,,,,,,7,7/30/2025 8:56,,,,,,,,,,,,115.56,115.56,115.56,,,,,,
25Was_AY1,1/1/2025,3,1133,13,4,,1030120133,,MN22314-2,47,MN15482-4/MN10201-4-A,2,16,,70,,0,7/17/2025 10:21,,,,,,,3,,,,,,,,,,,,,,,,46.45,46.45,46.45,,,,57.17,15.45,
25Beck_AY1,4/12/2025,9,1134,12,18,,1090120134,,AP Murdock,4,2020 AgriPro/Syngenta,2,,,,,,,,,,,,,,,,,,,,,,,,,,,,2.26,59.05,59.04973984,59.04973984,15.2,,,57.65,14.05,
25Ben_AY1,4/18/2025,16,1134,27,5,,1160120134,,TCG-Zelda,68,2023 21st Century Genetics,2,,,,,0,7/15/2025 11:39,,,,,,,,,,,,1,7/15/2025 11:39,,,,,,,,,3.64,99.09,99.0881305,99.0881305,11.65,,,,,
25Crk_AY1_Conv,4/24/2025,6,1134,12,15,,1060120134,,TCG-Arsenal,65,2024 21st Century Genetics,2,,,,,,,3,8/4/2025 18:01,,,,,,,,,,,,,,,,,,,,,117.35,117.35,117.35,,0,,,,
25Ferg_AY1,4/21/2025,10,1134,27,5,,1100120134,,PFS Rolls,61,2025 Peterson Farms Seed,2,,,,,0,7/28/2025 11:39,0,8/5/2025 17:40,,,,,,6,7/28/2025 11:39,,,2,7/15/2025 14:44,,,,,,,,,3.14,86.95,86.94769773,86.94769773,10.13,,,,,
25Hall_AY1,4/26/2025,15,1134,27,5,,1150120134,,WB9590,72,2017 WestBred,2,,,,,,,,,,,,,,,,,,,,,,,,,,,,4.18,107.23,107.2324887,107.2324887,16.74,,,,,
25Lamb_AY1conv,4/15/2025,4,1134,31,8,,1040120134,,CP3915,14,2019 Winfield Untied - Croplan,2,16,,88.9,,,,,,,,,,0,,,,,,,,,,,3,7/17/2025 15:23,,,,68.85,63.17814322,63.17814322,,,,,,
25LeCen_AY1,4/11/2025,17,1134,27,5,,1170120134,,MN22356-2,51,MN15530-4/MN15005-4,2,,,,,0,7/4/2025 16:24,0,7/17/2025 9:13,,,,,,,,,,,,,,,,,,,,3.72,98.16,98.16058451,98.16058451,14.81,,,,,
25Oklee_AY1,4/26/2025,12,1134,38,5,,1120120134,,Linkert,32,2013 MN,2,,,,,0,7/30/2025 12:06,,,,,,,,,,,,,,,,,,,,,,3.22,84.62,84.61895997,84.61895997,14.71,,,,,
25Perl_AY1,4/21/2025,11,1134,27,5,,1110120134,,MN21089-4,36,MN14223-5/MN-Rothsay,2,,,,,0,7/28/2025 15:16,,,,,,,,,,,,7,7/28/2025 15:16,,,,,,,,,3.94,101.73,101.7311462,101.7311462,16.2,,,,,
25Ros_AY1conv,4/25/2025,7,1134,27,5,,1070120134,,Enhance-SD,21,2024 SD State University,2,20,,81.28,,,,,,,,,,,9,7/29/2025 15:40,,,,,,,,,,,,,3.67,93.92,93.92294209,93.92294209,16.94,,,,,
25Steph_AY1,4/27/2025,13,1134,27,5,,1130120134,,CP3530,11,2022 Winfield Untied - Croplan,2,,,,,2,7/29/2025 9:39,,,,,,,,,,5,7/29/2025 9:39,,,,,,,,,,,5,130.1,130.101815,130.101815,15.55,,,,,
25StP_C-9_AY1-3_URN-PEv2,4/16/2025,1,1134,8,15,,1010120134,,CAG Ceres,8,2024 Champions Alliance Group Inc,2,14,6/13/2025 13:44,82.66666667,,0,6/17/2025 15:04,6,6/27/2025 10:30,2,7/3/2025 10:26,2,7/25/2025 11:40,,,,,,,,,,,,,,,,1.18,67.62,67.61953509,67.61953509,13.3,77.9,,,,
25Strath_AY1,5/8/2025,14,1134,27,5,,1140120134,,PFS Rolls,61,2025 Peterson Farms Seed,2,,,,,2,7/30/2025 8:56,,,,,,,,,,5,7/30/2025 8:56,,,,,,,,,,,,111.79,111.79,111.79,,,,,,
25Was_AY1,1/1/2025,3,1134,12,4,,1030120134,,AP Dagr,1,2025 AgriPro/Syngenta,2,16,,70,,0,7/17/2025 10:21,,,,,,,3,,,,,,,,,,,,,,,,54.53,54.53,54.53,,,,58.24,14.38,
25Beck_AY1,4/12/2025,9,1135,11,18,,1090120135,,TW Olympic,69,2022 Thunder Seed,2,,,,,,,,,,,,,,,,,,,,,,,,,,,,2.35,59.95,59.94589408,59.94589408,17.21,,,60.11,13.28,
25Ben_AY1,4/18/2025,16,1135,28,5,,1160120135,,AP Murdock,4,2020 AgriPro/Syngenta,2,,,,,1,7/15/2025 11:39,,,,,,,,,,,,1,7/15/2025 11:39,,,,,,,,,3.76,98.5,98.49691827,98.49691827,14.98,,,,,
25Crk_AY1_Conv,4/24/2025,6,1135,11,15,,1060120135,,CP3555,12,2024 Winfield Untied - Croplan,2,,,,,,,2,8/4/2025 18:01,,,,,,,,,,,,,,,,,,,,,111.74,111.74,111.74,,0,,,,
25Ferg_AY1,4/21/2025,10,1135,28,5,,1100120135,,LCS Dual,28,2021 Limagrain Cereal Seeds,2,,,,,0,7/28/2025 11:39,0,8/5/2025 17:40,,,,,,6,7/28/2025 11:39,,,3,7/15/2025 14:44,,,,,,,,,3.44,91.87,91.87366518,91.87366518,13.32,,,,,
25Hall_AY1,4/26/2025,15,1135,28,5,,1150120135,,LCS Ascent,24,2022 Limagrain Cereal Seeds,2,,,,,,,,,,,,,,,,,,,,,,,,,,,,4.7,120.57,120.5724155,120.5724155,16.74,,,,,
25Lamb_AY1conv,4/15/2025,4,1135,30,8,,1040120135,,MN22342-2,50,MN16024-6/MN15119-2,2,14,,93.98,,,,,,,,,,0,,,,,,,,,,,5,7/17/2025 15:23,,,,61.72,68.84982424,68.84982424,,,,,,
25LeCen_AY1,4/11/2025,17,1135,28,5,,1170120135,,MN22131-3,43,MN15482-4/MN15005-4,2,,,,,0,7/4/2025 16:24,0,7/17/2025 9:13,,,,,,,,,,,,,,,,,,,,3.46,91.21,91.21245179,91.21245179,13.2,,,,,
25Oklee_AY1,4/26/2025,12,1135,39,5,,1120120135,nice,MN22341-1,49,MN15320-1/MN14105-7,2,,,,,0,7/30/2025 12:06,,,,,,,,,,,,,,,,,,,,,,3.66,95.46,95.46006923,95.46006923,15.35,,,,,
25Perl_AY1,4/21/2025,11,1135,28,5,,1110120135,,Driver,15,2019 SD State University,2,,,,,0,7/28/2025 15:16,,,,,,,,,,,,4,7/28/2025 15:17,,,,,,,,,3.99,103.35,103.3540835,103.3540835,15.93,,,,,
25Ros_AY1conv,4/25/2025,7,1135,28,5,,1070120135,,ND Thresher,58,2023 NDSU,2,25,,83.82,,,,,,,,,,,8,7/29/2025 15:40,,,,,,,,,,,,,3.79,99.56,99.56305989,99.56305989,14.74,,,,,
25Steph_AY1,4/27/2025,13,1135,28,5,,1130120135,,Knudson,23,long term check,2,,,,,3,7/29/2025 9:39,,,,,,,,,,4,7/29/2025 9:39,,,,,,,,,,,4.36,113.91,113.9055333,113.9055333,15.21,,,,,
25StP_C-9_AY1-3_URN-PEv2,4/16/2025,1,1135,7,15,,1010120135,,SY 611 CL2,63,2019 AgriPro/Syngenta,2,16,6/16/2025 11:30,78,,0,6/17/2025 15:04,7,6/27/2025 10:30,3,7/3/2025 10:26,6,7/25/2025 11:40,,,,,,,,,,,,,,,,1.22,68.62,68.62154098,68.62154098,14.9,77.6,,,,
25Strath_AY1,5/8/2025,14,1135,28,5,,1140120135,nice,MN22199-2,45,MN16360/MN15005,2,,,,,1,7/30/2025 8:56,,,,,,,,,,3,7/30/2025 8:56,,,,,,,,,,,,124.68,124.68,124.68,,,,,,
25Was_AY1,1/1/2025,3,1135,11,4,,1030120135,,Brawn-SD,7,2022 SD State University,2,16,,80,,0,7/17/2025 10:21,,,,,,,3,,,,,,,,,,,,,,,,56.41,56.41,56.41,,,,60.11,14.35,
25Beck_AY1,4/12/2025,9,1136,10,18,,1090120136,,ND Stampede,57,2024 NDSU,2,,,,,,,,,,,,,,,,,,,,,,,,,,,,2.12,54.75,54.75165037,54.75165037,16.18,,,58.54,13.33,
25Ben_AY1,4/18/2025,16,1136,28,6,,1160120136,,CAG Recoil,9,2022 Champions Alliance Group Inc,2,,,,,0,7/15/2025 11:39,,,,,,,,,,,,0,7/15/2025 11:40,,,,,,,,,3.85,102.1,102.1001146,102.1001146,13.93,,,,,
25Crk_AY1_Conv,4/24/2025,6,1136,10,15,,1060120136,,TW Olympic,69,2022 Thunder Seed,2,,,,,,,2,8/4/2025 18:01,,,,,,,,,,,,,,,,,,,,,112.9,112.9,112.9,,0,,,,
25Ferg_AY1,4/21/2025,10,1136,28,6,,1100120136,,TCG-Zelda,68,2023 21st Century Genetics,2,,,,,0,7/28/2025 11:39,0,8/5/2025 17:40,,,,,,6,7/28/2025 11:39,,,2,7/15/2025 14:44,,,,,,,,,3.42,92.46,92.45649667,92.45649667,12.26,,,,,
25Hall_AY1,4/26/2025,15,1136,28,6,,1150120136,,AP Dagr,1,2025 AgriPro/Syngenta,2,,,,,,,,,,,,,,,,,,,,,,,,,,,,4,104.36,104.3649184,104.3649184,15.32,,,,,
25Lamb_AY1conv,4/15/2025,4,1136,29,8,,1040120136,,TCG-Wildcat,67,2020 21st Century Genetics,2,4,,83.82,,,,,,,,,,0,,,,,,,,,,,3,7/17/2025 15:23,,,,65.68,61.71601331,61.71601331,,,,,,
25LeCen_AY1,4/11/2025,17,1136,28,6,,1170120136,,TCG-Arsenal,65,2024 21st Century Genetics,2,,,,,0,7/4/2025 16:24,2,7/17/2025 9:13,,,,,,,,,,,,,,,,,,,,3.24,85.35,85.35028347,85.35028347,13.31,,,,,
25Oklee_AY1,4/26/2025,12,1136,39,6,,1120120136,,Dyna-Gro Rocker,20,2023 Nutrien Ag Solutions,2,,,,,0,7/30/2025 12:06,,,,,,,,,,,,,,,,,,,,,,3.76,97.59,97.59327682,97.59327682,15.76,,,,,
25Perl_AY1,4/21/2025,11,1136,28,6,,1110120136,,Dyna-Gro Ambush,17,2017 Nutrien Ag Solutions,2,,,,,0,7/28/2025 15:17,,,,,,,,,,,,6,7/28/2025 15:17,,,,,,,,,3.83,99.89,99.89400687,99.89400687,15.35,,,,,
25Ros_AY1conv,4/25/2025,7,1136,28,6,,1070120136,,TCG-Wildcat,67,2020 21st Century Genetics,2,24,,78.74,,,,,,,,,,,8,7/29/2025 15:40,,,,,,,,,,,,,3.58,91.65,91.65274629,91.65274629,16.91,,,,,
25Steph_AY1,4/27/2025,13,1136,28,6,,1130120136,,WB9590,72,2017 WestBred,2,,,,,0,7/29/2025 9:39,,,,,,,,,,8,7/29/2025 9:42,,,,,,,,,,,3.41,90.51,90.50507728,90.50507728,13.86,,,,,
25StP_C-9_AY1-3_URN-PEv2,4/16/2025,1,1136,6,15,,1010120136,Nice Color (harvest),TCG-Wildcat,67,2020 21st Century Genetics,2,18,6/18/2025 13:37,86.33333333,,0,6/17/2025 15:04,2,6/27/2025 10:31,0,7/3/2025 10:26,0,7/25/2025 11:40,,,,,,,,,,,,,,,,1.395,79.57,79.5712314,79.5712314,13.7,80.5,,,,
25Strath_AY1,5/8/2025,14,1136,28,6,,1140120136,,MN21172-3,39,Bolles/MN-Rothsay,2,,,,,1,7/30/2025 8:56,,,,,,,,,,4,7/30/2025 8:56,,,,,,,,,,,,109.34,109.34,109.34,,,,,,
25Was_AY1,1/1/2025,3,1136,10,4,,1030120136,,MN22429-2,53,MN16396/MN14227-4,2,16,,80,,0,7/17/2025 10:21,,,,,,,3,,,,,,,,,,,,,,,,56.47,56.47,56.47,,,,57.46,14.69,
25Beck_AY1,4/12/2025,9,1137,9,18,,1090120137,,MN22071-4,42,MN16024-6/MN15005-4,2,,,,,,,,,,,,,,,,,,,,,,,,,,,,1.44,38.38,38.37888,38.37888,13.5,,,58.98,13.95,
25Ben_AY1,4/18/2025,16,1137,27,6,,1160120137,,CP3530,11,2022 Winfield Untied - Croplan,2,,,,,0,7/15/2025 11:40,,,,,,,,,,,,0,7/15/2025 11:40,,,,,,,,,3.68,97.52,97.52376594,97.52376594,13.99,,,,,
25Crk_AY1_Conv,4/24/2025,6,1137,9,15,,1060120137,,AP Dagr,1,2025 AgriPro/Syngenta,2,,,,,,,2,8/4/2025 18:01,,,,,,,,,,,,,,,,,,,,,105.18,105.18,105.18,,0,,,,
25Ferg_AY1,4/21/2025,10,1137,27,6,,1100120137,,SY 611 CL2,63,2019 AgriPro/Syngenta,2,,,,,0,7/28/2025 11:39,0,8/5/2025 17:40,,,,,,6,7/28/2025 11:39,,,1,7/15/2025 14:44,,,,,,,,,3.3,89.04,89.03955621,89.03955621,12.43,,,,,
25Hall_AY1,4/26/2025,15,1137,27,6,,1150120137,,Knudson,23,long term check,2,,,,,,,,,,,,,,,,,,,,,,,,,,,,4.15,103.09,103.087163,103.087163,19.38,,,,,
25Lamb_AY1conv,4/15/2025,4,1137,28,8,,1040120137,,Dyna-Gro Commander,19,2019 Nutrien Ag Solutions,2,12,,91.44,,,,,,,,,,0,,,,,,,,,,,4,7/17/2025 15:23,,,,66.89,65.68388809,65.68388809,,,,,,
25LeCen_AY1,4/11/2025,17,1137,27,6,,1170120137,,MN22071-4,42,MN16024-6/MN15005-4,2,,,,,0,7/4/2025 16:24,2,7/17/2025 9:13,,,,,,,,,,,,,,,,,,,,3.4,89.62,89.61876532,89.61876532,13.67,,,,,
25Oklee_AY1,4/26/2025,12,1137,38,6,,1120120137,,CAG Ceres,8,2024 Champions Alliance Group Inc,2,,,,,0,7/30/2025 12:06,,,,,,,,,,,,,,,,,,,,,,3.85,99.89,99.89369875,99.89369875,15.79,,,,,
25Perl_AY1,4/21/2025,11,1137,27,6,,1110120137,,LCS Hammer AX,29,2022 Limagrain Cereal Seeds,2,,,,,0,7/28/2025 15:17,,,,,,,,,,,,7,7/28/2025 15:17,,,,,,,,,3.77,98.33,98.3290877,98.3290877,15.35,,,,,
25Ros_AY1conv,4/25/2025,7,1137,27,6,,1070120137,,TCG-Arsenal,65,2024 21st Century Genetics,2,26,,78.74,,,,,,,,,,,6,7/29/2025 15:41,,,,,,,,,,,,,3.52,90.49,90.48541951,90.48541951,16.57,,,,,
25Steph_AY1,4/27/2025,13,1137,27,6,,1130120137,,MN22341-1,49,MN15320-1/MN14105-7,2,,,,,0,7/29/2025 9:42,,,,,,,,,,8,7/29/2025 9:42,,,,,,,,,,,3.53,92.81,92.80901173,92.80901173,14.67,,,,,
25StP_C-9_AY1-3_URN-PEv2,4/16/2025,1,1137,5,15,,1010120137,Late,SY Valda,64,2015 AgriPro/Syngenta,2,17,6/18/2025 13:37,80.33333333,,0,6/17/2025 15:04,7,6/27/2025 10:31,2,7/3/2025 10:27,5,7/25/2025 11:40,,,,,,,,,,,,,,,,1.33,75.6,75.59989075,75.59989075,14,79.6,,,,
25Strath_AY1,5/8/2025,14,1137,27,6,,1140120137,,MN22314-2,47,MN15482-4/MN10201-4-A,2,,,,,0,7/30/2025 8:56,,,,,,,,,,6,7/30/2025 8:56,,,,,,,,,,,,105.69,105.69,105.69,,,,,,
25Was_AY1,1/1/2025,3,1137,9,4,,1030120137,,LCS Cannon,27,2018 Limagrain Cereal Seeds,2,10,,75,,0,7/17/2025 10:21,,,,,,,3,,,,,,,,,,,,,,,,50.85,50.85,50.85,,,,58.74,14.24,
25Beck_AY1,4/12/2025,9,1138,8,18,,1090120138,,TCG-Badlands,66,2023 21st Century Genetics,2,,,,,,,,,,,,,,,,,,,,,,,,,,,,1.98,52.77,52.77096,52.77096,13.5,,,58.63,12.66,
25Ben_AY1,4/18/2025,16,1138,26,6,,1160120138,,TW Olympic,69,2022 Thunder Seed,2,,,,,0,7/15/2025 11:40,,,,,,,,,,,,0,7/15/2025 11:40,,,,,,,,,3.65,95.04,95.04180229,95.04180229,15.49,,,,,
25Crk_AY1_Conv,4/24/2025,6,1138,8,15,,1060120138,,CP3678,13,2024 Winfield Untied - Croplan,2,,,,,,,2,8/4/2025 18:01,,,,,,,,,,,,,,,,,,,,,93.76,93.76,93.76,,0,,,,
25Ferg_AY1,4/21/2025,10,1138,26,6,,1100120138,,MN22342-2,50,MN16024-6/MN15119-2,2,,,,,0,7/28/2025 11:39,0,8/5/2025 17:41,,,,,,7,7/28/2025 11:39,,,2,7/15/2025 14:44,,,,,,,,,3.09,83.79,83.79231661,83.79231661,11.99,,,,,
25Hall_AY1,4/26/2025,15,1138,26,6,,1150120138,better leaves,TCG-Arsenal,65,2024 21st Century Genetics,2,,,,,,,,,,,,,,,,,,,,,,,,,,,,6.06,142.86,142.857986,142.857986,23.49,,,,,
25Lamb_AY1conv,4/15/2025,4,1138,27,8,,1040120138,,CP3678,13,2024 Winfield Untied - Croplan,2,17,,83.82,,,,,,,,,,0,,,,,,,,,,,2,7/17/2025 15:23,,,,64.56,66.89111705,66.89111705,,,,,,
25LeCen_AY1,4/11/2025,17,1138,26,6,,1170120138,,Dyna-Gro 8582,16,2024 Nutrien Ag Solutions,2,,,,,0,7/4/2025 16:24,2,7/17/2025 9:13,,,,,,,,,,,,,,,,,,,,3.29,86.68,86.67744994,86.67744994,12.84,,,,,
25Oklee_AY1,4/26/2025,12,1138,37,6,,1120120138,,AP Elevate,2,2024 AgriPro/Syngenta,2,,,,,0,7/30/2025 12:06,,,,,,,,,,,,,,,,,,,,,,3.68,96.02,96.01572491,96.01572491,15.32,,,,,
25Perl_AY1,4/21/2025,11,1138,26,6,,1110120138,,PFS Muffins,60,2026 Peterson Farms Seed,2,,,,,0,7/28/2025 15:17,,,,,,,,,,,,6,7/28/2025 15:17,,,,,,,,,4.42,115.88,115.8816019,115.8816019,14.91,,,,,
25Ros_AY1conv,4/25/2025,7,1138,26,6,,1070120138,,CAG Recoil,9,2022 Champions Alliance Group Inc,2,28,,78.74,,,,,,,,,,,8,7/29/2025 15:41,,,,,,,,,,,,,3.23,83.84,83.83677769,83.83677769,15.76,,,,,
25Steph_AY1,4/27/2025,13,1138,26,6,,1130120138,Thin,TCG-Wildcat,67,2020 21st Century Genetics,2,,,,,0,7/29/2025 9:40,,,,,,,,,,9,7/29/2025 9:40,,,,,,,,,,,2.73,72.76,,,13.5,,,,,
25StP_C-9_AY1-3_URN-PEv2,4/16/2025,1,1138,4,15,,1010120138,Late|Nice Color (harvest),MN21263-3,40,MN15332/MN-Washburn-A//MN-Rothsay,2,18,6/18/2025 13:37,76,,0,6/17/2025 15:04,0,6/27/2025 10:31,0,7/3/2025 10:27,0,7/25/2025 11:40,,,,,,,,,,,,,,,,1.375,78.25,78.24866293,78.24866293,13.9,80.1,,,,
25Strath_AY1,5/8/2025,14,1138,26,6,,1140120138,,MN21089-4,36,MN14223-5/MN-Rothsay,2,,,,,0,7/30/2025 8:57,,,,,,,,,,4,7/30/2025 8:57,,,,,,,,,,,,112.06,112.06,112.06,,,,,,
25Was_AY1,1/1/2025,3,1138,8,4,,1030120138,,MN21172-3,39,Bolles/MN-Rothsay,2,19,,75,,0,7/17/2025 10:21,,,,,,,3,,,,,,,,,,,,,,,,56.31,56.31,56.31,,,,57.74,14.97,
25Beck_AY1,4/12/2025,9,1139,7,18,,1090120139,,MN22314-2,47,MN15482-4/MN10201-4-A,2,,,,,,,,,,,,,,,,,,,,,,,,,,,,1.52,40.51,40.51104,40.51104,13.5,,,58.51,14.26,
25Ben_AY1,4/18/2025,16,1139,25,6,,1160120139,,CP3915,14,2019 Winfield Untied - Croplan,2,,,,,0,7/15/2025 11:40,,,,,,,,,,,,0,7/15/2025 11:40,,,,,,,,,3.54,100.84,100.837919,100.837919,7.55,,,,,
25Crk_AY1_Conv,4/24/2025,6,1139,7,15,,1060120139,,Dyna-Gro 8582,16,2024 Nutrien Ag Solutions,2,,,,,,,2,8/4/2025 18:01,,,,,,,,,,,,,,,,,,,,,100.44,100.44,100.44,,0,,,,
25Ferg_AY1,4/21/2025,10,1139,25,6,,1100120139,,MN21263-3,40,MN15332/MN-Washburn-A//MN-Rothsay,2,,,,,0,7/28/2025 11:39,0,8/5/2025 17:41,,,,,,5,7/28/2025 11:39,,,3,7/15/2025 14:44,,,,,,,,,3.37,91.39,91.38514789,91.38514789,11.99,,,,,
25Hall_AY1,4/26/2025,15,1139,25,6,,1150120139,,MN22227-1,46,MN15413-2/MN10201-4-A//Linkert-gpcB1/MN13288-1-1/3/MN15482-4/Shelly//MN15482-4/MN10261-1,2,,,,,,,,,,,,,,,,,,,,,,,,,,,,4.78,123.32,123.3169245,123.3169245,16.27,,,,,
25Lamb_AY1conv,4/15/2025,4,1139,26,8,,1040120139,,Shelly,62,2016 MN,2,17,,76.2,,,,,,,,,,0,,,,,,,,,,,3,7/17/2025 15:24,,,,67.01,64.56153819,64.56153819,,,,,,
25LeCen_AY1,4/11/2025,17,1139,25,6,,1170120139,,Driver,15,2019 SD State University,2,,,,,0,7/4/2025 16:25,2,7/17/2025 9:13,,,,,,,,,,,,,,,,,,,,3.22,84.82,84.81816832,84.81816832,13.39,,,,,
25Oklee_AY1,4/26/2025,12,1139,36,6,,1120120139,nice,MN22227-1,46,MN15413-2/MN10201-4-A//Linkert-gpcB1/MN13288-1-1/3/MN15482-4/Shelly//MN15482-4/MN10261-1,2,,,,,0,7/30/2025 12:06,,,,,,,,,,,,,,,,,,,,,,3.94,102.88,102.8844229,102.8844229,15.25,,,,,
25Perl_AY1,4/21/2025,11,1139,25,6,,1110120139,,MS Charger,54,"2023 Meridian Seeds, LLC",2,,,,,0,7/28/2025 15:17,,,,,,,,,,,,4,7/28/2025 15:17,,,,,,,,,4.86,126.25,126.2493223,126.2493223,15.69,,,,,
25Ros_AY1conv,4/25/2025,7,1139,25,6,,1070120139,,MN21263-3,40,MN15332/MN-Washburn-A//MN-Rothsay,2,24,,71.12,,,,,,,,,,,5,7/29/2025 15:41,,,,,,,,,,,,,3.33,84.42,84.42133462,84.42133462,17.72,,,,,
25Steph_AY1,4/27/2025,13,1139,25,6,,1130120139,,MN22342-2,50,MN16024-6/MN15119-2,2,,,,,0,7/29/2025 9:40,,,,,,,,,,7,7/29/2025 9:40,,,,,,,,,,,3.86,101.08,101.0808374,101.0808374,15.01,,,,,
25StP_C-9_AY1-3_URN-PEv2,4/16/2025,1,1139,3,15,,1010120139,,MN-Rothsay,34,2022 MN,2,20,6/20/2025 11:15,78.33333333,,0,6/17/2025 15:04,2,6/27/2025 10:31,2,7/3/2025 10:27,1,7/25/2025 11:41,,,,,,,,,,,,,,,,1.315,74.4,74.39959873,74.39959873,14.4,76.4,,,,
25Strath_AY1,5/8/2025,14,1139,25,6,,1140120139,,Ascend-SD,6,2021 SD State University,2,,,,,2,7/30/2025 8:57,,,,,,,,,,8,7/30/2025 8:57,,,,,,,,,,,,112.82,112.82,112.82,,,,,,
25Was_AY1,1/1/2025,3,1139,7,4,,1030120139,,CP3915,14,2019 Winfield Untied - Croplan,2,17,,75,,0,7/17/2025 10:21,,,,,,,2,,,,,,,,,,,,,,,,51.84,51.84,51.84,,,,59.18,15.24,
25Beck_AY1,4/12/2025,9,1140,6,18,,1090120140,,SY 611 CL2,63,2019 AgriPro/Syngenta,2,,,,,,,,,,,,,,,,,,,,,,,,,,,,2.04,54.37,54.37008,54.37008,13.5,,,58.88,13.43,
25Ben_AY1,4/18/2025,16,1140,24,6,,1160120140,,LCS Boom,25,2023 Limagrain Cereal Seeds,2,,,,,0,7/15/2025 11:40,,,,,,,,,,,,0,7/15/2025 11:40,,,,,,,,,3.57,92.03,92.03471721,92.03471721,16.33,,,,,
25Crk_AY1_Conv,4/24/2025,6,1140,6,15,,1060120140,,Shelly,62,2016 MN,2,,,,,,,2,8/4/2025 18:01,,,,,,,,,,,,,,,,,,,,,105.18,105.18,105.18,,0,,,,
25Ferg_AY1,4/21/2025,10,1140,24,6,,1100120140,,MS Nova,56,"2023 Meridian Seeds, LLC",2,,,,,0,7/28/2025 11:39,1,8/5/2025 17:41,,,,,,8,7/28/2025 11:40,,,3,7/15/2025 14:44,,,,,,,,,3.06,82.62,82.62052215,82.62052215,12.37,,,,,
25Hall_AY1,4/26/2025,15,1140,24,6,,1150120140,,Dyna-Gro Rocker,20,2023 Nutrien Ag Solutions,2,,,,,,,,,,,,,,,,,,,,,,,,,,,,5.34,130.41,130.4094377,130.4094377,20.74,,,,,
25Lamb_AY1conv,4/15/2025,4,1140,25,8,,1040120140,,AP Dagr,1,2025 AgriPro/Syngenta,2,15,,83.82,,,,,,,,,,0,,,,,,,,,,,2,7/17/2025 15:24,,,,73.23,67.01367979,67.01367979,,,,,,
25LeCen_AY1,4/11/2025,17,1140,24,6,,1170120140,,CP3555,12,2024 Winfield Untied - Croplan,2,,,,,0,7/4/2025 16:25,5,7/17/2025 9:13,,,,,,,,,,,,,,,,,,,,3.55,93.6,93.59656532,93.59656532,11.94,,,,,
25Oklee_AY1,4/26/2025,12,1140,35,6,,1120120140,,MS Charger,54,"2023 Meridian Seeds, LLC",2,,,,,0,7/30/2025 12:06,,,,,,,,,,,,,,,,,,,,,,4.28,109.98,109.9824821,109.9824821,16.6,,,,,
25Perl_AY1,4/21/2025,11,1140,24,6,,1110120140,,Dyna-Gro Rocker,20,2023 Nutrien Ag Solutions,2,,,,,1,7/28/2025 15:17,,,,,,,,,,,,5,7/28/2025 15:17,,,,,,,,,4.16,110.54,110.5390622,110.5390622,13.76,,,,,
25Ros_AY1conv,4/25/2025,7,1140,24,6,,1070120140,,CP3915,14,2019 Winfield Untied - Croplan,2,22,,78.74,,,,,,,,,,,8,7/29/2025 15:41,,,,,,,,,,,,,3.34,86.11,86.10530966,86.10530966,16.33,,,,,
25Steph_AY1,4/27/2025,13,1140,24,6,,1130120140,,MS Cobra,55,"2022 Meridian Seeds, LLC",2,,,,,0,7/29/2025 9:40,,,,,,,,,,8,7/29/2025 9:42,,,,,,,,,,,3.3,85.9,85.89770136,85.89770136,15.52,,,,,
25StP_C-9_AY1-3_URN-PEv2,4/16/2025,1,1140,2,15,,1010120140,,MS Cobra,55,"2022 Meridian Seeds, LLC",2,16,6/16/2025 11:30,77.33333333,,0,6/17/2025 15:04,5,6/27/2025 10:31,4,7/3/2025 10:27,3,7/25/2025 11:41,,,,,,,,,,,,,,,,1.095,61.59,61.59064539,61.59064539,14.9,75.8,,,,
25Strath_AY1,5/8/2025,14,1140,24,6,,1140120140,,LCS Cannon,27,2018 Limagrain Cereal Seeds,2,,,,,2,7/30/2025 8:57,,,,,,,,,,7,7/30/2025 8:57,,,,,,,,,,,,104.52,104.52,104.52,,,,,,
25Was_AY1,1/1/2025,3,1140,6,4,,1030120140,,Dyna-Gro Commander,19,2019 Nutrien Ag Solutions,2,12,,80,,0,7/17/2025 10:21,,,,,,,2,,,,,,,,,,,,,,,,61.08,61.08,61.08,,,,56.87,14.54,
25Beck_AY1,4/12/2025,9,1141,5,18,,1090120141,,LCS Ascent,24,2022 Limagrain Cereal Seeds,2,,,,,,,,,,,,,,,,,,,,,,,,,,,,2.04,54.37,54.37008,54.37008,13.5,,,57.47,14.06,
25Ben_AY1,4/18/2025,16,1141,23,6,,1160120141,,MN22356-2,51,MN15530-4/MN15005-4,2,,,,,0,7/15/2025 11:40,,,,,,,,,,,,0,7/15/2025 11:40,,,,,,,,,3.86,97.08,97.0847012,97.0847012,18.37,,,,,
25Crk_AY1_Conv,4/24/2025,6,1141,5,15,,1060120141,,MN21172-3,39,Bolles/MN-Rothsay,2,,,,,,,2,8/4/2025 18:01,,,,,,,,,,,,,,,,,,,,,111.16,111.16,111.16,,0,,,,
25Ferg_AY1,4/21/2025,10,1141,23,6,,1100120141,,MN-Rothsay,34,2022 MN,2,,,,,0,7/28/2025 11:40,0,8/5/2025 17:41,,,,,,7,7/28/2025 11:40,,,4,7/15/2025 14:45,,,,,,,,,3.05,85.48,85.4798966,85.4798966,9.04,,,,,
25Hall_AY1,4/26/2025,15,1141,23,6,,1150120141,,Brawn-SD,7,2022 SD State University,2,,,,,,,,,,,,,,,,,,,,,,,,,,,,5.12,124.03,124.027131,124.027131,21.38,,,,,
25Lamb_AY1conv,4/15/2025,4,1141,24,8,,1040120141,,TCG-Badlands,66,2023 21st Century Genetics,2,14,,78.74,,,,,,,,,,0,,,,,,,,,,,5,7/17/2025 15:24,,,,69.69,73.23316303,73.23316303,,,,,,
25LeCen_AY1,4/11/2025,17,1141,23,6,,1170120141,,MN22314-2,47,MN15482-4/MN10201-4-A,2,,,,,0,7/4/2025 16:25,0,7/17/2025 9:13,,,,,,,,,,,,,,,,,,,,3.05,80.28,80.27599884,80.27599884,12.41,,,,,
25Oklee_AY1,4/26/2025,12,1141,34,6,,1120120141,,PFS Muffins,60,2026 Peterson Farms Seed,2,,,,,0,7/30/2025 12:07,,,,,,,,,,,,,,,,,,,,,,4.24,111.7,111.6980698,111.6980698,14.5,,,,,
25Perl_AY1,4/21/2025,11,1141,23,6,,1110120141,,LCS Dual,28,2021 Limagrain Cereal Seeds,2,,,,,0,7/28/2025 15:17,,,,,,,,,,,,5,7/28/2025 15:17,,,,,,,,,3.99,104.19,104.1900628,104.1900628,15.25,,,,,
25Ros_AY1conv,4/25/2025,7,1141,23,6,,1070120141,,CAG Ceres,8,2024 Champions Alliance Group Inc,2,22,,76.2,,,,,,,,,,,9,7/29/2025 15:41,,,,,,,,,,,,,3.36,86.9,86.9004328,86.9004328,16.06,,,,,
25Steph_AY1,4/27/2025,13,1141,23,6,,1130120141,,MN22071-4,42,MN16024-6/MN15005-4,2,,,,,0,7/29/2025 9:42,,,,,,,,,,5,7/29/2025 9:42,,,,,,,,,,,3.89,100.73,100.7277985,100.7277985,15.96,,,,,
25StP_C-9_AY1-3_URN-PEv2,4/16/2025,1,1141,2,16,,1010120141,,PFS Muffins,60,2026 Peterson Farms Seed,2,18,6/18/2025 13:39,79.33333333,,0,6/17/2025 15:05,5,6/27/2025 10:31,3,7/3/2025 10:27,2,7/25/2025 11:41,,,,,,,,,,,,,,,,1.155,65.19,65.19449575,65.19449575,14.6,75.9,,,,
25Strath_AY1,5/8/2025,14,1141,23,6,,1140120141,,TCG-Wildcat,67,2020 21st Century Genetics,2,,,,,0,7/30/2025 8:57,,,,,,,,,,8,7/30/2025 8:57,,,,,,,,,,,,109.64,109.64,109.64,,,,,,
25Was_AY1,1/1/2025,3,1141,5,4,,1030120141,,CP3099A,10,2020 Winfield Untied - Croplan,2,23,,90,,0,7/17/2025 10:21,,,,,,,2,,,,,,,,,,,,,,,,57.76,57.76,57.76,,,,54.71,12.89,
25Beck_AY1,4/12/2025,9,1142,4,18,,1090120142,,Brawn-SD,7,2022 SD State University,2,,,,,,,,,,,,,,,,,,,,,,,,,,,,2.26,58.69,58.69460579,58.69460579,15.71,,,57.63,12.81,
25Ben_AY1,4/18/2025,16,1142,22,6,,1160120142,,Dyna-Gro Ballistic,18,2018 Nutrien Ag Solutions,2,,,,,0,7/15/2025 11:40,,,,,,,,,,,,2,7/15/2025 11:40,,,,,,,,,3.71,97.19,97.18711883,97.18711883,14.98,,,,,
25Crk_AY1_Conv,4/24/2025,6,1142,4,15,,1060120142,,LCS Rimfire,30,2025 Limagrain Cereal Seeds,2,,,,,,,2,8/4/2025 18:01,,,,,,,,,,,,,,,,,,,,,98,98,98,,0,,,,
25Ferg_AY1,4/21/2025,10,1142,22,6,,1100120142,,MN22071-4,42,MN16024-6/MN15005-4,2,,,,,1,7/28/2025 11:40,0,8/5/2025 17:41,,,,,,5,7/28/2025 11:40,,,2,7/15/2025 14:45,,,,,,,,,3.6,95.89,95.89173919,95.89173919,13.55,,,,,
25Hall_AY1,4/26/2025,15,1142,22,6,,1150120142,,NDHRS15-0006-C46,59,2025 NDSU,2,,,,,,,,,,,,,,,,,,,,,,,,,,,,4.78,121.68,121.6821247,121.6821247,17.38,,,,,
25Lamb_AY1conv,4/15/2025,4,1142,23,8,,1040120142,,MS Cobra,55,"2022 Meridian Seeds, LLC",2,13,,81.28,,,,,,,,,,0,,,,,,,,,,,4,7/17/2025 15:24,,,,57.28,69.68556264,69.68556264,,,,,,
25LeCen_AY1,4/11/2025,17,1142,22,6,,1170120142,,Shelly,62,2016 MN,2,,,,,0,7/4/2025 16:25,1,7/17/2025 9:13,,,,,,,,,,,,,,,,,,,,3.44,90.67,90.66530775,90.66530775,11.98,,,,,
25Oklee_AY1,4/26/2025,12,1142,33,6,,1120120142,,TW Trailfire,70,2024 Thunder Seed,2,,,,,1,7/30/2025 12:07,,,,,,,,,,,,,,,,,,,,,,3.83,99.54,99.53998203,99.53998203,15.65,,,,,
25Perl_AY1,4/21/2025,11,1142,22,6,,1110120142,,Shelly,62,2016 MN,2,,,,,0,7/28/2025 15:18,,,,,,,,,,,,5,7/28/2025 15:18,,,,,,,,,4.28,112.12,112.1188325,112.1188325,14.98,,,,,
25Ros_AY1conv,4/25/2025,7,1142,22,6,,1070120142,,MN21385-1,41,Linkert-gpcB1/MN-Washburn-A//MN13479-8,2,22,,71.12,,,,,,,,,,,7,7/29/2025 15:41,,,,,,,,,,,,,3.42,86.84,86.83998051,86.83998051,17.59,,,,,
25Steph_AY1,4/27/2025,13,1142,22,6,,1130120142,,LCS Dual,28,2021 Limagrain Cereal Seeds,2,,,,,0,7/29/2025 9:42,,,,,,,,,,5,7/29/2025 9:43,,,,,,,,,,,4.01,105.43,105.428934,105.428934,14.67,,,,,
25StP_C-9_AY1-3_URN-PEv2,4/16/2025,1,1142,3,16,,1010120142,,LCS Boom,25,2023 Limagrain Cereal Seeds,2,12,6/12/2025 10:26,79,,0,6/17/2025 15:05,7,6/27/2025 10:31,5,7/3/2025 10:27,5,7/25/2025 11:41,,,,,,,,,,,,,,,,0.955,54.47,54.47349533,54.47349533,13.7,-,,,,
25Strath_AY1,5/8/2025,14,1142,22,6,,1140120142,,Linkert,32,2013 MN,2,,,,,0,7/30/2025 8:57,,,,,,,,,,7,7/30/2025 8:57,,,,,,,,,,,,102.67,102.67,102.67,,,,,,
25Was_AY1,1/1/2025,3,1142,4,4,,1030120142,,CP3555,12,2024 Winfield Untied - Croplan,2,16,,80,,0,7/17/2025 10:21,,,,,,,3,,,,,,,,,,,,,,,,54.68,54.68,54.68,,,,57.2,14.64,
25Beck_AY1,4/12/2025,9,1143,3,18,,1090120143,Mechanical,MN22406-1,52,MN16360/MN15320-1,2,,,,,,,,,,,,,,,,,,,,,,,,,,,,1.52,40.51,,,13.5,,,57.92,13.65,
25Ben_AY1,4/18/2025,16,1143,21,6,,1160120143,,MN-Torgy,35,2020 MN,2,,,,,1,7/15/2025 11:40,,,,,,,,,,,,0,7/15/2025 11:40,,,,,,,,,3.77,98.64,98.64271858,98.64271858,15.08,,,,,
25Crk_AY1_Conv,4/24/2025,6,1143,3,14,,1060120143,possible error,Enhance-SD,21,2024 SD State University,2,,,,,,,2,8/4/2025 18:00,,,,,,,,,,,,,,,,,,Plot shift is enhance,7/16/2025 10:04,,105.47,105.47,105.47,,0,,,,
25Ferg_AY1,4/21/2025,10,1143,21,6,,1100120143,,MN21168-1,38,10FAR-3134-1/MN14223-5,2,,,,,0,7/28/2025 11:40,0,8/5/2025 17:41,,,,,,8,7/28/2025 11:40,,,2,7/15/2025 14:45,,,,,,,,,3.28,90.9,90.89509002,90.89509002,10.06,,,,,
25Hall_AY1,4/26/2025,15,1143,21,6,,1150120143,,AP Smith,5,2021 AgriPro/Syngenta,2,,,,,,,,,,,,,,,,,,,,,,,,,,,,4.92,118.15,118.1514896,118.1514896,22.06,,,,,
25Lamb_AY1conv,4/15/2025,4,1143,22,8,,1040120143,,MN22071-4,42,MN16024-6/MN15005-4,2,16,,73.66,,,,,,,,,,0,,,,,,,,,,,4,7/17/2025 15:24,,,,61.25,57.27962041,57.27962041,,,,,,
25LeCen_AY1,4/11/2025,17,1143,21,6,,1170120143,,Marshall,33,long term check,2,,,,,0,7/4/2025 16:25,1,7/17/2025 9:13,,,,,,,,,,,,,,,,,,,,2.92,76.81,76.80857988,76.80857988,12.18,,,,,
25Oklee_AY1,4/26/2025,12,1143,32,6,,1120120143,,MN22199-2,45,MN16360/MN15005,2,,,,,0,7/30/2025 12:07,,,,,,,,,,,,,,,,,,,,,,3.55,88.73,88.72990002,88.72990002,18.88,,,,,
25Perl_AY1,4/21/2025,11,1143,21,6,,1110120143,,MS Nova,56,"2023 Meridian Seeds, LLC",2,,,,,0,7/28/2025 15:18,,,,,,,,,,,,5,7/28/2025 15:18,,,,,,,,,4.01,104.34,104.3416557,104.3416557,15.55,,,,,
25Ros_AY1conv,4/25/2025,7,1143,21,6,,1070120143,,MN-Torgy,35,2020 MN,2,22,,71.12,,,,,,,,,,,6,7/29/2025 15:41,,,,,,,,,,,,,3.06,77.7,77.69892993,77.69892993,17.59,,,,,
25Steph_AY1,4/27/2025,13,1143,21,6,,1130120143,,ND Stampede,57,2024 NDSU,2,,,,,1,7/29/2025 9:43,,,,,,,,,,5,7/29/2025 9:43,,,,,,,,,,,4.57,118.77,118.7722501,118.7722501,15.65,,,,,
25StP_C-9_AY1-3_URN-PEv2,4/16/2025,1,1143,4,16,,1010120143,,AP Elevate,2,2024 AgriPro/Syngenta,2,18,6/18/2025 13:39,75,,0,6/17/2025 15:05,3,6/27/2025 10:32,2,7/3/2025 10:27,4,7/25/2025 11:41,,,,,,,,,,,,,,,,1.13,63.63,63.63398393,63.63398393,14.8,74.3,,,,
25Strath_AY1,5/8/2025,14,1143,21,6,,1140120143,,TW Olympic,69,2022 Thunder Seed,2,,,,,2,7/30/2025 8:57,,,,,,,,,,4,7/30/2025 8:58,,,,,,,,,,,,117.9,117.9,117.9,,,,,,
25Was_AY1,1/1/2025,3,1143,3,4,,1030120143,,Knudson,23,long term check,2,16,,75,,0,7/17/2025 10:21,,,,,,,4,,,,,,,,,,,,,,,,54.36,54.36,54.36,,,,56.51,14.22,
25Beck_AY1,4/12/2025,9,1144,2,18,,1090120144,Mechanical,ND Thresher,58,2023 NDSU,2,,,,,,,,,,,,,,,,,,,,,,,,,,,,1.7,45.53,,,13.08,,,55.91,14.53,
25Ben_AY1,4/18/2025,16,1144,20,6,,1160120144,,LCS Ascent,24,2022 Limagrain Cereal Seeds,2,,,,,1,7/15/2025 11:40,,,,,,,,,,,,0,7/15/2025 11:40,,,,,,,,,4.07,104.92,104.9247336,104.9247336,16.33,,,,,
25Crk_AY1_Conv,4/24/2025,6,1144,2,15,,1060120144,,CP3915,14,2019 Winfield Untied - Croplan,2,,,,,,,2,8/4/2025 18:01,,,,,,,,,,,,,,,,,,,,,104.77,,104.7685611,,plugged,,,,
25Ferg_AY1,4/21/2025,10,1144,20,6,,1100120144,,MN22199-2,45,MN16360/MN15005,2,,,,,0,7/28/2025 11:40,1,8/5/2025 17:41,,,,,,6,7/28/2025 11:41,,,3,7/15/2025 14:45,,,,,,,,,3.47,92.49,92.49313161,92.49313161,13.49,,,,,
25Hall_AY1,4/26/2025,15,1144,20,6,,1150120144,,AP Iconic,3,2025 AgriPro/Syngenta,2,,,,,,,,,,,,,,,,,,,,,,,,,,,,4.36,111.22,111.2187652,111.2187652,17.21,,,,,
25Lamb_AY1conv,4/15/2025,4,1144,21,8,,1040120144,,LCS Rimfire,30,2025 Limagrain Cereal Seeds,2,12,,76.2,,,,,,,,,,0,,,,,,,,,,,4,7/17/2025 15:24,,,,62.39,61.2517661,61.2517661,,,,,,
25LeCen_AY1,4/11/2025,17,1144,20,6,,1170120144,,AP Elevate,2,2024 AgriPro/Syngenta,2,,,,,0,7/4/2025 16:25,1,7/17/2025 9:13,,,,,,,,,,,,,,,,,,,,3.2,84.28,84.2846659,84.2846659,13.35,,,,,
25Oklee_AY1,4/26/2025,12,1144,31,6,,1120120144,,MN22356-2,51,MN15530-4/MN15005-4,2,,,,,0,7/30/2025 12:07,,,,,,,,,,,,,,,,,,,,,,3.33,84.45,84.45211537,84.45211537,17.69,,,,,
25Perl_AY1,4/21/2025,11,1144,20,6,,1110120144,,TCG-Wildcat,67,2020 21st Century Genetics,2,,,,,0,7/28/2025 15:18,,,,,,,,,,,,5,7/28/2025 15:18,,,,,,,,,4.61,120.86,120.8629377,120.8629377,14.91,,,,,
25Ros_AY1conv,4/25/2025,7,1144,20,6,,1070120144,,Driver,15,2019 SD State University,2,24,,86.36,,,,,,,,,,,5,7/29/2025 15:41,,,,,,,,,,,,,3.22,80.52,80.52145376,80.52145376,18.84,,,,,
25Steph_AY1,4/27/2025,13,1144,20,6,,1130120144,,LCS Ascent,24,2022 Limagrain Cereal Seeds,2,,,,,2,7/29/2025 9:43,,,,,,,,,,4,7/29/2025 9:43,,,,,,,,,,,4.64,119.81,119.8052077,119.8052077,16.2,,,,,
25StP_C-9_AY1-3_URN-PEv2,4/16/2025,1,1144,5,16,,1010120144,,Knudson,23,long term check,2,18,6/18/2025 13:39,81,,0,6/17/2025 15:05,5,6/27/2025 10:32,3,7/3/2025 10:27,3,7/25/2025 11:41,,,,,,,,,,,,,,,,1.22,68.78,68.7828137,68.7828137,14.7,77.5,,,,
25Strath_AY1,5/8/2025,14,1144,20,6,,1140120144,,Glenn,22,long term check,2,,,,,1,7/30/2025 8:58,,,,,,,,,,7,7/30/2025 8:58,,,,,,,,,,,,105.37,105.37,105.37,,,,,,
25Was_AY1,1/1/2025,3,1144,2,4,,1030120144,,AP Elevate,2,2024 AgriPro/Syngenta,2,16,,75,,0,7/17/2025 10:21,,,,,,,2,,,,,,,,,,,,,,,,60.04,60.04,60.04,,,,56.82,15.1,
25Beck_AY1,4/12/2025,9,1145,2,19,,1090130145,,LCS Hammer AX,29,2022 Limagrain Cereal Seeds,3,,,,,,,,,,,,,,,,,,,,,,,,,,,,2.31,59.94,59.93621925,59.93621925,15.79,,,57.74,14.62,
25Ben_AY1,4/18/2025,16,1145,19,6,,1160130145,,Dyna-Gro Ambush,17,2017 Nutrien Ag Solutions,3,,,,,0,7/15/2025 11:40,,,,,,,,,,,,0,7/15/2025 11:40,,,,,,,,,3.7,96.12,96.11573924,96.11573924,15.69,,,,,
25Crk_AY1_Conv,4/24/2025,6,1145,2,16,,1060130145,,TCG-Wildcat,67,2020 21st Century Genetics,3,,,,,,,3,8/4/2025 18:03,,,,,,,,,,,,,,,,,,,,,136.52,,,,plugged - mixed with 1144,,,,
25Ferg_AY1,4/21/2025,10,1145,19,6,,1100130145,,Glenn,22,long term check,3,,,,,0,7/28/2025 11:41,0,8/5/2025 17:41,,,,,,6,7/28/2025 11:41,,,NA,7/28/2025 11:41,,,,,,,,,3.06,83.23,83.23336409,83.23336409,11.72,,,,,
25Hall_AY1,4/26/2025,15,1145,19,6,,1150130145,,LCS Buster,26,2020 Limagrain Cereal Seeds,3,,,,,,,,,,,,,,,,,,,,,,,,,,,,5.18,129.53,129.5345126,129.5345126,18.84,,,,,
25Lamb_AY1conv,4/15/2025,4,1145,21,9,,1040130145,,Dyna-Gro Ballistic,18,2018 Nutrien Ag Solutions,3,14,,88.9,,,,,,,,,,0,,,,,,,,,,,3,7/17/2025 15:24,,,,82.89,62.3903531,62.3903531,,,,,,
25LeCen_AY1,4/11/2025,17,1145,19,6,,1170130145,Nice Color (harvest),MN21089-4,36,MN14223-5/MN-Rothsay,3,,,,,0,7/4/2025 16:25,0,7/17/2025 9:14,,,,,,,,,,,,,,,,,,,,3.3,86.97,86.9698659,86.9698659,15.08,,,,,
25Oklee_AY1,4/26/2025,12,1145,30,6,,1120130145,,MN22199-2,45,MN16360/MN15005,3,,,,,0,7/30/2025 12:07,,,,,,,,,,,,,,,,,,,,,,3.34,85.44,85.43639068,85.43639068,16.98,,,,,
25Perl_AY1,4/21/2025,11,1145,19,6,,1110130145,,MN22314-2,47,MN15482-4/MN10201-4-A,3,,,,,0,7/28/2025 15:18,,,,,,,,,,,,5,7/28/2025 15:18,,,,,,,,,4.34,113.06,113.0620976,113.0620976,15.45,,,,,
25Ros_AY1conv,4/25/2025,7,1145,19,6,,1070130145,,MN21263-3,40,MN15332/MN-Washburn-A//MN-Rothsay,3,23,,66.04,,,,,,,,,,,5,7/29/2025 15:41,,,,,,,,,,,,,2.85,72.64,72.63887057,72.63887057,17.28,,,,,
25Steph_AY1,4/27/2025,13,1145,19,6,,1130130145,,CP3678,13,2024 Winfield Untied - Croplan,3,,,,,2,7/29/2025 9:43,,,,,,,,,,5,7/29/2025 9:43,,,,,,,,,,,4.67,121.21,121.2129263,121.2129263,15.76,,,,,
25StP_C-9_AY1-3_URN-PEv2,4/16/2025,1,1145,6,16,,1010130145,,MN22342-2,50,MN16024-6/MN15119-2,3,16,6/16/2025 11:30,81,,0,6/17/2025 15:05,2,6/27/2025 10:32,1,7/3/2025 10:28,1,7/25/2025 11:41,,,,,,,,,,,,,,,,1.22,69.51,69.50854092,69.50854092,13.8,77,,,,
25Strath_AY1,5/8/2025,14,1145,19,6,,1140130145,,MN22071-4,42,MN16024-6/MN15005-4,3,,,,,1,7/30/2025 8:58,,,,,,,,,,3,7/30/2025 8:58,,,,,,,,,,,,114.95,114.95,114.95,,,,,,
25Was_AY1,1/1/2025,3,1145,2,5,,1030130145,,NDHRS15-0006-C46,59,2025 NDSU,3,16,,75,,0,7/17/2025 10:21,,,,,,,3,,,,,,,,,,,,,,,,55.1,55.1,55.1,,,,57.01,14.95,
25Beck_AY1,4/12/2025,9,1146,3,19,,1090130146,,MN22356-2,51,MN15530-4/MN15005-4,3,,,,,,,,,,,,,,,,,,,,,,,,,,,,1.62,43.18,43.17624,43.17624,13.5,,,59.13,14.1,
25Ben_AY1,4/18/2025,16,1146,18,6,,1160130146,,TCG-Wildcat,67,2020 21st Century Genetics,3,,,,,0,7/15/2025 11:41,,,,,,,,,,,,0,7/15/2025 11:41,,,,,,,,,3.13,82.58,82.58173039,82.58173039,14.37,,,,,
25Crk_AY1_Conv,4/24/2025,6,1146,3,15,,1060130146,possible error,MN22342-2,50,MN16024-6/MN15119-2,2,,,,,,,2,8/4/2025 18:01,,,,,,,,,,,,,,,,,,Plot shift,7/2/2025 11:43,,100.05,100.05,100.05,,0,,,,
25Ferg_AY1,4/21/2025,10,1146,18,6,,1100130146,,Shelly,62,2016 MN,3,,,,,0,7/28/2025 11:41,0,8/5/2025 17:41,,,,,,6,7/28/2025 11:41,,,NA,7/28/2025 11:41,,,,,,,,,3.39,90.58,90.58007262,90.58007262,13.28,,,,,
25Hall_AY1,4/26/2025,15,1146,18,6,,1150130146,,CP3099A,10,2020 Winfield Untied - Croplan,3,,,,,,,,,,,,,,,,,,,,,,,,,,,,5.04,129.82,129.8226623,129.8226623,16.4,,,,,
25Lamb_AY1conv,4/15/2025,4,1146,22,9,,1040130146,,MS Cobra,55,"2022 Meridian Seeds, LLC",3,13,,81.28,,,,,,,,,,0,,,,,,,,,,,3,7/17/2025 15:24,,,,68.01,82.89451033,82.89451033,,,,,,
25LeCen_AY1,4/11/2025,17,1146,18,6,,1170130146,,LCS Trigger,31,2016 Limagrain Cereal Seeds,3,,,,,0,7/4/2025 16:25,0,7/17/2025 9:14,,,,,,,,,,,,,,,,,,,,3.4,89.62,89.61969017,89.61969017,13.75,,,,,
25Oklee_AY1,4/26/2025,12,1146,29,6,,1120130146,,Dyna-Gro Ambush,17,2017 Nutrien Ag Solutions,3,,,,,0,7/30/2025 12:07,,,,,,,,,,,,,,,,,,,,,,3.21,81.21,81.21098568,81.21098568,17.89,,,,,
25Perl_AY1,4/21/2025,11,1146,18,6,,1110130146,,ND Thresher,58,2023 NDSU,3,,,,,0,7/28/2025 15:18,,,,,,,,,,,,5,7/28/2025 15:18,,,,,,,,,4.22,112.41,112.4064276,112.4064276,13.55,,,,,
25Ros_AY1conv,4/25/2025,7,1146,18,6,,1070130146,,Enhance-SD,21,2024 SD State University,3,22,,78.74,,,,,,,,,,,7,7/29/2025 15:41,,,,,,,,,,,,,2.83,72.16,72.15528312,72.15528312,17.25,,,,,
25Steph_AY1,4/27/2025,13,1146,18,6,,1130130146,,TW Olympic,69,2022 Thunder Seed,3,,,,,3,7/29/2025 9:43,,,,,,,,,,4,7/29/2025 9:43,,,,,,,,,,,4.83,124.31,124.3092108,124.3092108,16.47,,,,,
25StP_C-9_AY1-3_URN-PEv2,4/16/2025,1,1146,7,16,,1010130146,,AP Murdock,4,2020 AgriPro/Syngenta,3,16,6/16/2025 11:30,71,,0,6/17/2025 15:05,7,6/27/2025 10:32,4,7/3/2025 10:28,5,7/25/2025 11:41,,,,,,,,,,,,,,,,1.205,68.41,68.41499293,68.41499293,14.1,76.8,,,,
25Strath_AY1,5/8/2025,14,1146,18,6,,1140130146,,Knudson,23,long term check,3,,,,,2,7/30/2025 8:58,,,,,,,,,,4,7/30/2025 8:58,,,,,,,,,,,,109.34,109.34,109.34,,,,,,
25Was_AY1,1/1/2025,3,1146,3,5,,1030130146,,Driver,15,2019 SD State University,3,16,,80,,0,7/17/2025 10:21,,,,,,,2,,,,,,,,,,,,,,,,53.48,53.48,53.48,,,,56.85,14.23,
25Beck_AY1,4/12/2025,9,1147,4,19,,1090130147,,Marshall,33,long term check,3,,,,,,,,,,,,,,,,,,,,,,,,,,,,1.56,41.58,41.57712,41.57712,13.5,,,55.45,14.61,
25Ben_AY1,4/18/2025,16,1147,17,6,,1160130147,,AP Iconic,3,2025 AgriPro/Syngenta,3,,,,,0,7/15/2025 11:41,,,,,,,,,,,,0,7/15/2025 11:41,,,,,,,,,3.95,103.64,103.6445441,103.6445441,14.84,,,,,
25Crk_AY1_Conv,4/24/2025,6,1147,4,16,,1060130147,,TCG-Badlands,66,2023 21st Century Genetics,3,,,,,,,2,8/4/2025 18:03,,,,,,,,,,,,,,,,,,,,,102.24,102.24,102.24,,0,,,,
25Ferg_AY1,4/21/2025,10,1147,17,6,,1100130147,,Brawn-SD,7,2022 SD State University,3,,,,,1,7/28/2025 11:41,1,8/5/2025 17:41,,,,,,7,7/28/2025 11:41,,,NA,7/28/2025 11:41,,,,,,,,,3.49,93.54,93.5423885,93.5423885,13.01,,,,,
25Hall_AY1,4/26/2025,15,1147,17,6,,1150130147,,WB9590,72,2017 WestBred,3,,,,,,,,,,,,,,,,,,,,,,,,,,,,4.12,105.91,105.9090706,105.9090706,16.57,,,,,
25Lamb_AY1conv,4/15/2025,4,1147,23,9,,1040130147,,LCS Hammer AX,29,2022 Limagrain Cereal Seeds,3,13,,76.2,,,,,,,,,,0,,,,,,,,,,,4,7/17/2025 15:24,,,,64.1,68.01197505,68.01197505,,,,,,
25LeCen_AY1,4/11/2025,17,1147,17,6,,1170130147,,CP3915,14,2019 Winfield Untied - Croplan,3,,,,,0,7/4/2025 16:25,2,7/17/2025 9:14,,,,,,,,,,,,,,,,,,,,3.35,88.27,88.26616532,88.26616532,11.94,,,,,
25Oklee_AY1,4/26/2025,12,1147,28,6,,1120130147,,SY Valda,64,2015 AgriPro/Syngenta,3,,,,,0,7/30/2025 12:07,,,,,,,,,,,,,,,,,,,,,,3.74,95.4,95.40325271,95.40325271,17.21,,,,,
25Perl_AY1,4/21/2025,11,1147,17,6,,1110130147,,AP Murdock,4,2020 AgriPro/Syngenta,3,,,,,0,7/28/2025 15:18,,,,,,,,,,,,6,7/28/2025 15:18,,,,,,,,,4.55,120.52,120.5235792,120.5235792,14.03,,,,,
25Ros_AY1conv,4/25/2025,7,1147,17,6,,1070130147,,Driver,15,2019 SD State University,3,23,,58.42,,,,,,,,,,,5,7/29/2025 15:41,,,,,,,,,,,,,2.96,73.4,73.39954638,73.39954638,19.52,,,,,
25Steph_AY1,4/27/2025,13,1147,17,6,,1130130147,,Dyna-Gro 8582,16,2024 Nutrien Ag Solutions,3,,,,,0,7/29/2025 9:43,,,,,,,,,,5,7/29/2025 9:43,,,,,,,,,,,4.08,107.86,107.8601818,107.8601818,14.2,,,,,
25StP_C-9_AY1-3_URN-PEv2,4/16/2025,1,1147,8,16,,1010130147,,TW Olympic,69,2022 Thunder Seed,3,18,6/18/2025 13:39,81,,0,6/17/2025 15:05,6,6/27/2025 10:32,3,7/3/2025 10:28,5,7/25/2025 11:41,,,,,,,,,,,,,,,,1.275,72.64,72.64212269,72.64212269,13.8,77,,,,
25Strath_AY1,5/8/2025,14,1147,17,6,,1140130147,,TCG-Arsenal,65,2024 21st Century Genetics,3,,,,,1,7/30/2025 8:58,,,,,,,,,,4,7/30/2025 8:58,,,,,,,,,,,,118.96,118.96,118.96,,,,,,
25Was_AY1,1/1/2025,3,1147,4,5,,1030130147,,CP3915,14,2019 Winfield Untied - Croplan,3,16,,75,,0,7/17/2025 10:21,,,,,,,3,,,,,,,,,,,,,,,,45.29,45.29,45.29,,,,57.65,15.18,
25Beck_AY1,4/12/2025,9,1148,5,19,,1090130148,Late,CP3678,13,2024 Winfield Untied - Croplan,3,,,,,,,,,,,,,,,,,,,,,,,,,,,,2.8,73.56,73.56444985,73.56444985,14.73,,,58.32,15.93,
25Ben_AY1,4/18/2025,16,1148,16,6,,1160130148,,Dyna-Gro Ballistic,18,2018 Nutrien Ag Solutions,3,,,,,0,7/15/2025 11:41,,,,,,,,,,,,0,7/15/2025 11:41,,,,,,,,,3.84,98.79,98.79418821,98.79418821,16.5,,,,,
25Crk_AY1_Conv,4/24/2025,6,1148,5,16,,1060130148,,CP3678,13,2024 Winfield Untied - Croplan,3,,,,,,,4,8/4/2025 18:03,,,,,,,,,,,,,,,,,,,,,103.11,103.11,103.11,,0,,,,
25Ferg_AY1,4/21/2025,10,1148,16,6,,1100130148,,CP3915,14,2019 Winfield Untied - Croplan,3,,,,,0,7/28/2025 11:41,0,8/5/2025 17:41,,,,,,8,7/28/2025 11:42,,,NA,7/28/2025 11:42,,,,,,,,,3.1,82.62,82.6212,82.6212,13.5,,,,,
25Hall_AY1,4/26/2025,15,1148,16,6,,1150130148,,AP Smith,5,2021 AgriPro/Syngenta,3,,,,,,,,,,,,,,,,,,,,,,,,,,,,4.61,110.27,110.2666572,110.2666572,22.37,,,,,
25Lamb_AY1conv,4/15/2025,4,1148,24,9,,1040130148,,MN-Torgy,35,2020 MN,3,13,,83.82,,,,,,,,,,0,,,,,,,,,,,4,7/17/2025 15:24,,,,71.99,64.10311344,64.10311344,,,,,,
25LeCen_AY1,4/11/2025,17,1148,16,6,,1170130148,Mechanical,Driver,15,2019 SD State University,3,,,,,0,7/4/2025 16:26,0,7/17/2025 9:14,,,,,,,,,,,,,,,,,,,,2.82,74.17,,,14.18,,,,,
25Oklee_AY1,4/26/2025,12,1148,27,6,,1120130148,,LCS Boom,25,2023 Limagrain Cereal Seeds,3,,,,,0,7/30/2025 12:07,,,,,,,,,,,,,,,,,,,,,,3.37,84.02,84.02324926,84.02324926,19.08,,,,,
25Perl_AY1,4/21/2025,11,1148,16,6,,1110130148,,MN21168-1,38,10FAR-3134-1/MN14223-5,3,,,,,0,7/28/2025 15:18,,,,,,,,,,,,5,7/28/2025 15:18,,,,,,,,,4.75,123.93,123.9333406,123.9333406,15.32,,,,,
25Ros_AY1conv,4/25/2025,7,1148,16,6,,1070130148,,Dyna-Gro Ambush,17,2017 Nutrien Ag Solutions,3,20,,76.2,,,,,,,,,,,8,7/29/2025 15:41,,,,,,,,,,,,,3.14,78.33,78.32742415,78.32742415,19.04,,,,,
25Steph_AY1,4/27/2025,13,1148,16,6,,1130130148,,CAG Ceres,8,2024 Champions Alliance Group Inc,3,,,,,1,7/29/2025 9:43,,,,,,,,,,4,7/29/2025 9:43,,,,,,,,,,,4.24,109.92,109.921352,109.921352,15.86,,,,,
25StP_C-9_AY1-3_URN-PEv2,4/16/2025,1,1148,9,16,,1010130148,,MS Nova,56,"2023 Meridian Seeds, LLC",3,13,6/12/2025 10:26,83.66666667,,0,6/17/2025 15:05,5,6/27/2025 10:32,2,7/3/2025 10:28,1,7/25/2025 11:41,,,,,,,,,,,,,,,,1.36,78.29,78.29393827,78.29393827,12.9,81.2,,,,
25Strath_AY1,5/8/2025,14,1148,16,6,,1140130148,,AP Iconic,3,2025 AgriPro/Syngenta,3,,,,,2,7/30/2025 8:58,,,,,,,,,,8,7/30/2025 8:58,,,,,,,,,,,,112.56,112.56,112.56,,,,,,
25Was_AY1,1/1/2025,3,1148,5,5,,1030130148,,MS Nova,56,"2023 Meridian Seeds, LLC",3,12,,70,,0,7/17/2025 10:21,,,,,,,3,,,,,,,,,,,,,,,,43.82,43.82,43.82,,,,56.74,15.25,
25Beck_AY1,4/12/2025,9,1149,6,19,,1090130149,,MN21385-1,41,Linkert-gpcB1/MN-Washburn-A//MN13479-8,3,,,,,,,,,,,,,,,,,,,,,,,,,,,,2.1,55.97,55.9692,55.9692,13.5,,,57.68,14.65,
25Ben_AY1,4/18/2025,16,1149,15,6,,1160130149,,MN21089-4,36,MN14223-5/MN-Rothsay,3,,,,,0,7/15/2025 11:41,,,,,,,,,,,,0,7/15/2025 11:41,,,,,,,,,3.72,95.09,95.0879272,95.0879272,17.04,,,,,
25Crk_AY1_Conv,4/24/2025,6,1149,6,16,,1060130149,,MN22131-3,43,MN15482-4/MN15005-4,3,,,,,,,2,8/4/2025 18:03,,,,,,,,,,,,,,,,,,,,,103.37,103.37,103.37,,0,,,,
25Ferg_AY1,4/21/2025,10,1149,15,6,,1100130149,,CP3530,11,2022 Winfield Untied - Croplan,3,,,,,1,7/28/2025 11:42,0,8/5/2025 17:41,,,,,,6,7/28/2025 11:42,,,NA,7/28/2025 11:42,,,,,,,,,3.82,101.55,101.5516996,101.5516996,13.72,,,,,
25Hall_AY1,4/26/2025,15,1149,15,6,,1150130149,better leaves,MN21263-3,40,MN15332/MN-Washburn-A//MN-Rothsay,3,,,,,,,,,,,,,,,,,,,,,,,,,,,,4.02,99.6,99.59781533,99.59781533,19.59,,,,,
25Lamb_AY1conv,4/15/2025,4,1149,25,9,,1040130149,,ND Thresher,58,2023 NDSU,3,15,,76.2,,,,,,,,,,0,,,,,,,,,,,5,7/17/2025 15:25,,,,61.38,71.99148546,71.99148546,,,,,,
25LeCen_AY1,4/11/2025,17,1149,15,6,,1170130149,,AP Murdock,4,2020 AgriPro/Syngenta,3,,,,,0,7/4/2025 16:26,3,7/17/2025 9:14,,,,,,,,,,,,,,,,,,,,3.54,93.36,93.35501642,93.35501642,14.1,,,,,
25Oklee_AY1,4/26/2025,12,1149,26,6,,1120130149,,Dyna-Gro Commander,19,2019 Nutrien Ag Solutions,3,,,,,0,7/30/2025 12:07,,,,,,,,,,,,,,,,,,,,,,3.8,97.65,97.64799815,97.64799815,16.6,,,,,
25Perl_AY1,4/21/2025,11,1149,15,6,,1110130149,,MN22154-1,44,BW980/MN10201-4-A//MN15005,3,,,,,0,7/28/2025 15:18,,,,,,,,,,,,4,7/28/2025 15:18,,,,,,,,,4.46,115.12,115.116366,115.116366,16.23,,,,,
25Ros_AY1conv,4/25/2025,7,1149,15,6,,1070130149,,MN22227-1,46,MN15413-2/MN10201-4-A//Linkert-gpcB1/MN13288-1-1/3/MN15482-4/Shelly//MN15482-4/MN10261-1,3,22,,68.58,,,,,,,,,,,8,7/29/2025 15:42,,,,,,,,,,,,,2.56,65.46,65.4605164,65.4605164,17.01,,,,,
25Steph_AY1,4/27/2025,13,1149,15,6,,1130130149,,AP Smith,5,2021 AgriPro/Syngenta,3,,,,,0,7/29/2025 9:43,,,,,,,,,,4,7/29/2025 9:43,,,,,,,,,,,4.5,116.05,116.0517434,116.0517434,16.3,,,,,
25StP_C-9_AY1-3_URN-PEv2,4/16/2025,1,1149,10,16,,1010130149,,MN22154-1,44,BW980/MN10201-4-A//MN15005,3,16,6/16/2025 11:30,79.33333333,,0,6/17/2025 15:05,5,6/27/2025 10:32,3,7/3/2025 10:28,3,7/25/2025 11:41,,,,,,,,,,,,,,,,1.25,72.13,72.12657876,72.12657876,12.7,79.9,,,,
25Strath_AY1,5/8/2025,14,1149,15,6,,1140130149,,TW Olympic,69,2022 Thunder Seed,3,,,,,6,7/30/2025 8:58,,,,,,,,,,4,7/30/2025 8:59,,,,,,,,,,,,120.11,120.11,120.11,,,,,,
25Was_AY1,1/1/2025,3,1149,6,5,,1030130149,,TCG-Badlands,66,2023 21st Century Genetics,3,12,,70,,0,7/17/2025 10:22,,,,,,,4,,,,,,,,,,,,,,,,46.69,46.69,46.69,,,,56.76,14.3,
25Beck_AY1,4/12/2025,9,1150,7,19,,1090130150,,MN22314-2,47,MN15482-4/MN10201-4-A,3,,,,,,,,,,,,,,,,,,,,,,,,,,,,1.48,39.44,39.44496,39.44496,13.5,,,58.21,13.9,
25Ben_AY1,4/18/2025,16,1150,14,6,,1160130150,,AP Smith,5,2021 AgriPro/Syngenta,3,,,,,0,7/15/2025 11:41,,,,,,,,,,,,0,7/15/2025 11:41,,,,,,,,,3.6,93.97,93.97279519,93.97279519,15.28,,,,,
25Crk_AY1_Conv,4/24/2025,6,1150,7,16,,1060130150,,Linkert,32,2013 MN,3,,,,,,,3,8/4/2025 18:03,,,,,,,,,,,,,,,,,,,,,97.71,97.71,97.71,,0,,,,
25Ferg_AY1,4/21/2025,10,1150,14,6,,1100130150,,PFS Muffins,60,2026 Peterson Farms Seed,3,,,,,1,7/28/2025 11:42,1,8/5/2025 17:41,,,,,,6,7/28/2025 11:42,,,NA,7/28/2025 11:42,,,,,,,,,3.56,95.31,95.30890771,95.30890771,13.11,,,,,
25Hall_AY1,4/26/2025,15,1150,14,6,,1150130150,,Linkert,32,2013 MN,3,,,,,,,,,,,,,,,,,,,,,,,,,,,,3.83,97.5,97.49843883,97.49843883,17.38,,,,,
25Lamb_AY1conv,4/15/2025,4,1150,26,9,,1040130150,,MN22131-3,43,MN15482-4/MN15005-4,3,12,,81.28,,,,,,,,,,0,,,,,,,,,,,4,7/17/2025 15:25,,,,64.37,61.38159957,61.38159957,,,,,,
25LeCen_AY1,4/11/2025,17,1150,14,6,,1170130150,,MN22199-2,45,MN16360/MN15005,3,,,,,0,7/4/2025 16:26,3,7/17/2025 9:14,,,,,,,,,,,,,,,,,,,,3.28,86.42,86.42457156,86.42457156,14.02,,,,,
25Oklee_AY1,4/26/2025,12,1150,25,6,,1120130150,,TCG-Arsenal,65,2024 21st Century Genetics,3,,,,,0,7/30/2025 12:07,,,,,,,,,,,,,,,,,,,,,,3.85,96.56,96.56035006,96.56035006,18.6,,,,,
25Perl_AY1,4/21/2025,11,1150,14,6,,1110130150,,SY Valda,64,2015 AgriPro/Syngenta,3,,,,,0,7/28/2025 15:18,,,,,,,,,,,,3,7/28/2025 15:18,,,,,,,,,4.84,124.92,124.9244869,124.9244869,16.23,,,,,
25Ros_AY1conv,4/25/2025,7,1150,14,6,,1070130150,,Knudson,23,long term check,3,23,,81.28,,,,,,,,,,,7,7/29/2025 15:42,,,,,,,,,,,,,2.63,66.37,66.36717739,66.36717739,18.1,,,,,
25Steph_AY1,4/27/2025,13,1150,14,6,,1130130150,,Dyna-Gro Ambush,17,2017 Nutrien Ag Solutions,3,,,,,3,7/29/2025 9:43,,,,,,,,,,5,7/29/2025 9:43,,,,,,,,,,,4.46,114.42,114.4155262,114.4155262,16.74,,,,,
25StP_C-9_AY1-3_URN-PEv2,4/16/2025,1,1150,11,16,,1010130150,,Driver,15,2019 SD State University,3,18,6/18/2025 13:40,81.66666667,,0,6/17/2025 15:05,7,6/27/2025 10:32,4,7/3/2025 10:28,3,7/25/2025 11:41,,,,,,,,,,,,,,,,1.18,67.62,67.61953509,67.61953509,13.3,80.3,,,,
25Strath_AY1,5/8/2025,14,1150,14,6,,1140130150,,MN21090-4,37,MN14223-5/MN-Rothsay,3,,,,,4,7/30/2025 8:59,,,,,,,,,,4,7/30/2025 8:59,,,,,,,,,,,,124.35,124.35,124.35,,,,,,
25Was_AY1,1/1/2025,3,1150,7,5,,1030130150,,LCS Ascent,24,2022 Limagrain Cereal Seeds,3,11,,70,,0,7/17/2025 10:22,,,,,,,4,,,,,,,,,,,,,,,,43.17,43.17,43.17,,,,56.06,14.43,
25Beck_AY1,4/12/2025,9,1151,8,19,,1090130151,,Dyna-Gro 8582,16,2024 Nutrien Ag Solutions,3,,,,,,,,,,,,,,,,,,,,,,,,,,,,2.24,59.7,59.70048,59.70048,13.5,,,57.8,14.36,
25Ben_AY1,4/18/2025,16,1151,13,6,,1160130151,,WB9590,72,2017 WestBred,3,,,,,0,7/15/2025 11:41,,,,,,,,,,,,1,7/15/2025 11:41,,,,,,,,,3.82,99.95,99.95097744,99.95097744,15.08,,,,,
25Crk_AY1_Conv,4/24/2025,6,1151,8,16,,1060130151,,Knudson,23,long term check,3,,,,,,,3,8/4/2025 18:03,,,,,,,,,,,,,,,,,,,,,98.54,98.54,98.54,,0,,,,
25Ferg_AY1,4/21/2025,10,1151,13,6,,1100130151,,LCS Boom,25,2023 Limagrain Cereal Seeds,3,,,,,0,7/28/2025 11:42,0,8/5/2025 17:41,,,,,,8,7/28/2025 11:42,,,NA,7/28/2025 11:42,,,,,,,,,3.46,91.08,91.0752144,91.0752144,14.57,,,,,
25Hall_AY1,4/26/2025,15,1151,13,6,,1150130151,,MS Charger,54,"2023 Meridian Seeds, LLC",3,,,,,,,,,,,,,,,,,,,,,,,,,,,,4.4,111.22,111.2223393,111.2223393,17.96,,,,,
25Lamb_AY1conv,4/15/2025,4,1151,27,9,,1040130151,,WB9590,72,2017 WestBred,3,12,,76.2,,,,,,,,,,0,,,,,,,,,,,4,7/17/2025 15:25,,,,70.8,64.37336441,64.37336441,,,,,,
25LeCen_AY1,4/11/2025,17,1151,13,6,,1170130151,,CP3555,12,2024 Winfield Untied - Croplan,3,,,,,0,7/4/2025 16:26,5,7/17/2025 9:14,,,,,,,,,,,,,,,,,,,,4.08,107.73,107.7320675,107.7320675,12.8,,,,,
25Oklee_AY1,4/26/2025,12,1151,24,6,,1120130151,,NDHRS15-0006-C46,59,2025 NDSU,3,,,,,0,7/30/2025 12:07,,,,,,,,,,,,,,,,,,,,,,3.91,103.49,103.4864808,103.4864808,14.1,,,,,
25Perl_AY1,4/21/2025,11,1151,13,6,,1110130151,,AP Smith,5,2021 AgriPro/Syngenta,3,,,,,0,7/28/2025 15:18,,,,,,,,,,,,4,7/28/2025 15:18,,,,,,,,,4.34,111.93,111.9254591,111.9254591,16.3,,,,,
25Ros_AY1conv,4/25/2025,7,1151,13,6,,1070130151,,AP Smith,5,2021 AgriPro/Syngenta,3,23,,63.5,,,,,,,,,,,7,7/29/2025 15:42,,,,,,,,,,,,,2.21,58.9,58.90092,58.90092,13.5,,,,,
25Steph_AY1,4/27/2025,13,1151,13,6,,1130130151,,LCS Boom,25,2023 Limagrain Cereal Seeds,3,,,,,0,7/29/2025 9:44,,,,,,,,,,7,7/29/2025 9:44,,,,,,,,,,,4.06,105.64,105.6426738,105.6426738,15.55,,,,,
25StP_C-9_AY1-3_URN-PEv2,4/16/2025,1,1151,11,17,,1010130151,,CAG Recoil,9,2022 Champions Alliance Group Inc,3,21,6/23/2025 12:15,82.66666667,,0,6/17/2025 15:08,0,6/27/2025 10:34,0,7/3/2025 10:31,0,7/25/2025 11:44,,,,,,,,,,,,,,,,1.165,67.07,67.06796918,67.06796918,12.9,76.9,,,,
25Strath_AY1,5/8/2025,14,1151,13,6,,1140130151,nice,MN22342-2,50,MN16024-6/MN15119-2,3,,,,,0,7/30/2025 8:59,,,,,,,,,,6,7/30/2025 8:59,,,,,,,,,,,,107.19,107.19,107.19,,,,,,
25Was_AY1,1/1/2025,3,1151,8,5,,1030130151,,CP3099A,10,2020 Winfield Untied - Croplan,3,23,,85,,0,7/17/2025 10:22,,,,,,,2,,,,,,,,,,,,,,,,41.93,41.93,41.93,,,,52.73,13.24,
25Beck_AY1,4/12/2025,9,1152,9,19,,1090130152,,LCS Buster,26,2020 Limagrain Cereal Seeds,3,,,,,,,,,,,,,,,,,,,,,,,,,,,,2,51.99,51.99142751,51.99142751,15.63,,,55.94,12.71,
25Ben_AY1,4/18/2025,16,1152,12,6,,1160130152,,LCS Trigger,31,2016 Limagrain Cereal Seeds,3,,,,,0,7/15/2025 11:42,,,,,,,,,,,,0,7/15/2025 11:42,,,,,,,,,4.19,108.68,108.6767498,108.6767498,15.82,,,,,
25Crk_AY1_Conv,4/24/2025,6,1152,9,16,,1060130152,,LCS Cannon,27,2018 Limagrain Cereal Seeds,3,,,,,,,3,8/4/2025 18:03,,,,,,,,,,,,,,,,,,,,,98.21,98.21,98.21,,0,,,,
25Ferg_AY1,4/21/2025,10,1152,12,6,,1100130152,,TCG-Badlands,66,2023 21st Century Genetics,3,,,,,0,7/28/2025 11:42,0,8/5/2025 17:41,,,,,,7,7/28/2025 11:42,,,NA,7/28/2025 11:42,,,,,,,,,3.08,83.23,83.22695528,83.22695528,12.3,,,,,
25Hall_AY1,4/26/2025,15,1152,12,6,,1150130152,,SY 611 CL2,63,2019 AgriPro/Syngenta,3,,,,,,,,,,,,,,,,,,,,,,,,,,,,3.7,94.5,94.49689984,94.49689984,17.11,,,,,
25Lamb_AY1conv,4/15/2025,4,1152,28,9,,1040130152,,AP Murdock,4,2020 AgriPro/Syngenta,3,12,,86.36,,,,,,,,,,0,,,,,,,,,,,6,7/17/2025 15:25,,,,73.82,70.8032646,70.8032646,,,,,,
25LeCen_AY1,4/11/2025,17,1152,12,6,,1170130152,,Dyna-Gro Commander,19,2019 Nutrien Ag Solutions,3,,,,,0,7/4/2025 16:26,4,7/17/2025 9:14,,,,,,,,,,,,,,,,,,,,3.61,95.22,95.21568532,95.21568532,13.67,,,,,
25Oklee_AY1,4/26/2025,12,1152,23,6,,1120130152,,LCS Dual,28,2021 Limagrain Cereal Seeds,3,,,,,0,7/30/2025 12:07,,,,,,,,,,,,,,,,,,,,,,3.59,91.12,91.12340368,91.12340368,17.62,,,,,
25Perl_AY1,4/21/2025,11,1152,12,6,,1110130152,,LCS Trigger,31,2016 Limagrain Cereal Seeds,3,,,,,0,7/28/2025 15:18,,,,,,,,,,,,2,7/28/2025 15:18,,,,,,,,,4.89,126.67,126.6670347,126.6670347,15.93,,,,,
25Ros_AY1conv,4/25/2025,7,1152,12,6,,1070130152,,AP Murdock,4,2020 AgriPro/Syngenta,3,22,,73.66,,,,,,,,,,,9,7/29/2025 15:42,,,,,,,,,,,,,2.43,62.97,62.97491699,62.97491699,15.89,,,,,
25Steph_AY1,4/27/2025,13,1152,12,6,,1130130152,,LCS Ascent,24,2022 Limagrain Cereal Seeds,3,,,,,2,7/29/2025 9:44,,,,,,,,,,7,7/29/2025 9:44,,,,,,,,,,,4.56,117.56,117.5569497,117.5569497,16.33,,,,,
25StP_C-9_AY1-3_URN-PEv2,4/16/2025,1,1152,10,17,,1010130152,,CP3530,11,2022 Winfield Untied - Croplan,3,18,6/18/2025 13:42,93.66666667,,0,6/17/2025 15:08,5,6/27/2025 10:34,2,7/3/2025 10:31,2,7/25/2025 11:44,,,,,,,,,,,,,,,,1.305,75.13,75.12763929,75.12763929,12.9,79.1,,,,
25Strath_AY1,5/8/2025,14,1152,12,6,,1140130152,,ND Stampede,57,2024 NDSU,3,,,,,2,7/30/2025 8:59,,,,,,,,,,5,7/30/2025 8:59,,,,,,,,,,,,132.14,132.14,132.14,,,,,,
25Was_AY1,1/1/2025,3,1152,9,5,,1030130152,,AP Elevate,2,2024 AgriPro/Syngenta,3,17,,75,,0,7/17/2025 10:22,,,,,,,2,,,,,,,,,,,,,,,,37.82,37.82,,,,,53.12,15.76,
25Beck_AY1,4/12/2025,9,1153,10,19,,1090130153,,MN22199-2,45,MN16360/MN15005,3,,,,,,,,,,,,,,,,,,,,,,,,,,,,1.64,43.71,43.70928,43.70928,13.5,,,60.31,13.69,
25Ben_AY1,4/18/2025,16,1153,11,6,,1160130153,,MN22071-4,42,MN16024-6/MN15005-4,3,,,,,0,7/15/2025 11:42,,,,,,,,,,,,0,7/15/2025 11:42,,,,,,,,,3.6,94.27,94.27228356,94.27228356,15.01,,,,,
25Crk_AY1_Conv,4/24/2025,6,1153,10,16,,1060130153,,AP Iconic,3,2025 AgriPro/Syngenta,3,,,,,,,3,8/4/2025 18:02,,,,,,,,,,,,,,,,,,,,,107.52,107.52,107.52,,0,,,,
25Ferg_AY1,4/21/2025,10,1153,11,6,,1100130153,,TCG-Arsenal,65,2024 21st Century Genetics,3,,,,,0,7/28/2025 11:42,0,8/5/2025 17:41,,,,,,5,7/28/2025 11:42,,,NA,7/28/2025 11:42,,,,,,,,,3.49,93.8,93.80046613,93.80046613,12.77,,,,,
25Hall_AY1,4/26/2025,15,1153,11,6,,1150130153,better leaves,MN22199-2,45,MN16360/MN15005,3,,,,,,,,,,,,,,,,,,,,,,,,,,,,4.57,111.84,111.8444556,111.8444556,20.57,,,,,
25Lamb_AY1conv,4/15/2025,4,1153,29,9,,1040130153,,MS Nova,56,"2023 Meridian Seeds, LLC",3,12,,78.74,,,,,,,,,,0,,,,,,,,,,,4,7/17/2025 15:25,,,,66.85,73.81812018,73.81812018,,,,,,
25LeCen_AY1,4/11/2025,17,1153,11,6,,1170130153,,SY Valda,64,2015 AgriPro/Syngenta,3,,,,,0,7/4/2025 16:26,4,7/17/2025 9:14,,,,,,,,,,,,,,,,,,,,3.48,91.75,91.75404671,91.75404671,13.94,,,,,
25Oklee_AY1,4/26/2025,12,1153,22,6,,1120130153,Thin,CAG Ceres,8,2024 Champions Alliance Group Inc,3,,,,,0,7/30/2025 12:08,,,,,,,,,,,,,,,,,,,,,,3.17,82.32,,,15.72,,,,,
25Perl_AY1,4/21/2025,11,1153,11,6,,1110130153,,CP3555,12,2024 Winfield Untied - Croplan,3,,,,,0,7/28/2025 15:18,,,,,,,,,,,,6,7/28/2025 15:18,,,,,,,,,4.08,105.82,105.8236609,105.8236609,15.82,,,,,
25Ros_AY1conv,4/25/2025,7,1153,11,6,,1070130153,,LCS Dual,28,2021 Limagrain Cereal Seeds,3,22,,81.28,,,,,,,,,,,7,7/29/2025 15:42,,,,,,,,,,,,,3.35,84.23,84.22648231,84.22648231,18.4,,,,,
25Steph_AY1,4/27/2025,13,1153,11,6,,1130130153,,Marshall,33,long term check,3,,,,,2,7/29/2025 9:44,,,,,,,,,,6,7/29/2025 9:44,,,,,,,,,,,4.35,113.78,113.7783123,113.7783123,15.11,,,,,
25StP_C-9_AY1-3_URN-PEv2,4/16/2025,1,1153,9,17,,1010130153,Nice Color (harvest),MN22356-2,51,MN15530-4/MN15005-4,3,14,6/13/2025 13:46,79,,0,6/17/2025 15:08,1,6/27/2025 10:35,1,7/3/2025 10:31,1,7/25/2025 11:44,,,,,,,,,,,,,,,,1.59,91.64,91.63991653,91.63991653,12.8,82.9,,,,
25Strath_AY1,5/8/2025,14,1153,11,6,,1140130153,,MN22154-1,44,BW980/MN10201-4-A//MN15005,3,,,,,1,7/30/2025 8:59,,,,,,,,,,4,7/30/2025 8:59,,,,,,,,,,,,115.18,115.18,115.18,,,,,,
25Was_AY1,1/1/2025,3,1153,10,5,,1030130153,,CAG Ceres,8,2024 Champions Alliance Group Inc,3,12,,80,,0,7/17/2025 10:22,,,,,,,3,,,,,,,,,,,,,,,,45.72,45.72,45.72,,,,56.24,14.92,
25Beck_AY1,4/12/2025,9,1154,11,19,,1090130154,,MN-Torgy,35,2020 MN,3,,,,,,,,,,,,,,,,,,,,,,,,,,,,1.62,43.18,43.17624,43.17624,13.5,,,58.1,14.39,
25Ben_AY1,4/18/2025,16,1154,10,6,,1160130154,,ND Stampede,57,2024 NDSU,3,,,,,0,7/15/2025 11:42,,,,,,,,,,,,0,7/15/2025 11:42,,,,,,,,,4.05,105.63,105.6320438,105.6320438,15.35,,,,,
25Crk_AY1_Conv,4/24/2025,6,1154,11,16,,1060130154,,ND Thresher,58,2023 NDSU,3,,,,,,,3,8/4/2025 18:02,,,,,,,,,,,,,,,,,,,,,108.63,108.63,108.63,,0,,,,
25Ferg_AY1,4/21/2025,10,1154,10,6,,1100130154,,MN22342-2,50,MN16024-6/MN15119-2,3,,,,,0,7/28/2025 11:42,0,8/5/2025 17:41,,,,,,7,7/28/2025 11:42,,,NA,7/28/2025 11:42,,,,,,,,,3.22,85.8,85.79959735,85.79959735,13.52,,,,,
25Hall_AY1,4/26/2025,15,1154,10,6,,1150130154,,LCS Cannon,27,2018 Limagrain Cereal Seeds,3,,,,,,,,,,,,,,,,,,,,,,,,,,,,3.98,103.27,103.2667327,103.2667327,15.79,,,,,
25Lamb_AY1conv,4/15/2025,4,1154,30,9,,1040130154,,MN22406-1,52,MN16360/MN15320-1,3,14,,73.66,,,,,,,,,,0,,,,,,,,,,,6,7/17/2025 15:25,,,,64.17,66.84526858,66.84526858,,,,,,
25LeCen_AY1,4/11/2025,17,1154,10,6,,1170130154,,MN21263-3,40,MN15332/MN-Washburn-A//MN-Rothsay,3,,,,,0,7/4/2025 16:26,0,7/17/2025 9:14,,,,,,,,,,,,,,,,,,,,3.48,91.76,91.76132994,91.76132994,14.57,,,,,
25Oklee_AY1,4/26/2025,12,1154,21,6,,1120130154,,Dyna-Gro Rocker,20,2023 Nutrien Ag Solutions,3,,,,,1,7/30/2025 12:08,,,,,,,,,,,,,,,,,,,,,,3.72,95.27,95.2713176,95.2713176,16.88,,,,,
25Perl_AY1,4/21/2025,11,1154,10,6,,1110130154,,CP3099A,10,2020 Winfield Untied - Croplan,3,,,,,0,7/28/2025 15:18,,,,,,,,,,,,3,7/28/2025 15:19,,,,,,,,,4.08,107.43,107.4327639,107.4327639,14.54,,,,,
25Ros_AY1conv,4/25/2025,7,1154,10,6,,1070130154,,LCS Rimfire,30,2025 Limagrain Cereal Seeds,3,21,,68.58,,,,,,,,,,,8,7/29/2025 15:42,,,,,,,,,,,,,3.01,76.87,76.874505,76.874505,17.11,,,,,
25Steph_AY1,4/27/2025,13,1154,10,6,,1130130154,,MN22406-1,52,MN16360/MN15320-1,3,,,,,0,7/29/2025 9:44,,,,,,,,,,7,7/29/2025 9:44,,,,,,,,,,,4.44,116.08,116.0776251,116.0776251,15.15,,,,,
25StP_C-9_AY1-3_URN-PEv2,4/16/2025,1,1154,8,17,,1010130154,,MN22322-2,48,MN15005/MN14223-5,3,18,6/18/2025 13:42,77.33333333,,0,6/17/2025 15:08,2,6/27/2025 10:35,2,7/3/2025 10:31,1,7/25/2025 11:44,,,,,,,,,,,,,,,,1.47,83.85,83.8492546,83.8492546,13.7,79.8,,,,
25Strath_AY1,5/8/2025,14,1154,10,6,,1140130154,,Driver,15,2019 SD State University,3,,,,,1,7/30/2025 8:59,,,,,,,,,,5,7/30/2025 8:59,,,,,,,,,,,,113.92,113.92,113.92,,,,,,
25Was_AY1,1/1/2025,3,1154,11,5,,1030130154,,CP3530,11,2022 Winfield Untied - Croplan,3,17,,75,,0,7/17/2025 10:22,,,,,,,4,,,,,,,,,,,,,,,,44.31,44.31,44.31,,,,56.89,15.32,
25Beck_AY1,4/12/2025,9,1155,12,19,,1090130155,,CAG Recoil,9,2022 Champions Alliance Group Inc,3,,,,,,,,,,,,,,,,,,,,,,,,,,,,2.38,62.59,62.58844758,62.58844758,14.65,,,56.84,13.39,
25Ben_AY1,4/18/2025,16,1155,9,6,,1160130155,,LCS Rimfire,30,2025 Limagrain Cereal Seeds,3,,,,,0,7/15/2025 11:42,,,,,,,,,,,,0,7/15/2025 11:42,,,,,,,,,3.67,96.72,96.71597925,96.71597925,14.47,,,,,
25Crk_AY1_Conv,4/24/2025,6,1155,12,16,,1060130155,,MN22227-1,46,MN15413-2/MN10201-4-A//Linkert-gpcB1/MN13288-1-1/3/MN15482-4/Shelly//MN15482-4/MN10261-1,3,,,,,,,3,8/4/2025 18:02,,,,,,,,,,,,,,,,,,,,,97.7,97.7,97.7,,0,,,,
25Ferg_AY1,4/21/2025,10,1155,9,6,,1100130155,,LCS Rimfire,30,2025 Limagrain Cereal Seeds,3,,,,,1,7/28/2025 11:42,2,8/5/2025 17:41,,,,,,8,7/28/2025 11:43,,,NA,7/28/2025 11:43,,,,,,,,,3.24,88.33,88.32910324,88.32910324,11.52,,,,,
25Hall_AY1,4/26/2025,15,1155,9,6,,1150130155,,TW Trailfire,70,2024 Thunder Seed,3,,,,,,,,,,,,,,,,,,,,,,,,,,,,4.3,110.05,110.0459539,110.0459539,16.94,,,,,
25Lamb_AY1conv,4/15/2025,4,1155,31,9,,1040130155,,LCS Trigger,31,2016 Limagrain Cereal Seeds,3,17,,88.9,,,,,,,,,,0,,,,,,,,,,,2,7/17/2025 15:25,,,,83.35,64.16529391,64.16529391,,,,,,
25LeCen_AY1,4/11/2025,17,1155,9,6,,1170130155,,ND Stampede,57,2024 NDSU,3,,,,,0,7/4/2025 16:26,3,7/17/2025 9:14,,,,,,,,,,,,,,,,,,,,3.82,100.83,100.8253221,100.8253221,14.77,,,,,
25Oklee_AY1,4/26/2025,12,1155,20,6,,1120130155,Late,LCS Buster,26,2020 Limagrain Cereal Seeds,3,,,,,1,7/30/2025 12:08,,,,,,,,,,,,,,,,,,,,,,4.33,104.7,104.7033526,104.7033526,21.52,,,,,
25Perl_AY1,4/21/2025,11,1155,9,6,,1110130155,,Linkert,32,2013 MN,3,,,,,0,7/28/2025 15:19,,,,,,,,,,,,6,7/28/2025 15:19,,,,,,,,,3.73,96.98,96.97550503,96.97550503,15.62,,,,,
25Ros_AY1conv,4/25/2025,7,1155,9,6,,1070130155,,SY Valda,64,2015 AgriPro/Syngenta,3,22,,73.66,,,,,,,,,,,8,7/29/2025 15:42,,,,,,,,,,,,,3.05,77.26,77.25706134,77.25706134,17.79,,,,,
25Steph_AY1,4/27/2025,13,1155,9,6,,1130130155,,Dyna-Gro Ballistic,18,2018 Nutrien Ag Solutions,3,,,,,2,7/29/2025 9:44,,,,,,,,,,5,7/29/2025 9:44,,,,,,,,,,,4.72,122.26,122.2634772,122.2634772,15.93,,,,,
25StP_C-9_AY1-3_URN-PEv2,4/16/2025,1,1155,7,17,,1010130155,,CP3678,13,2024 Winfield Untied - Croplan,3,20,6/20/2025 11:21,79.66666667,,0,6/17/2025 15:08,3,6/27/2025 10:35,2,7/3/2025 10:31,2,7/25/2025 11:44,,,,,,,,,,,,,,,,1.265,72.16,72.1559912,72.1559912,13.7,78.6,,,,
25Strath_AY1,5/8/2025,14,1155,9,6,,1140130155,,LCS Ascent,24,2022 Limagrain Cereal Seeds,3,,,,,2,7/30/2025 9:00,,,,,,,,,,9,7/30/2025 9:00,,,,,,,,,,,,112.96,112.96,112.96,,,,,,
25Was_AY1,1/1/2025,3,1155,12,5,,1030130155,,LCS Hammer AX,29,2022 Limagrain Cereal Seeds,3,16,,75,,0,7/17/2025 10:22,,,,,,,3,,,,,,,,,,,,,,,,42.07,42.07,42.07,,,,55.4,15.1,
25Beck_AY1,4/12/2025,9,1156,13,19,,1090130156,,Dyna-Gro Ballistic,18,2018 Nutrien Ag Solutions,3,,,,,,,,,,,,,,,,,,,,,,,,,,,,2.77,72.14,72.13614914,72.13614914,15.48,,,57.63,11.94,
25Ben_AY1,4/18/2025,16,1156,8,6,,1160130156,,LCS Dual,28,2021 Limagrain Cereal Seeds,3,,,,,0,7/15/2025 11:42,,,,,,,,,,,,0,7/15/2025 11:42,,,,,,,,,3.49,90.88,90.8755863,90.8755863,15.49,,,,,
25Crk_AY1_Conv,4/24/2025,6,1156,13,16,,1060130156,,Enhance-SD,21,2024 SD State University,3,,,,,,,2,8/4/2025 18:02,,,,,,,,,,,,,,,,,,,,,93.03,93.03,93.03,,0,,,,
25Ferg_AY1,4/21/2025,10,1156,8,6,,1100130156,,TCG-Zelda,68,2023 21st Century Genetics,3,,,,,0,7/28/2025 11:43,0,8/5/2025 17:41,,,,,,7,7/28/2025 11:43,,,NA,7/28/2025 11:43,,,,,,,,,3.66,98.13,98.13272562,98.13272562,12.98,,,,,
25Hall_AY1,4/26/2025,15,1156,8,6,,1150130156,,MN21172-3,39,Bolles/MN-Rothsay,3,,,,,,,,,,,,,,,,,,,,,,,,,,,,4.42,109.7,109.6987077,109.6987077,19.45,,,,,
25Lamb_AY1conv,4/15/2025,4,1156,32,9,,1040130156,,LCS Buster,26,2020 Limagrain Cereal Seeds,3,17,,91.44,,,,,,,,,,0,,,,,,,,,,,1,7/17/2025 15:25,,,,70.54,83.35415375,83.35415375,,,,,,
25LeCen_AY1,4/11/2025,17,1156,8,6,,1170130156,,MN22429-2,53,MN16396/MN14227-4,3,,,,,0,7/4/2025 16:26,0,7/17/2025 9:14,,,,,,,,,,,,,,,,,,,,3.74,98.68,98.68495399,98.68495399,14.06,,,,,
25Oklee_AY1,4/26/2025,12,1156,19,6,,1120130156,nice,MN21089-4,36,MN14223-5/MN-Rothsay,3,,,,,0,7/30/2025 12:08,,,,,,,,,,,,,,,,,,,,,,3.68,89.34,89.33725751,89.33725751,21.21,,,,,
25Perl_AY1,4/21/2025,11,1156,8,6,,1110130156,,CAG Ceres,8,2024 Champions Alliance Group Inc,3,,,,,0,7/28/2025 15:19,,,,,,,,,,,,2,7/28/2025 15:19,,,,,,,,,4.25,112.49,112.4853052,112.4853052,14.1,,,,,
25Ros_AY1conv,4/25/2025,7,1156,8,6,,1070130156,,Glenn,22,long term check,3,20,,73.66,,,,,,,,,,,8,7/29/2025 15:42,,,,,,,,,,,,,2.86,74.42,74.4182382,74.4182382,15.55,,,,,
25Steph_AY1,4/27/2025,13,1156,8,6,,1130130156,,Driver,15,2019 SD State University,3,,,,,3,7/29/2025 9:44,,,,,,,,,,6,7/29/2025 9:44,,,,,,,,,,,4.8,121.29,121.2890924,121.2890924,17.99,,,,,
25StP_C-9_AY1-3_URN-PEv2,4/16/2025,1,1156,6,17,,1010130156,,MN22406-1,52,MN16360/MN15320-1,3,14,6/13/2025 13:47,71.66666667,,0,6/17/2025 15:08,0,6/27/2025 10:35,1,7/3/2025 10:31,1,7/25/2025 11:44,,,,,,,,,,,,,,,,1.46,83.38,83.37535075,83.37535075,13.6,80.2,,,,
25Strath_AY1,5/8/2025,14,1156,8,6,,1140130156,nice,MN22341-1,49,MN15320-1/MN14105-7,3,,,,,0,7/30/2025 9:00,,,,,,,,,,5,7/30/2025 9:00,,,,,,,,,,,,113.38,113.38,113.38,,,,,,
25Was_AY1,1/1/2025,3,1156,13,5,,1030130156,,LCS Rimfire,30,2025 Limagrain Cereal Seeds,3,14,,70,,0,7/17/2025 10:22,,,,,,,3,,,,,,,,,,,,,,,,42.75,42.75,42.75,,,,55.2,14.56,
25Beck_AY1,4/12/2025,9,1157,14,19,,1090130157,,LCS Cannon,27,2018 Limagrain Cereal Seeds,3,,,,,,,,,,,,,,,,,,,,,,,,,,,,2.2,56.92,56.91942853,56.91942853,16.03,,,60.27,14.03,
25Ben_AY1,4/18/2025,16,1157,7,6,,1160130157,,AP Murdock,4,2020 AgriPro/Syngenta,3,,,,,0,7/15/2025 11:42,,,,,,,,,,,,0,7/15/2025 11:42,,,,,,,,,3.8,98.71,98.71346192,98.71346192,15.69,,,,,
25Crk_AY1_Conv,4/24/2025,6,1157,14,16,,1060130157,,MN21263-3,40,MN15332/MN-Washburn-A//MN-Rothsay,3,,,,,,,2,8/4/2025 18:02,,,,,,,,,,,,,,,,,,,,,118.56,118.56,118.56,,0,,,,
25Ferg_AY1,4/21/2025,10,1157,7,6,,1100130157,,MN22429-2,53,MN16396/MN14227-4,3,,,,,0,7/28/2025 11:43,0,8/5/2025 17:41,,,,,,7,7/28/2025 11:43,,,NA,7/28/2025 11:43,,,,,,,,,3.74,99.51,99.50562714,99.50562714,13.65,,,,,
25Hall_AY1,4/26/2025,15,1157,7,6,,1150130157,,CP3555,12,2024 Winfield Untied - Croplan,3,,,,,,,,,,,,,,,,,,,,,,,,,,,,4.51,113.53,113.5304333,113.5304333,18.3,,,,,
25Lamb_AY1conv,4/15/2025,4,1157,33,9,,1040130157,,MN-Rothsay,34,2022 MN,3,17,,76.2,,,,,,,,,,0,,,,,,,,,,,2,7/17/2025 15:25,,,,76.43,70.54181938,70.54181938,,,,,,
25LeCen_AY1,4/11/2025,17,1157,7,6,,1170130157,,AP Iconic,3,2025 AgriPro/Syngenta,3,,,,,0,7/4/2025 16:26,1,7/17/2025 9:14,,,,,,,,,,,,,,,,,,,,3.88,102.41,102.4108005,102.4108005,13.59,,,,,
25Oklee_AY1,4/26/2025,12,1157,18,6,,1120130157,,AP Smith,5,2021 AgriPro/Syngenta,3,,,,,0,7/30/2025 12:08,,,,,,,,,,,,,,,,,,,,,,3.81,94.31,94.31276995,94.31276995,19.66,,,,,
25Perl_AY1,4/21/2025,11,1157,7,6,,1110130157,,WB9590,72,2017 WestBred,3,,,,,0,7/28/2025 15:19,,,,,,,,,,,,5,7/28/2025 15:19,,,,,,,,,4.2,109.89,109.8937448,109.8937448,15.08,,,,,
25Ros_AY1conv,4/25/2025,7,1157,7,6,,1070130157,,Shelly,62,2016 MN,3,23,,68.58,,,,,,,,,,,8,7/29/2025 15:42,,,,,,,,,,,,,3.08,78.34,78.33962553,78.33962553,17.45,,,,,
25Steph_AY1,4/27/2025,13,1157,7,6,,1130130157,,MN21168-1,38,10FAR-3134-1/MN14223-5,3,,,,,1,7/29/2025 9:44,,,,,,,,,,6,7/29/2025 9:44,,,,,,,,,,,4.48,117.92,117.923977,117.923977,14.57,,,,,
25StP_C-9_AY1-3_URN-PEv2,4/16/2025,1,1157,5,17,,1010130157,,ND Stampede,57,2024 NDSU,3,16,6/16/2025 11:33,86.33333333,,0,6/17/2025 15:08,7,6/27/2025 10:35,3,7/3/2025 10:31,4,7/25/2025 11:44,,,,,,,,,,,,,,,,1.55,88.21,88.20758367,88.20758367,13.9,79.3,,,,
25Strath_AY1,5/8/2025,14,1157,7,6,,1140130157,,Brawn-SD,7,2022 SD State University,3,,,,,3,7/30/2025 9:00,,,,,,,,,,6,7/30/2025 9:00,,,,,,,,,,,,117.24,117.24,117.24,,,,,,
25Was_AY1,1/1/2025,3,1157,14,5,,1030130157,,Dyna-Gro 8582,16,2024 Nutrien Ag Solutions,3,12,,75,,0,7/17/2025 10:22,,,,,,,2,,,,,,,,,,,,,,,,57.68,57.68,57.68,,,,58,14.6,
25Beck_AY1,4/12/2025,9,1158,15,19,,1090130158,,WB9479,71,2017 WestBred,3,,,,,,,,,,,,,,,,,,,,,,,,,,,,2.04,54.37,54.37008,54.37008,13.5,,,58.56,14.63,
25Ben_AY1,4/18/2025,16,1158,6,6,,1160130158,,MN22429-2,53,MN16396/MN14227-4,3,,,,,0,7/15/2025 11:42,,,,,,,,,,,,0,7/15/2025 11:42,,,,,,,,,4.04,106.43,106.4292929,106.4292929,14.5,,,,,
25Crk_AY1_Conv,4/24/2025,6,1158,15,16,,1060130158,,LCS Ascent,24,2022 Limagrain Cereal Seeds,3,,,,,,,3,8/4/2025 18:02,,,,,,,,,,,,,,,,,,,,,121.14,121.14,121.14,,0,,,,
25Ferg_AY1,4/21/2025,10,1158,6,6,,1100130158,,MN22341-1,49,MN15320-1/MN14105-7,3,,,,,0,7/28/2025 11:43,0,8/5/2025 17:41,,,,,,6,7/28/2025 11:43,,,NA,7/28/2025 11:43,,,,,,,,,3.44,91.81,91.81007012,91.81007012,13.38,,,,,
25Hall_AY1,4/26/2025,15,1158,6,6,,1150130158,,TCG-Badlands,66,2023 21st Century Genetics,3,,,,,,,,,,,,,,,,,,,,,,,,,,,,4.47,111.12,111.1186892,111.1186892,19.32,,,,,
25Lamb_AY1conv,4/15/2025,4,1158,34,9,,1040130158,,CP3678,13,2024 Winfield Untied - Croplan,3,17,,83.82,,,,,,,,,,0,,,,,,,,,,,1,7/17/2025 15:25,,,,67.95,76.42746722,76.42746722,,,,,,
25LeCen_AY1,4/11/2025,17,1158,6,6,,1170130158,,Linkert,32,2013 MN,3,,,,,0,7/4/2025 16:26,0,7/17/2025 9:14,,,,,,,,,,,,,,,,,,,,2.84,74.7,74.7049748,74.7049748,14.65,,,,,
25Oklee_AY1,4/26/2025,12,1158,17,6,,1120130158,Late,LCS Trigger,31,2016 Limagrain Cereal Seeds,3,,,,,0,7/30/2025 12:09,,,,,,,,,,,,,,,,,,,,,,3.97,95.17,95.16643505,95.16643505,22.2,,,,,
25Perl_AY1,4/21/2025,11,1158,6,6,,1110130158,,LCS Rimfire,30,2025 Limagrain Cereal Seeds,3,,,,,0,7/28/2025 15:19,,,,,,,,,,,,4,7/28/2025 15:19,,,,,,,,,4.11,109.35,109.3497667,109.3497667,13.65,,,,,
25Ros_AY1conv,4/25/2025,7,1158,6,6,,1070130158,,Dyna-Gro Commander,19,2019 Nutrien Ag Solutions,3,21,,76.2,,,,,,,,,,,9,7/29/2025 15:42,,,,,,,,,,,,,2.58,68.76,68.76216,68.76216,13.5,,,,,
25Steph_AY1,4/27/2025,13,1158,6,6,,1130130158,,MN22227-1,46,MN15413-2/MN10201-4-A//Linkert-gpcB1/MN13288-1-1/3/MN15482-4/Shelly//MN15482-4/MN10261-1,3,,,,,1,7/29/2025 9:44,,,,,,,,,,7,7/29/2025 9:44,,,,,,,,,,,4.5,118.21,118.2147149,118.2147149,14.74,,,,,
25StP_C-9_AY1-3_URN-PEv2,4/16/2025,1,1158,4,17,,1010130158,,LCS Rimfire,30,2025 Limagrain Cereal Seeds,3,16,6/16/2025 11:33,79.33333333,,0,6/17/2025 15:08,7,6/27/2025 10:35,4,7/3/2025 10:31,6,7/25/2025 11:44,,,,,,,,,,,,,,,,1.265,71.4,71.40349535,71.40349535,14.6,74,,,,
25Strath_AY1,5/8/2025,14,1158,6,6,,1140130158,,AP Dagr,1,2025 AgriPro/Syngenta,3,,,,,6,7/30/2025 9:00,,,,,,,,,,8,7/30/2025 9:00,,,,,,,,,,,,114.43,114.43,114.43,,,,,,
25Was_AY1,1/1/2025,3,1158,15,5,,1030130158,,MN22356-2,51,MN15530-4/MN15005-4,3,16,,70,,0,7/17/2025 10:22,,,,,,,3,,,,,,,,,,,,,,,,56.89,56.89,56.89,,,,59.13,13.48,
25Beck_AY1,4/12/2025,9,1159,16,19,,1090130159,,ND Thresher,58,2023 NDSU,3,,,,,,,,,,,,,,,,,,,,,,,,,,,,2.06,54.69,54.69366301,54.69366301,13.83,,,56.3,13,
25Ben_AY1,4/18/2025,16,1159,5,6,,1160130159,,CP3555,12,2024 Winfield Untied - Croplan,3,,,,,0,7/15/2025 11:42,,,,,,,,,,,,0,7/15/2025 11:42,,,,,,,,,3.85,102.67,102.6695123,102.6695123,13.45,,,,,
25Crk_AY1_Conv,4/24/2025,6,1159,16,16,,1060130159,,Driver,15,2019 SD State University,3,,,,,,,3,8/4/2025 18:02,,,,,,,,,,,,,,,,,,,,,109.61,109.61,109.61,,0,,,,
25Ferg_AY1,4/21/2025,10,1159,5,6,,1100130159,,Dyna-Gro Ambush,17,2017 Nutrien Ag Solutions,3,,,,,1,7/28/2025 11:43,1,8/5/2025 17:41,,,,,,5,7/28/2025 11:43,,,NA,7/28/2025 11:43,,,,,,,,,3.51,92.42,92.42377479,92.42377479,14.54,,,,,
25Hall_AY1,4/26/2025,15,1159,5,6,,1150130159,,Ascend-SD,6,2021 SD State University,3,,,,,,,,,,,,,,,,,,,,,,,,,,,,4.76,121.47,121.4663205,121.4663205,17.18,,,,,
25Lamb_AY1conv,4/15/2025,4,1159,35,9,,1040130159,,Marshall,33,long term check,3,17,,76.2,,,,,,,,,,0,,,,,,,,,,,1,7/17/2025 15:25,,,,56.81,67.95147333,67.95147333,,,,,,
25LeCen_AY1,4/11/2025,17,1159,5,6,,1170130159,,WB9479,71,2017 WestBred,3,,,,,0,7/4/2025 16:26,0,7/17/2025 9:14,,,,,,,,,,,,,,,,,,,,3.34,88.03,88.03282451,88.03282451,14.81,,,,,
25Oklee_AY1,4/26/2025,12,1159,16,6,,1120130159,,AP Dagr,1,2025 AgriPro/Syngenta,3,,,,,0,7/30/2025 12:09,,,,,,,,,,,,,,,,,,,,,,3.86,98.74,98.73786468,98.73786468,16.98,,,,,
25Perl_AY1,4/21/2025,11,1159,5,6,,1110130159,,Enhance-SD,21,2024 SD State University,3,,,,,0,7/28/2025 15:19,,,,,,,,,,,,5,7/28/2025 15:19,,,,,,,,,4.46,115.49,115.4873988,115.4873988,15.96,,,,,
25Ros_AY1conv,4/25/2025,7,1159,5,6,,1070130159,,MN22314-2,47,MN15482-4/MN10201-4-A,3,22,,73.66,,,,,,,,,,,8,7/29/2025 15:42,,,,,,,,,,,,,2.63,66.62,66.61838404,66.61838404,17.79,,,,,
25Steph_AY1,4/27/2025,13,1159,5,6,,1130130159,,Ascend-SD,6,2021 SD State University,3,,,,,2,7/29/2025 9:44,,,,,,,,,,8,7/29/2025 9:44,,,,,,,,,,,4.43,118.18,118.1775562,118.1775562,13.42,,,,,
25StP_C-9_AY1-3_URN-PEv2,4/16/2025,1,1159,3,17,,1010130159,Late,Dyna-Gro Rocker,20,2023 Nutrien Ag Solutions,3,20,6/20/2025 11:21,81,,0,6/17/2025 15:08,8,6/27/2025 10:35,4,7/3/2025 10:32,6,7/25/2025 11:44,,,,,,,,,,,,,,,,1.015,57.9,57.89591389,57.89591389,13.7,-,,,,
25Strath_AY1,5/8/2025,14,1159,5,6,,1140130159,,PFS Muffins,60,2026 Peterson Farms Seed,3,,,,,1,7/30/2025 9:00,,,,,,,,,,5,7/30/2025 9:00,,,,,,,,,,,,121.37,121.37,121.37,,,,,,
25Was_AY1,1/1/2025,3,1159,16,5,,1030130159,,MN22429-2,53,MN16396/MN14227-4,3,16,,75,,0,7/17/2025 10:22,,,,,,,3,,,,,,,,,,,,,,,,51.8,51.8,51.8,,,,57.46,14.2,
25Beck_AY1,4/12/2025,9,1160,17,19,,1090130160,,PFS Muffins,60,2026 Peterson Farms Seed,3,,,,,,,,,,,,,,,,,,,,,,,,,,,,2.29,59.42,59.41729095,59.41729095,15.79,,,59.15,13.43,
25Ben_AY1,4/18/2025,16,1160,4,6,,1160130160,,MN21263-3,40,MN15332/MN-Washburn-A//MN-Rothsay,3,,,,,0,7/15/2025 11:42,,,,,,,,,,,,0,7/15/2025 11:42,,,,,,,,,3.65,96.95,96.95365963,96.95365963,13.79,,,,,
25Crk_AY1_Conv,4/24/2025,6,1160,17,16,,1060130160,,MN22322-2,48,MN15005/MN14223-5,3,,,,,,,3,8/4/2025 18:02,,,,,,,,,,,,,,,,,,,,,111.96,111.96,111.96,,0,,,,
25Ferg_AY1,4/21/2025,10,1160,4,6,,1100130160,,Linkert,32,2013 MN,3,,,,,0,7/28/2025 11:43,0,8/5/2025 17:41,,,,,,6,7/28/2025 11:43,,,NA,7/28/2025 11:43,,,,,,,,,3.07,81.39,81.38651914,81.38651914,13.96,,,,,
25Hall_AY1,4/26/2025,15,1160,4,6,,1150130160,,AP Murdock,4,2020 AgriPro/Syngenta,3,,,,,,,,,,,,,,,,,,,,,,,,,,,,4.23,108.7,108.69764,108.69764,16.6,,,,,
25Lamb_AY1conv,4/15/2025,4,1160,36,9,,1040130160,,MN22429-2,53,MN16396/MN14227-4,3,15,,86.36,,,,,,,,,,0,,,,,,,,,,,6,7/17/2025 15:26,,,,68.15,56.80980202,56.80980202,,,,,,
25LeCen_AY1,4/11/2025,17,1160,4,6,,1170130160,,CAG Ceres,8,2024 Champions Alliance Group Inc,3,,,,,0,7/4/2025 16:27,3,7/17/2025 9:14,,,,,,,,,,,,,,,,,,,,2.98,78.43,78.4312837,78.4312837,14.22,,,,,
25Oklee_AY1,4/26/2025,12,1160,15,6,,1120130160,,MN21385-1,41,Linkert-gpcB1/MN-Washburn-A//MN13479-8,3,,,,,0,7/30/2025 12:10,,,,,,,,,,,,,,,,,,,,,,3.7,91.59,91.58982909,91.58982909,19.66,,,,,
25Perl_AY1,4/21/2025,11,1160,4,6,,1110130160,possible error,LCS Cannon,27,2018 Limagrain Cereal Seeds,3,,,,,0,7/28/2025 15:19,,,,,,,,,,,,2,7/28/2025 15:19,,,,,,,,,4.54,116.8,116.8035454,116.8035454,16.5,,,,,
25Ros_AY1conv,4/25/2025,7,1160,4,6,,1070130160,,MS Charger,54,"2023 Meridian Seeds, LLC",3,22,,71.12,,,,,,,,,,,8,7/29/2025 15:42,,,,,,,,,,,,,2.95,74.51,74.50589709,74.50589709,18.03,,,,,
25Steph_AY1,4/27/2025,13,1160,4,6,,1130130160,,CP3099A,10,2020 Winfield Untied - Croplan,3,,,,,0,7/29/2025 9:44,,,,,,,,,,6,7/29/2025 9:44,,,,,,,,,,,4.24,111.07,111.0709929,111.0709929,14.98,,,,,
25StP_C-9_AY1-3_URN-PEv2,4/16/2025,1,1160,2,17,,1010130160,,LCS Boom,25,2023 Limagrain Cereal Seeds,3,13,6/12/2025 10:27,81,,0,6/17/2025 15:08,6,6/27/2025 10:35,4,7/3/2025 10:32,5,7/25/2025 11:44,,,,,,,,,,,,,,,,1.09,60.81,60.80510185,60.80510185,15.6,73.8,,,,
25Strath_AY1,5/8/2025,14,1160,4,6,,1140130160,,NDHRS15-0006-C46,59,2025 NDSU,3,,,,,0,7/30/2025 9:00,,,,,,,,,,5,7/30/2025 9:01,,,,,,,,,,,,127.49,127.49,127.49,,,,,,
25Was_AY1,1/1/2025,3,1160,17,5,,1030130160,,Brawn-SD,7,2022 SD State University,3,16,,85,,0,7/17/2025 10:22,,,,,,,3,,,,,,,,,,,,,,,,63.29,63.29,63.29,,,,59.96,13.85,
25Beck_AY1,4/12/2025,9,1161,18,19,,1090130161,,MN22429-2,53,MN16396/MN14227-4,3,,,,,,,,,,,,,,,,,,,,,,,,,,,,1.8,47.97,47.9736,47.9736,13.5,,,58.02,14.29,
25Ben_AY1,4/18/2025,16,1161,3,6,,1160130161,,Knudson,23,long term check,3,,,,,0,7/15/2025 11:43,,,,,,,,,,,,0,7/15/2025 11:43,,,,,,,,,3.15,83.96,83.96350564,83.96350564,13.49,,,,,
25Crk_AY1_Conv,4/24/2025,6,1161,18,16,,1060130161,,MN22154-1,44,BW980/MN10201-4-A//MN15005,3,,,,,,,3,8/4/2025 18:02,,,,,,,,,,,,,,,,,,,,,108.12,108.12,108.12,,0,,,,
25Ferg_AY1,4/21/2025,10,1161,3,6,,1100130161,,TW Olympic,69,2022 Thunder Seed,3,,,,,0,7/28/2025 11:43,1,8/5/2025 17:41,,,,,,5,7/28/2025 11:44,,,NA,7/28/2025 11:44,,,,,,,,,3.75,96.36,96.36315607,96.36315607,16.6,,,,,
25Hall_AY1,4/26/2025,15,1161,3,6,,1150130161,,MN21168-1,38,10FAR-3134-1/MN14223-5,3,,,,,,,,,,,,,,,,,,,,,,,,,,,,4.75,120.57,120.5671776,120.5671776,17.62,,,,,
25Lamb_AY1conv,4/15/2025,4,1161,37,9,,1040130161,,LCS Dual,28,2021 Limagrain Cereal Seeds,3,13,,76.2,,,,,,,,,,0,,,,,,,,,,,4,7/17/2025 15:26,,,,70.16,68.15298846,68.15298846,,,,,,
25LeCen_AY1,4/11/2025,17,1161,3,6,,1170130161,,Ascend-SD,6,2021 SD State University,3,,,,,2,7/4/2025 16:27,4,7/17/2025 9:15,,,,,,,,,,,,,,,,,,,,3.44,90.69,90.68889156,90.68889156,14.02,,,,,
25Oklee_AY1,4/26/2025,12,1161,14,6,,1120130161,,Enhance-SD,21,2024 SD State University,3,,,,,1,7/30/2025 12:10,,,,,,,,,,,,,,,,,,,,,,3.48,88.55,88.54577014,88.54577014,17.42,,,,,
25Perl_AY1,4/21/2025,11,1161,3,6,,1110130161,,MN22406-1,52,MN16360/MN15320-1,3,,,,,0,7/28/2025 15:20,,,,,,,,,,,,3,7/28/2025 15:20,,,,,,,,,3.92,101.13,101.1301975,101.1301975,16.27,,,,,
25Ros_AY1conv,4/25/2025,7,1161,3,6,,1070130161,,CP3555,12,2024 Winfield Untied - Croplan,3,21,,68.58,,,,,,,,,,,7,7/29/2025 15:42,,,,,,,,,,,,,3.36,84.79,84.78848518,84.78848518,18.1,,,,,
25Steph_AY1,4/27/2025,13,1161,3,6,,1130130161,Thin,MN22314-2,47,MN15482-4/MN10201-4-A,3,,,,,0,7/29/2025 9:45,,,,,,,,,,6,7/29/2025 9:45,,,,,,,,,,,4.03,103.6,,,16.57,,,,,
25StP_C-9_AY1-3_URN-PEv2,4/16/2025,1,1161,2,18,,1010130161,,SY 611 CL2,63,2019 AgriPro/Syngenta,3,18,6/18/2025 13:43,74.33333333,,0,6/17/2025 15:08,7,6/27/2025 10:35,3,7/3/2025 10:32,5,7/25/2025 11:45,,,,,,,,,,,,,,,,1.115,62.13,62.12601793,62.12601793,15.7,74.6,,,,
25Strath_AY1,5/8/2025,14,1161,3,6,,1140130161,,Dyna-Gro Ambush,17,2017 Nutrien Ag Solutions,3,,,,,2,7/30/2025 9:01,,,,,,,,,,7,7/30/2025 9:01,,,,,,,,,,,,121.16,121.16,121.16,,,,,,
25Was_AY1,1/1/2025,3,1161,18,5,,1030130161,,MN-Rothsay,34,2022 MN,3,20,,75,,0,7/17/2025 10:22,,,,,,,3,,,,,,,,,,,,,,,,53.2,53.2,53.2,,,,57.38,14.41,
25Beck_AY1,4/12/2025,9,1162,19,19,,1090130162,,MN21089-4,36,MN14223-5/MN-Rothsay,3,,,,,,,,,,,,,,,,,,,,,,,,,,,,1.5,39.98,39.978,39.978,13.5,,,60.47,15.03,
25Ben_AY1,4/18/2025,16,1162,2,6,,1160130162,PLS,MN21168-1,38,10FAR-3134-1/MN14223-5,3,,,,,1,7/15/2025 11:43,,,,,,,,,,,,1,7/15/2025 11:44,,,,,,,,,4.1,111.61,111.6102569,111.6102569,11.65,,,,,
25Crk_AY1_Conv,4/24/2025,6,1162,19,16,,1060130162,,Dyna-Gro Commander,19,2019 Nutrien Ag Solutions,3,,,,,,,3,8/4/2025 18:02,,,,,,,,,,,,,,,,,,,,,112.02,112.02,112.02,,0,,,,
25Ferg_AY1,4/21/2025,10,1162,2,6,,1100130162,,MN21090-4,37,MN14223-5/MN-Rothsay,3,,,,,1,7/28/2025 11:44,1,8/5/2025 17:41,,,,,,6,7/28/2025 11:44,,,NA,7/28/2025 11:44,,,,,,,,,3.56,94,94.00360675,94.00360675,14.3,,,,,
25Hall_AY1,4/26/2025,15,1162,2,6,,1150130162,,CAG Recoil,9,2022 Champions Alliance Group Inc,3,,,,,,,,,,,,,,,,,,,,,,,,,,,,4.79,124.14,124.1357417,124.1357417,15.89,,,,,
25Lamb_AY1conv,4/15/2025,4,1162,38,9,,1040130162,,Dyna-Gro Commander,19,2019 Nutrien Ag Solutions,3,12,,83.82,,,,,,,,,,0,,,,,,,,,,,2,7/17/2025 15:26,,,,52.3,70.15917431,70.15917431,,,,,,
25LeCen_AY1,4/11/2025,17,1162,2,6,,1170130162,,MN21172-3,39,Bolles/MN-Rothsay,3,,,,,0,7/4/2025 16:27,2,7/17/2025 9:15,,,,,,,,,,,,,,,,,,,,3.01,79.23,79.22853156,79.22853156,14.02,,,,,
25Oklee_AY1,4/26/2025,12,1162,13,6,,1120130162,,Ascend-SD,6,2021 SD State University,3,,,,,1,7/30/2025 12:10,,,,,,,,,,,,,,,,,,,,,,3.64,92.5,92.50468595,92.50468595,17.52,,,,,
25Perl_AY1,4/21/2025,11,1162,2,6,,1110130162,,Dyna-Gro 8582,16,2024 Nutrien Ag Solutions,3,,,,,0,7/28/2025 15:20,,,,,,,,,,,,4,7/28/2025 15:20,,,,,,,,,4.57,117.58,117.575375,117.575375,16.5,,,,,
25Ros_AY1conv,4/25/2025,7,1162,2,6,,1070130162,,CP3678,13,2024 Winfield Untied - Croplan,3,25,,76.2,,,,,,,,,,,6,7/29/2025 15:43,,,,,,,,,,,,,3.08,77.63,77.62787847,77.62787847,18.2,,,,,
25Steph_AY1,4/27/2025,13,1162,2,6,,1130130162,Thin,SY Valda,64,2015 AgriPro/Syngenta,3,,,,,0,7/29/2025 9:45,,,,,,,,,,7,7/29/2025 9:45,,,,,,,,,,,3.6,91.87,,,17.18,,,,,
25StP_C-9_AY1-3_URN-PEv2,4/16/2025,1,1162,3,18,,1010130162,,MS Cobra,55,"2022 Meridian Seeds, LLC",3,16,6/16/2025 11:33,74.33333333,,0,6/17/2025 15:08,8,6/27/2025 10:35,4,7/3/2025 10:32,5,7/25/2025 11:45,,,,,,,,,,,,,,,,0.82,46.77,46.77305358,46.77305358,13.7,-,,,,
25Strath_AY1,5/8/2025,14,1162,2,6,,1140130162,,LCS Rimfire,30,2025 Limagrain Cereal Seeds,3,,,,,2,7/30/2025 9:01,,,,,,,,,,5,7/30/2025 9:01,,,,,,,,,,,,120.16,120.16,120.16,,,,,,
25Was_AY1,1/1/2025,3,1162,19,5,,1030130162,,WB9590,72,2017 WestBred,3,12,,70,,0,7/17/2025 10:22,,,,,,,2,,,,,,,,,,,,,,,,54.19,54.19,54.19,,,,56.99,14.86,
25Beck_AY1,4/12/2025,9,1163,19,20,,1090130163,,MS Charger,54,"2023 Meridian Seeds, LLC",3,,,,,,,,,,,,,,,,,,,,,,,,,,,,1.78,47.44,47.44056,47.44056,13.5,,,58.7,13.02,
25Ben_AY1,4/18/2025,16,1163,2,7,,1160130163,,LCS Buster,26,2020 Limagrain Cereal Seeds,3,,,,,0,7/15/2025 11:44,,,,,,,,,,,,0,7/15/2025 11:44,,,,,,,,,4.06,106.66,106.6559428,106.6559428,14.74,,,,,
25Crk_AY1_Conv,4/24/2025,6,1163,20,16,,1060130163,,TW Olympic,69,2022 Thunder Seed,3,,,,,,,3,8/4/2025 18:02,,,,,,,,,,,,,,,,,,,,,114.76,114.76,114.76,,0,,,,
25Ferg_AY1,4/21/2025,10,1163,2,7,,1100130163,,CAG Ceres,8,2024 Champions Alliance Group Inc,3,,,,,0,7/28/2025 11:44,0,8/5/2025 17:41,,,,,,5,7/28/2025 11:44,,,NA,7/28/2025 11:44,,,,,,,,,3.22,83.35,83.34903069,83.34903069,15.99,,,,,
25Hall_AY1,4/26/2025,15,1163,2,7,,1150130163,,SY Valda,64,2015 AgriPro/Syngenta,3,,,,,,,,,,,,,,,,,,,,,,,,,,,,4.84,117.9,117.9005602,117.9005602,20.94,,,,,
25Lamb_AY1conv,4/15/2025,4,1163,38,10,,1040130163,,MN22071-4,42,MN16024-6/MN15005-4,3,14,,81.28,,,,,,,,,,0,,,,,,,,,,,2,7/17/2025 15:26,,,,53.22,52.29959523,52.29959523,,,,,,
25LeCen_AY1,4/11/2025,17,1163,2,7,,1170130163,,Brawn-SD,7,2022 SD State University,3,,,,,4,7/4/2025 16:27,7,7/17/2025 9:15,,,,,,,,,,,,,,,,,,,,3.44,90.7,90.69802451,90.69802451,14.81,,,,,
25Oklee_AY1,4/26/2025,12,1163,13,7,,1120130163,,AP Elevate,2,2024 AgriPro/Syngenta,3,,,,,0,7/30/2025 12:10,,,,,,,,,,,,,,,,,,,,,,3.65,90.73,90.73450016,90.73450016,19.32,,,,,
25Perl_AY1,4/21/2025,11,1163,2,7,,1110130163,,LCS Hammer AX,29,2022 Limagrain Cereal Seeds,3,,,,,0,7/28/2025 15:20,,,,,,,,,,,,4,7/28/2025 15:20,,,,,,,,,4.14,106.98,106.9844556,106.9844556,16.13,,,,,
25Ros_AY1conv,4/25/2025,7,1163,2,7,,1070130163,,WB9590,72,2017 WestBred,3,19,,60.96,,,,,,,,,,,9,7/29/2025 15:43,,,,,,,,,,,,,2.93,70.61,70.60632434,70.60632434,21.79,,,,,
25Steph_AY1,4/27/2025,13,1163,2,7,,1130130163,,MS Nova,56,"2023 Meridian Seeds, LLC",3,,,,,0,7/29/2025 9:45,,,,,,,,,,7,7/29/2025 9:45,,,,,,,,,,,4.32,109.33,109.3332209,109.3332209,17.86,,,,,
25StP_C-9_AY1-3_URN-PEv2,4/16/2025,1,1163,4,18,,1010130163,,PFS Muffins,60,2026 Peterson Farms Seed,3,18,6/18/2025 13:43,80.66666667,,0,6/17/2025 15:08,7,6/27/2025 10:36,3,7/3/2025 10:32,4,7/25/2025 11:45,,,,,,,,,,,,,,,,1.335,75.62,75.61938889,75.61938889,14.3,77.7,,,,
25Strath_AY1,5/8/2025,14,1163,2,7,,1140130163,nice,MN21385-1,41,Linkert-gpcB1/MN-Washburn-A//MN13479-8,3,,,,,0,7/30/2025 9:01,,,,,,,,,,3,7/30/2025 9:01,,,,,,,,,,,,121.98,121.98,121.98,,,,,,
25Was_AY1,1/1/2025,3,1163,20,5,,1030130163,,MN21385-1,41,Linkert-gpcB1/MN-Washburn-A//MN13479-8,3,16,,80,,0,7/17/2025 10:22,,,,,,,2,,,,,,,,,,,,,,,,57.92,57.92,57.92,,,,57.59,14.41,
25Beck_AY1,4/12/2025,9,1164,18,20,,1090130164,,Knudson,23,long term check,3,,,,,,,,,,,,,,,,,,,,,,,,,,,,1.52,40.51,40.51104,40.51104,13.5,,,57.74,15.94,
25Ben_AY1,4/18/2025,16,1164,3,7,,1160130164,,MS Charger,54,"2023 Meridian Seeds, LLC",3,,,,,1,7/15/2025 11:44,,,,,,,,,,,,0,7/15/2025 11:44,,,,,,,,,4.12,107.15,107.1531181,107.1531181,15.59,,,,,
25Crk_AY1_Conv,4/24/2025,6,1164,21,16,,1060130164,,MN22199-2,45,MN16360/MN15005,3,,,,,,,3,8/4/2025 18:02,,,,,,,,,,,,,,,,,,,,,114.19,114.19,114.19,,0,,,,
25Ferg_AY1,4/21/2025,10,1164,3,7,,1100130164,,MN22154-1,44,BW980/MN10201-4-A//MN15005,3,,,,,0,7/28/2025 11:44,0,8/5/2025 17:42,,,,,,6,7/28/2025 11:44,,,NA,7/28/2025 11:44,,,,,,,,,3.7,96.28,96.27534312,96.27534312,15.55,,,,,
25Hall_AY1,4/26/2025,15,1164,3,7,,1150130164,,MN-Torgy,35,2020 MN,3,,,,,,,,,,,,,,,,,,,,,,,,,,,,4.42,111.36,111.3601903,111.3601903,18.23,,,,,
25Lamb_AY1conv,4/15/2025,4,1164,37,10,,1040130164,,LCS Boom,25,2023 Limagrain Cereal Seeds,3,13,,86.36,,,,,,,,,,0,,,,,,,,,,,6,7/17/2025 15:26,,,,56.49,53.21694985,53.21694985,,,,,,
25LeCen_AY1,4/11/2025,17,1164,3,7,,1170130164,,CP3530,11,2022 Winfield Untied - Croplan,3,,,,,0,7/4/2025 16:27,4,7/17/2025 9:15,,,,,,,,,,,,,,,,,,,,3.76,99.21,99.21348532,99.21348532,13.67,,,,,
25Oklee_AY1,4/26/2025,12,1164,14,7,,1120130164,Mechanical,LCS Ascent,24,2022 Limagrain Cereal Seeds,3,,,,,1,7/30/2025 12:10,,,,,,,,,,,,,,,,,,,,,,3.62,91.92,,,17.59,,,,,
25Perl_AY1,4/21/2025,11,1164,3,7,,1110130164,,CP3530,11,2022 Winfield Untied - Croplan,3,,,,,0,7/28/2025 15:20,,,,,,,,,,,,2,7/28/2025 15:20,,,,,,,,,4.18,107.36,107.361281,107.361281,16.64,,,,,
25Ros_AY1conv,4/25/2025,7,1164,3,7,,1070130164,,LCS Hammer AX,29,2022 Limagrain Cereal Seeds,3,22,,76.2,,,,,,,,,,,9,7/29/2025 15:43,,,,,,,,,,,,,3.17,77.72,77.71812554,77.71812554,20.43,,,,,
25Steph_AY1,4/27/2025,13,1164,3,7,,1130130164,,TCG-Wildcat,67,2020 21st Century Genetics,3,,,,,0,7/29/2025 9:45,,,,,,,,,,7,7/29/2025 9:45,,,,,,,,,,,4.39,112.48,112.4845041,112.4845041,16.84,,,,,
25StP_C-9_AY1-3_URN-PEv2,4/16/2025,1,1164,5,18,,1010130164,,Linkert,32,2013 MN,3,16,6/16/2025 11:33,80.33333333,,0,6/17/2025 15:09,2,6/27/2025 10:36,2,7/3/2025 10:32,3,7/25/2025 11:45,,,,,,,,,,,,,,mixed,6/16/2025 11:33,1.07,61.03,61.0331309,61.0331309,13.7,-,,,,
25Strath_AY1,5/8/2025,14,1164,3,7,,1140130164,,LCS Buster,26,2020 Limagrain Cereal Seeds,3,,,,,3,7/30/2025 9:01,,,,,,,,,,4,7/30/2025 9:02,,,,,,,,,,,,126.22,126.22,126.22,,,,,,
25Was_AY1,1/1/2025,3,1164,21,5,,1030130164,,MN22341-1,49,MN15320-1/MN14105-7,3,16,,70,,0,7/17/2025 10:22,,,,,,,2,,,,,,,,,,,,,,,,57.57,57.57,57.57,,,,56.03,14.75,
25Beck_AY1,4/12/2025,9,1165,17,20,,1090130165,,LCS Boom,25,2023 Limagrain Cereal Seeds,3,,,,,,,,,,,,,,,,,,,,,,,,,,,,1.98,52.77,52.77096,52.77096,13.5,,,59.51,15.21,
25Ben_AY1,4/18/2025,16,1165,4,7,,1160130165,,TW Trailfire,70,2024 Thunder Seed,3,,,,,3,7/15/2025 11:44,,,,,,,,,,,,1,7/15/2025 11:44,,,,,,,,,3.52,91.07,91.07108565,91.07108565,16.03,,,,,
25Crk_AY1_Conv,4/24/2025,6,1165,22,16,,1060130165,,Dyna-Gro Rocker,20,2023 Nutrien Ag Solutions,3,,,,,,,3,8/4/2025 18:02,,,,,,,,,,,,,,,,,,,,,108.81,108.81,108.81,,0,,,,
25Ferg_AY1,4/21/2025,10,1165,4,7,,1100130165,,WB9590,72,2017 WestBred,3,,,,,0,7/28/2025 11:44,0,8/5/2025 17:42,,,,,,7,7/28/2025 11:44,,,NA,7/28/2025 11:44,,,,,,,,,3.43,90.6,90.60259587,90.60259587,14.27,,,,,
25Hall_AY1,4/26/2025,15,1165,4,7,,1150130165,,MN21385-1,41,Linkert-gpcB1/MN-Washburn-A//MN13479-8,3,,,,,,,,,,,,,,,,,,,,,,,,,,,,4.56,111.32,111.3187179,111.3187179,20.77,,,,,
25Lamb_AY1conv,4/15/2025,4,1165,36,10,,1040130165,,MN21385-1,41,Linkert-gpcB1/MN-Washburn-A//MN13479-8,3,14,,88.9,,,,,,,,,,0,,,,,,,,,,,6,7/17/2025 15:26,,,,66.88,56.4864639,56.4864639,,,,,,
25LeCen_AY1,4/11/2025,17,1165,4,7,,1170130165,,MN22406-1,52,MN16360/MN15320-1,3,,,,,0,7/4/2025 16:27,0,7/17/2025 9:15,,,,,,,,,,,,,,,,,,,,3.58,94.43,94.43069179,94.43069179,14.93,,,,,
25Oklee_AY1,4/26/2025,12,1165,15,7,,1120130165,Mechanical,MN21090-4,37,MN14223-5/MN-Rothsay,3,,,,,0,7/30/2025 12:11,,,,,,,,,,,,,,,,,,,,,,3.62,91.28,,,18.16,,,,,
25Perl_AY1,4/21/2025,11,1165,4,7,,1110130165,,LCS Buster,26,2020 Limagrain Cereal Seeds,3,,,,,0,7/28/2025 15:20,,,,,,,,,,,,1,7/28/2025 15:20,,,,,,,,,5.06,128.54,128.5449069,128.5449069,17.55,,,,,
25Ros_AY1conv,4/25/2025,7,1165,4,7,,1070130165,,LCS Ascent,24,2022 Limagrain Cereal Seeds,3,21,,76.2,,,,,,,,,,,9,7/29/2025 15:43,,,,,,,,,,,,,2.88,72.8,72.80007665,72.80007665,17.96,,,,,
25Steph_AY1,4/27/2025,13,1165,4,7,,1130130165,,MN-Rothsay,34,2022 MN,3,,,,,2,7/29/2025 9:45,,,,,,,,,,3,7/29/2025 9:46,,,,,,,,,,,5.14,131,131.0048402,131.0048402,17.28,,,,,
25StP_C-9_AY1-3_URN-PEv2,4/16/2025,1,1165,6,18,,1010130165,Nice Color (harvest),MN22314-2,47,MN15482-4/MN10201-4-A,3,18,6/18/2025 13:43,80,,0,6/17/2025 15:09,1,6/27/2025 10:36,0,7/3/2025 10:32,0,7/25/2025 11:45,,,,,,,,,,,,,,,,1.375,78.43,78.43042522,78.43042522,13.7,77.5,,,,
25Strath_AY1,5/8/2025,14,1165,4,7,,1140130165,,MS Nova,56,"2023 Meridian Seeds, LLC",3,,,,,2,7/30/2025 9:02,,,,,,,,,,6,7/30/2025 9:02,,,,,,,,,,,,112.23,112.23,112.23,,,,,,
25Was_AY1,1/1/2025,3,1165,22,5,,1030130165,,TCG-Zelda,68,2023 21st Century Genetics,3,16,,75,,0,7/17/2025 10:22,,,,,,,3,,,,,,,,,,,,,,,,58.9,58.9,58.9,,,,58.29,14.52,
25Beck_AY1,4/12/2025,9,1166,16,20,,1090130166,,MN21168-1,38,10FAR-3134-1/MN14223-5,3,,,,,,,,,,,,,,,,,,,,,,,,,,,,1.96,51.31,51.30790385,51.30790385,15.04,,,58.72,12.8,
25Ben_AY1,4/18/2025,16,1166,5,7,,1160130166,,CAG Ceres,8,2024 Champions Alliance Group Inc,3,,,,,0,7/15/2025 11:44,,,,,,,,,,,,0,7/15/2025 11:44,,,,,,,,,3.57,93.49,93.4866812,93.4866812,15.01,,,,,
25Crk_AY1_Conv,4/24/2025,6,1166,23,16,,1060130166,dry,CP3530,11,2022 Winfield Untied - Croplan,3,,,,,,,3,8/4/2025 18:02,,,,,,,,,,,,,,,,,,,,,109.05,109.05,109.05,,0,,,,
25Ferg_AY1,4/21/2025,10,1166,5,7,,1100130166,,WB9479,71,2017 WestBred,3,,,,,0,7/28/2025 11:44,0,8/5/2025 17:42,,,,,,7,7/28/2025 11:44,,,NA,7/28/2025 11:44,,,,,,,,,3.51,94.26,94.26230062,94.26230062,12.84,,,,,
25Hall_AY1,4/26/2025,15,1166,5,7,,1150130166,,LCS Boom,25,2023 Limagrain Cereal Seeds,3,,,,,,,,,,,,,,,,,,,,,,,,,,,,4.12,106.25,106.2518184,106.2518184,16.3,,,,,
25Lamb_AY1conv,4/15/2025,4,1166,35,10,,1040130166,,MN22227-1,46,MN15413-2/MN10201-4-A//Linkert-gpcB1/MN13288-1-1/3/MN15482-4/Shelly//MN15482-4/MN10261-1,3,14,,78.74,,,,,,,,,,0,,,,,,,,,,,6,7/17/2025 15:26,,,,69.58,66.87867013,66.87867013,,,,,,
25LeCen_AY1,4/11/2025,17,1166,5,7,,1170130166,,MS Cobra,55,"2022 Meridian Seeds, LLC",3,,,,,0,7/4/2025 16:27,4,7/17/2025 9:15,,,,,,,,,,,,,,,,,,,,3.48,91.76,91.75913341,91.75913341,14.38,,,,,
25Oklee_AY1,4/26/2025,12,1166,16,7,,1120130166,,CP3915,14,2019 Winfield Untied - Croplan,3,,,,,0,7/30/2025 12:11,,,,,,,,,,,,,,,,,,,,,,3.64,95.7,95.70107725,95.70107725,14.67,,,,,
25Perl_AY1,4/21/2025,11,1166,5,7,,1110130166,,TW Trailfire,70,2024 Thunder Seed,3,,,,,1,7/28/2025 15:20,,,,,,,,,,,,4,7/28/2025 15:21,,,,,,,,,4.04,105.58,105.5828378,105.5828378,15.18,,,,,
25Ros_AY1conv,4/25/2025,7,1166,5,7,,1070130166,,Marshall,33,long term check,3,25,,73.66,,,,,,,,,,,8,7/29/2025 15:43,,,,,,,,,,,,,, , , , ,,,,,
25Steph_AY1,4/27/2025,13,1166,5,7,,1130130166,,AP Dagr,1,2025 AgriPro/Syngenta,3,,,,,1,7/29/2025 9:46,,,,,,,,,,8,7/29/2025 9:46,,,,,,,,,,,4.33,116.42,116.4171068,116.4171068,12.74,,,,,
25StP_C-9_AY1-3_URN-PEv2,4/16/2025,1,1166,7,18,,1010130166,,MN21089-4,36,MN14223-5/MN-Rothsay,3,18,6/18/2025 13:44,83.33333333,,0,6/17/2025 15:09,6,6/27/2025 10:36,3,7/3/2025 10:32,2,7/25/2025 11:45,,,,,,,,,,,,,,,,1.545,88.23,88.22939514,88.22939514,13.6,82.2,,,,
25Strath_AY1,5/8/2025,14,1166,5,7,,1140130166,,CP3530,11,2022 Winfield Untied - Croplan,3,,,,,3,7/30/2025 9:02,,,,,,,,,,7,7/30/2025 9:02,,,,,,,,,,,,125.04,125.04,125.04,,,,,,
25Was_AY1,1/1/2025,3,1166,23,5,,1030130166,,MN22322-2,48,MN15005/MN14223-5,3,20,,70,,0,7/17/2025 10:22,,,,,,,4,,,,,,,,,,,,,,,,58.49,58.49,58.49,,,,58.11,14.67,
25Beck_AY1,4/12/2025,9,1167,15,20,,1090130167,,AP Elevate,2,2024 AgriPro/Syngenta,3,,,,,,,,,,,,,,,,,,,,,,,,,,,,2.48,63.8,63.80457988,63.80457988,16.5,,,59.31,13.7,
25Ben_AY1,4/18/2025,16,1167,6,7,,1160130167,,PFS Muffins,60,2026 Peterson Farms Seed,3,,,,,0,7/15/2025 11:44,,,,,,,,,,,,0,7/15/2025 11:44,,,,,,,,,3.87,101.06,101.0565271,101.0565271,15.25,,,,,
25Crk_AY1_Conv,4/24/2025,6,1167,24,16,,1060130167,dry,TCG-Zelda,68,2023 21st Century Genetics,3,,,,,,,3,8/4/2025 18:02,,,,,,,,,,,,,,,,,,,,,107.33,107.33,107.33,,0,,,,
25Ferg_AY1,4/21/2025,10,1167,6,7,,1100130167,,AP Smith,5,2021 AgriPro/Syngenta,3,,,,,0,7/28/2025 11:45,0,8/5/2025 17:42,,,,,,7,7/28/2025 11:45,,,NA,7/28/2025 11:45,,,,,,,,,3.42,89.84,89.84318333,89.84318333,14.74,,,,,
25Hall_AY1,4/26/2025,15,1167,6,7,,1150130167,,Dyna-Gro Rocker,20,2023 Nutrien Ag Solutions,3,,,,,,,,,,,,,,,,,,,,,,,,,,,,4.78,117.34,117.3373865,117.3373865,20.33,,,,,
25Lamb_AY1conv,4/15/2025,4,1167,34,10,,1040130167,,MN22199-2,45,MN16360/MN15005,3,14,,76.2,,,,,,,,,,0,,,,,,,,,,,3,7/17/2025 15:26,,,,65.65,69.58308812,69.58308812,,,,,,
25LeCen_AY1,4/11/2025,17,1167,6,7,,1170130167,,TCG-Badlands,66,2023 21st Century Genetics,3,,,,,0,7/4/2025 16:27,3,7/17/2025 9:15,,,,,,,,,,,,,,,,,,,,3.6,94.96,94.96003237,94.96003237,14.61,,,,,
25Oklee_AY1,4/26/2025,12,1167,17,7,,1120130167,,MS Cobra,55,"2022 Meridian Seeds, LLC",3,,,,,1,7/30/2025 12:11,,,,,,,,,,,,,,,,,,,,,,3.42,88.77,88.76835285,88.76835285,15.76,,,,,
25Perl_AY1,4/21/2025,11,1167,6,7,,1110130167,,AP Iconic,3,2025 AgriPro/Syngenta,3,,,,,0,7/28/2025 15:21,,,,,,,,,,,,3,7/28/2025 15:21,,,,,,,,,4.23,111.47,111.4737309,111.4737309,14.47,,,,,
25Ros_AY1conv,4/25/2025,7,1167,6,7,,1070130167,,ND Stampede,57,2024 NDSU,3,22,,73.66,,,,,,,,,,,7,7/29/2025 15:43,,,,,,,,,,,,,2.86,76.22,76.22472,76.22472,13.5,,,,,
25Steph_AY1,4/27/2025,13,1167,6,7,,1130130167,,Dyna-Gro Rocker,20,2023 Nutrien Ag Solutions,3,,,,,4,7/29/2025 9:46,,,,,,,,,,5,7/29/2025 9:46,,,,,,,,,,,4.92,126.06,126.0646379,126.0646379,16.84,,,,,
25StP_C-9_AY1-3_URN-PEv2,4/16/2025,1,1167,8,18,,1010130167,,ND Thresher,58,2023 NDSU,3,18,6/18/2025 13:44,78.33333333,,0,6/17/2025 15:09,6,6/27/2025 10:36,3,7/3/2025 10:32,3,7/25/2025 11:45,,,,,,,,,,,,,,,,1.005,57.33,57.32551079,57.32551079,13.7,-,,,,
25Strath_AY1,5/8/2025,14,1167,6,7,,1140130167,,CP3099A,10,2020 Winfield Untied - Croplan,3,,,,,2,7/30/2025 9:02,,,,,,,,,,7,7/30/2025 9:02,,,,,,,,,,,,117.77,117.77,117.77,,,,,,
25Was_AY1,1/1/2025,3,1167,24,5,,1030130167,,TCG-Wildcat,67,2020 21st Century Genetics,3,17,,85,,0,7/17/2025 10:22,,,,,,,2,,,,,,,,,,,,,,,,61.32,61.32,61.32,,,,58.58,14.97,
25Beck_AY1,4/12/2025,9,1168,14,20,,1090130168,,AP Smith,5,2021 AgriPro/Syngenta,3,,,,,,,,,,,,,,,,,,,,,,,,,,,,2.56,66.49,66.48592514,66.48592514,15.71,,,,,
25Ben_AY1,4/18/2025,16,1168,7,7,,1160130168,,Ascend-SD,6,2021 SD State University,3,,,,,4,7/15/2025 11:45,,,,,,,,,,,,1,7/15/2025 11:45,,,,,,,,,3.58,91.43,91.43213552,91.43213552,17.11,,,,,
25Crk_AY1_Conv,4/24/2025,6,1168,25,16,,1060130168,,TCG-Arsenal,65,2024 21st Century Genetics,3,,,,,,,2,8/4/2025 18:02,,,,,,,,,,,,,,,,,,,,,120.16,120.16,120.16,,0,,,,
25Ferg_AY1,4/21/2025,10,1168,7,7,,1100130168,,TCG-Wildcat,67,2020 21st Century Genetics,3,,,,,0,7/28/2025 11:45,0,8/5/2025 17:42,,,,,,7,7/28/2025 11:45,,,NA,7/28/2025 11:45,,,,,,,,,3.34,89,88.99709788,88.99709788,13.52,,,,,
25Hall_AY1,4/26/2025,15,1168,7,7,,1150130168,,LCS Trigger,31,2016 Limagrain Cereal Seeds,3,,,,,,,,,,,,,,,,,,,,,,,,,,,,4.58,119.7,119.6953953,119.6953953,15.18,,,,,
25Lamb_AY1conv,4/15/2025,4,1168,33,10,,1040130168,,MN21172-3,39,Bolles/MN-Rothsay,3,17,,76.2,,,,,,,,,,0,,,,,,,,,,,2,7/17/2025 15:26,,,,64.84,65.6499947,65.6499947,,,,,,
25LeCen_AY1,4/11/2025,17,1168,7,7,,1170130168,,MN-Rothsay,34,2022 MN,3,,,,,0,7/4/2025 16:27,0,7/17/2025 9:15,,,,,,,,,,,,,,,,,,,,3.8,100.28,100.2845364,100.2845364,14.1,,,,,
25Oklee_AY1,4/26/2025,12,1168,18,7,,1120130168,Thin,CAG Recoil,9,2022 Champions Alliance Group Inc,3,,,,,0,7/30/2025 12:11,,,,,,,,,,,,,,,,,,,,,,2.91,74.04,,,17.42,,,,,
25Perl_AY1,4/21/2025,11,1168,7,7,,1110130168,,SY 611 CL2,63,2019 AgriPro/Syngenta,3,,,,,0,7/28/2025 15:21,,,,,,,,,,,,3,7/28/2025 15:21,,,,,,,,,3.87,101.66,101.6646548,101.6646548,14.74,,,,,
25Ros_AY1conv,4/25/2025,7,1168,7,7,,1070130168,,SY 611 CL2,63,2019 AgriPro/Syngenta,3,21,,68.58,,,,,,,,,,,8,7/29/2025 15:43,,,,,,,,,,,,,2.78,69.75,69.74979377,69.74979377,18.57,,,,,
25Steph_AY1,4/27/2025,13,1168,7,7,,1130130168,,WB9479,71,2017 WestBred,3,,,,,0,7/29/2025 9:46,,,,,,,,,,4,7/29/2025 9:46,,,,,,,,,,,4.38,112.92,112.9165438,112.9165438,16.33,,,,,
25StP_C-9_AY1-3_URN-PEv2,4/16/2025,1,1168,9,18,,1010130168,,Shelly,62,2016 MN,3,20,6/20/2025 11:26,82.33333333,,0,6/17/2025 15:09,2,6/27/2025 10:36,1,7/3/2025 10:33,0,7/25/2025 11:45,,,,,,,,,,,,,,,,1.44,82.9,82.89946405,82.89946405,12.9,80.4,,,,
25Strath_AY1,5/8/2025,14,1168,7,7,,1140130168,,Dyna-Gro Commander,19,2019 Nutrien Ag Solutions,3,,,,,2,7/30/2025 9:02,,,,,,,,,,9,7/30/2025 9:02,,,,,,,,,,,,114.5,114.5,114.5,,,,,,
25Was_AY1,1/1/2025,3,1168,25,5,,1030130168,,MN22154-1,44,BW980/MN10201-4-A//MN15005,3,16,,70,,0,7/17/2025 10:22,,,,,,,2,,,,,,,,,,,,,,,,63.74,63.74,63.74,,,,58.56,13.62,
25Beck_AY1,4/12/2025,9,1169,13,20,,1090130169,,Linkert,32,2013 MN,3,,,,,,,,,,,,,,,,,,,,,,,,,,,,2.04,54.37,54.37008,54.37008,13.5,,,58.06,15.14,
25Ben_AY1,4/18/2025,16,1169,8,7,,1160130169,,SY 611 CL2,63,2019 AgriPro/Syngenta,3,,,,,0,7/15/2025 11:45,,,,,,,,,,,,0,7/15/2025 11:45,,,,,,,,,3.51,93.71,93.71074287,93.71074287,13.35,,,,,
25Crk_AY1_Conv,4/24/2025,6,1169,25,17,,1060130169,,Shelly,62,2016 MN,3,,,,,,,3,8/4/2025 18:04,,,,,,,,,,,,,,,,,,,,,99.73,99.73,99.73,,0,,,,
25Ferg_AY1,4/21/2025,10,1169,8,7,,1100130169,,LCS Dual,28,2021 Limagrain Cereal Seeds,3,,,,,0,7/28/2025 11:45,0,8/5/2025 17:42,,,,,,7,7/28/2025 11:45,,,NA,7/28/2025 11:45,,,,,,,,,3.35,88.08,88.07654088,88.07654088,14.67,,,,,
25Hall_AY1,4/26/2025,15,1169,8,7,,1150130169,,TCG-Wildcat,67,2020 21st Century Genetics,3,,,,,,,,,,,,,,,,,,,,,,,,,,,,3.63,91.79,91.79198374,91.79198374,17.93,,,,,
25Lamb_AY1conv,4/15/2025,4,1169,32,10,,1040130169,,Linkert,32,2013 MN,3,16,,78.74,,,,,,,,,,0,,,,,,,,,,,4,7/17/2025 15:26,,,,57.98,64.83649624,64.83649624,,,,,,
25LeCen_AY1,4/11/2025,17,1169,8,7,,1170130169,,PFS Muffins,60,2026 Peterson Farms Seed,3,,,,,0,7/4/2025 16:27,1,7/17/2025 9:15,,,,,,,,,,,,,,,,,,,,3.98,105.09,105.0873299,105.0873299,14.57,,,,,
25Oklee_AY1,4/26/2025,12,1169,19,7,,1120130169,,Knudson,23,long term check,3,,,,,2,7/30/2025 12:11,,,,,,,,,,,,,,,,,,,,,,3.6,88.4,88.40452994,88.40452994,20.3,,,,,
25Perl_AY1,4/21/2025,11,1169,8,7,,1110130169,,MN21090-4,37,MN14223-5/MN-Rothsay,3,,,,,0,7/28/2025 15:21,,,,,,,,,,,,4,7/28/2025 15:21,,,,,,,,,4.65,122.93,122.9288837,122.9288837,14.2,,,,,
25Ros_AY1conv,4/25/2025,7,1169,8,7,,1070130169,,CP3915,14,2019 Winfield Untied - Croplan,3,23,,71.12,,,,,,,,,,,8,7/29/2025 15:43,,,,,,,,,,,,,2.76,73.83,73.8316477,73.8316477,13.18,,,,,
25Steph_AY1,4/27/2025,13,1169,8,7,,1130130169,,PFS Rolls,61,2025 Peterson Farms Seed,3,,,,,1,7/29/2025 9:46,,,,,,,,,,4,7/29/2025 9:46,,,,,,,,,,,5.08,130.9,130.8999577,130.8999577,16.37,,,,,
25StP_C-9_AY1-3_URN-PEv2,4/16/2025,1,1169,10,18,,1010130169,,AP Dagr,1,2025 AgriPro/Syngenta,3,18,6/18/2025 13:44,80.66666667,,0,6/17/2025 15:09,3,6/27/2025 10:36,1,7/3/2025 10:33,2,7/25/2025 11:45,,,,,,,,,,,,,,,,1.44,82.9,82.89946405,82.89946405,12.9,77.5,,,,
25Strath_AY1,5/8/2025,14,1169,8,7,,1140130169,,Shelly,62,2016 MN,3,,,,,1,7/30/2025 9:02,,,,,,,,,,6,7/30/2025 9:02,,,,,,,,,,,,113.8,113.8,113.8,,,,,,
25Was_AY1,1/1/2025,3,1169,26,5,,1030130169,,MN21263-3,40,MN15332/MN-Washburn-A//MN-Rothsay,3,16,,70,,0,7/17/2025 10:22,,,,,,,3,,,,,,,,,,,,,,,,50.7,50.7,50.7,,,,57.72,14.93,
25Beck_AY1,4/12/2025,9,1170,12,20,,1090130170,,NDHRS15-0006-C46,59,2025 NDSU,3,,,,,,,,,,,,,,,,,,,,,,,,,,,,2.72,70.61,70.60777249,70.60777249,15.75,,,59.24,14.06,
25Ben_AY1,4/18/2025,16,1170,9,7,,1160130170,,TW Olympic,69,2022 Thunder Seed,3,,,,,0,7/15/2025 11:45,,,,,,,,,,,,0,7/15/2025 11:45,,,,,,,,,3.71,96.6,96.60413329,96.60413329,15.49,,,,,
25Crk_AY1_Conv,4/24/2025,6,1170,24,17,,1060130170,,MN22314-2,47,MN15482-4/MN10201-4-A,3,,,,,,,3,8/4/2025 18:04,,,,,,,,,,,,,,,,,,,,,104.94,104.94,104.94,,0,,,,
25Ferg_AY1,4/21/2025,10,1170,9,7,,1100130170,,Dyna-Gro 8582,16,2024 Nutrien Ag Solutions,3,,,,,0,7/28/2025 11:45,0,8/5/2025 17:42,,,,,,6,7/28/2025 11:45,,,NA,7/28/2025 11:45,,,,,,,,,3.64,96.08,96.08240113,96.08240113,14.33,,,,,
25Hall_AY1,4/26/2025,15,1170,9,7,,1150130170,,AP Elevate,2,2024 AgriPro/Syngenta,3,,,,,,,,,,,,,,,,,,,,,,,,,,,,3.93,100,99.99565421,99.99565421,17.42,,,,,
25Lamb_AY1conv,4/15/2025,4,1170,31,10,,1040130170,,CP3099A,10,2020 Winfield Untied - Croplan,3,17,,86.36,,,,,,,,,,0,,,,,,,,,,,1,7/17/2025 15:27,,,,57.4,57.98026355,57.98026355,,,,,,
25LeCen_AY1,4/11/2025,17,1170,9,7,,1170130170,,LCS Ascent,24,2022 Limagrain Cereal Seeds,3,,,,,0,7/4/2025 16:27,1,7/17/2025 9:15,,,,,,,,,,,,,,,,,,,,3.7,97.61,97.6106659,97.6106659,13.35,,,,,
25Oklee_AY1,4/26/2025,12,1170,20,7,,1120130170,possible error,ND Stampede,57,2024 NDSU,3,,,,,1,7/30/2025 12:11,,,,,,,,,,,,,,,,,,,,"1st 2 plots mixed, unclear which end of pass",7/2/2025 12:01,4.06,103.18,103.1783036,103.1783036,17.52,,,,,
25Perl_AY1,4/21/2025,11,1170,9,7,,1110130170,,TCG-Badlands,66,2023 21st Century Genetics,3,,,,,1,7/28/2025 15:21,,,,,,,,,,,,5,7/28/2025 15:21,,,,,,,,,4.37,112.83,112.833784,112.833784,16.2,,,,,
25Ros_AY1conv,4/25/2025,7,1170,9,7,,1070130170,,ND Thresher,58,2023 NDSU,3,27,,71.12,,,,,,,,,,,8,7/29/2025 15:43,,,,,,,,,,,,,2.31,61.57,61.56612,61.56612,13.5,,,,,
25Steph_AY1,4/27/2025,13,1170,9,7,,1130130170,,Shelly,62,2016 MN,3,,,,,2,7/29/2025 9:46,,,,,,,,,,3,7/29/2025 9:46,,,,,,,,,,,5.25,135.72,135.717222,135.717222,16.1,,,,,
25StP_C-9_AY1-3_URN-PEv2,4/16/2025,1,1170,11,18,,1010130170,,LCS Buster,26,2020 Limagrain Cereal Seeds,3,20,6/20/2025 11:26,84.66666667,,0,6/17/2025 15:09,0,6/27/2025 10:36,0,7/3/2025 10:33,0,7/25/2025 11:45,,,,,,,,,,,,,,,,1.18,67.7,67.69752763,67.69752763,13.2,74.1,,,,
25Strath_AY1,5/8/2025,14,1170,9,7,,1140130170,,Enhance-SD,21,2024 SD State University,3,,,,,2,7/30/2025 9:02,,,,,,,,,,7,7/30/2025 9:02,,,,,,,,,,,,125.73,125.73,125.73,,,,,,
25Was_AY1,1/1/2025,3,1170,27,5,,1030130170,,LCS Cannon,27,2018 Limagrain Cereal Seeds,3,10,,80,,0,7/17/2025 10:22,,,,,,,4,,,,,,,,,,,,,,,,57.84,57.84,57.84,,,,58.13,14.37,
25Beck_AY1,4/12/2025,9,1171,11,20,,1090130171,,LCS Trigger,31,2016 Limagrain Cereal Seeds,3,,,,,,,,,,,,,,,,,,,,,,,,,,,,2.52,64.69,64.68616026,64.68616026,16.69,,,58.93,11.79,
25Ben_AY1,4/18/2025,16,1171,10,7,,1160130171,,MN-Torgy,35,2020 MN,3,,,,,3,7/15/2025 11:45,,,,,,,,,,,,1,7/15/2025 11:45,,,,,,,,,3.6,93.33,93.3294498,93.3294498,15.86,,,,,
25Crk_AY1_Conv,4/24/2025,6,1171,23,17,,1060130171,,CP3555,12,2024 Winfield Untied - Croplan,3,,,,,,,3,8/4/2025 18:04,,,,,,,,,,,,,,,,,,,,,97.31,97.31,97.31,,0,,,,
25Ferg_AY1,4/21/2025,10,1171,10,7,,1100130171,,MS Charger,54,"2023 Meridian Seeds, LLC",3,,,,,1,7/28/2025 11:45,1,8/5/2025 17:42,,,,,,8,7/28/2025 11:45,,,NA,7/28/2025 11:45,,,,,,,,,3.74,97.32,97.31615764,97.31615764,15.55,,,,,
25Hall_AY1,4/26/2025,15,1171,10,7,,1150130171,,Dyna-Gro Commander,19,2019 Nutrien Ag Solutions,3,,,,,,,,,,,,,,,,,,,,,,,,,,,,3.81,96.51,96.50800122,96.50800122,17.79,,,,,
25Lamb_AY1conv,4/15/2025,4,1171,30,10,,1040130171,,MN21168-1,38,10FAR-3134-1/MN14223-5,3,15,,76.2,,,,,,,,,,0,,,,,,,,,,,4,7/17/2025 15:27,,,,62.03,57.40487488,57.40487488,,,,,,
25LeCen_AY1,4/11/2025,17,1171,10,7,,1170130171,,ND Thresher,58,2023 NDSU,3,,,,,0,7/4/2025 16:27,1,7/17/2025 9:15,,,,,,,,,,,,,,,,,,,,3.68,97.06,97.05681665,97.05681665,11.55,,,,,
25Oklee_AY1,4/26/2025,12,1171,21,7,,1120130171,,Driver,15,2019 SD State University,3,,,,,1,7/30/2025 12:11,,,,,,,,,,,,,,,,,,,,,,3.75,92.25,92.24981272,92.24981272,20.16,,,,,
25Perl_AY1,4/21/2025,11,1171,10,7,,1110130171,,TCG-Arsenal,65,2024 21st Century Genetics,3,,,,,0,7/28/2025 15:21,,,,,,,,,,,,4,7/28/2025 15:21,,,,,,,,,4.24,110.77,110.7705186,110.7705186,15.21,,,,,
25Ros_AY1conv,4/25/2025,7,1171,10,7,,1070130171,,LCS Boom,25,2023 Limagrain Cereal Seeds,3,19,,68.58,,,,,,,,,,,9,7/29/2025 15:43,,,,,,,,,,,,,2.4,60.09,60.08993813,60.08993813,18.74,,,,,
25Steph_AY1,4/27/2025,13,1171,10,7,,1130130171,,MN21172-3,39,Bolles/MN-Rothsay,3,,,,,2,7/29/2025 9:46,,,,,,,,,,3,7/29/2025 9:46,,,,,,,,,,,5,129.32,129.3161202,129.3161202,16.06,,,,,
25StP_C-9_AY1-3_URN-PEv2,4/16/2025,1,1171,11,19,,1010130171,,TCG-Arsenal,65,2024 21st Century Genetics,3,20,6/20/2025 11:29,84.66666667,,0,6/17/2025 15:11,3,6/27/2025 10:39,1,7/3/2025 10:35,1,7/25/2025 11:47,,,,,,,,,,,,,,,,1.235,71.1,71.09780423,71.09780423,12.9,78.5,,,,
25Strath_AY1,5/8/2025,14,1171,10,7,,1140130171,,CP3678,13,2024 Winfield Untied - Croplan,3,,,,,1,7/30/2025 9:02,,,,,,,,,,7,7/30/2025 9:03,,,,,,,,,,,,102.8,102.8,102.8,,,,,,
25Was_AY1,1/1/2025,3,1171,28,5,,1030130171,,TCG-Arsenal,65,2024 21st Century Genetics,3,23,,80,,0,7/17/2025 10:22,,,,,,,2,,,,,,,,,,,,,,,,71.17,71.17,71.17,,,,56.43,13.96,
25Beck_AY1,4/12/2025,9,1172,10,20,,1090130172,,Brawn-SD,7,2022 SD State University,3,,,,,,,,,,,,,,,,,,,,,,,,,,,,2.24,57.63,57.62994312,57.62994312,16.5,,,58.72,12.34,
25Ben_AY1,4/18/2025,16,1172,11,7,,1160130172,,Dyna-Gro 8582,16,2024 Nutrien Ag Solutions,3,,,,,0,7/15/2025 11:45,,,,,,,,,,,,1,7/15/2025 11:45,,,,,,,,,4.04,104.52,104.5247688,104.5247688,16.03,,,,,
25Crk_AY1_Conv,4/24/2025,6,1172,22,17,,1060130172,dry,TW Trailfire,70,2024 Thunder Seed,3,,,,,,,3,8/4/2025 18:04,,,,,,,,,,,,,,,,,,,,,98.48,98.48,98.48,,0,,,,
25Ferg_AY1,4/21/2025,10,1172,11,7,,1100130172,,MS Cobra,55,"2022 Meridian Seeds, LLC",3,,,,,0,7/28/2025 11:45,1,8/5/2025 17:42,,,,,,7,7/28/2025 11:45,,,NA,7/28/2025 11:45,,,,,,,,,3.36,90.27,90.26505522,90.26505522,12.81,,,,,
25Hall_AY1,4/26/2025,15,1172,11,7,,1150130172,,CP3530,11,2022 Winfield Untied - Croplan,3,,,,,,,,,,,,,,,,,,,,,,,,,,,,4.36,110.57,110.5739408,110.5739408,17.69,,,,,
25Lamb_AY1conv,4/15/2025,4,1172,29,10,,1040130172,,AP Dagr,1,2025 AgriPro/Syngenta,3,16,,76.2,,,,,,,,,,0,,,,,,,,,,,3,7/17/2025 15:27,,,,71.09,62.02606625,62.02606625,,,,,,
25LeCen_AY1,4/11/2025,17,1172,11,7,,1170130172,,LCS Dual,28,2021 Limagrain Cereal Seeds,3,,,,,0,7/4/2025 16:27,0,7/17/2025 9:15,,,,,,,,,,,,,,,,,,,,3.46,91.22,91.22239399,91.22239399,14.06,,,,,
25Oklee_AY1,4/26/2025,12,1172,22,7,,1120130172,,MS Nova,56,"2023 Meridian Seeds, LLC",3,,,,,0,7/30/2025 12:11,,,,,,,,,,,,,,,,,,,,,,2.95,77.99,77.98714127,77.98714127,14.2,,,,,
25Perl_AY1,4/21/2025,11,1172,11,7,,1110130172,,Dyna-Gro Ambush,17,2017 Nutrien Ag Solutions,3,,,,,0,7/28/2025 15:21,,,,,,,,,,,,6,7/28/2025 15:21,,,,,,,,,4.13,105.61,105.6062237,105.6062237,17.01,,,,,
25Ros_AY1conv,4/25/2025,7,1172,11,7,,1070130172,,CP3530,11,2022 Winfield Untied - Croplan,3,24,,86.36,,,,,,,,,,,8,7/29/2025 15:43,,,,,,,,,,,,,2.86,72.14,72.14471476,72.14471476,18.13,,,,,
25Steph_AY1,4/27/2025,13,1172,11,7,,1130130172,,CAG Recoil,9,2022 Champions Alliance Group Inc,3,,,,,0,7/29/2025 9:46,,,,,,,,,,6,7/29/2025 9:46,,,,,,,,,,,4.59,119.96,119.9567389,119.9567389,15.18,,,,,
25StP_C-9_AY1-3_URN-PEv2,4/16/2025,1,1172,10,19,,1010130172,,TCG-Badlands,66,2023 21st Century Genetics,3,16,6/16/2025 11:35,85.33333333,,0,6/17/2025 15:11,3,6/27/2025 10:39,3,7/3/2025 10:35,2,7/25/2025 11:47,,,,,,,,,,,,,,,,1.22,70.15,70.15363179,70.15363179,13,78.3,,,,
25Strath_AY1,5/8/2025,14,1172,11,7,,1140130172,nice,MN22314-2,47,MN15482-4/MN10201-4-A,3,,,,,0,7/30/2025 9:03,,,,,,,,,,6,7/30/2025 9:03,,,,,,,,,,,,114.22,114.22,114.22,,,,,,
25Was_AY1,1/1/2025,3,1172,29,5,,1030130172,,TW Trailfire,70,2024 Thunder Seed,3,12,,75,,1,7/17/2025 10:22,,,,,,,4,,,,,,,,,,,,,,,,54.55,54.55,54.55,,,,56.41,15.03,
25Beck_AY1,4/12/2025,9,1173,9,20,,1090130173,,MN22154-1,44,BW980/MN10201-4-A//MN15005,3,,,,,,,,,,,,,,,,,,,,,,,,,,,,1.78,47.44,47.44056,47.44056,13.5,,,59.17,13.99,
25Ben_AY1,4/18/2025,16,1173,12,7,,1160130173,,AP Elevate,2,2024 AgriPro/Syngenta,3,,,,,0,7/15/2025 11:45,,,,,,,,,,,,0,7/15/2025 11:45,,,,,,,,,3.55,92.33,92.32853625,92.32853625,15.59,,,,,
25Crk_AY1_Conv,4/24/2025,6,1173,21,17,,1060130173,dry,WB9590,72,2017 WestBred,3,,,,,,,3,8/4/2025 18:04,,,,,,,,,,,,,,,,,,,,,86.96,86.96,86.96,,0,,,,
25Ferg_AY1,4/21/2025,10,1173,12,7,,1100130173,,MN-Torgy,35,2020 MN,3,,,,,0,7/28/2025 11:46,0,8/5/2025 17:42,,,,,,6,7/28/2025 11:46,,,NA,7/28/2025 11:46,,,,,,,,,3.68,96.75,96.75273744,96.75273744,14.67,,,,,
25Hall_AY1,4/26/2025,15,1173,12,7,,1150130173,,MN22356-2,51,MN15530-4/MN15005-4,3,,,,,,,,,,,,,,,,,,,,,,,,,,,,3.64,91.85,91.85419228,91.85419228,18.1,,,,,
25Lamb_AY1conv,4/15/2025,4,1173,28,10,,1040130173,,MN21263-3,40,MN15332/MN-Washburn-A//MN-Rothsay,3,16,,76.2,,,,,,,,,,0,,,,,,,,,,,3,7/17/2025 15:27,,,,61.13,71.0947699,71.0947699,,,,,,
25LeCen_AY1,4/11/2025,17,1173,12,7,,1170130173,,MN22131-3,43,MN15482-4/MN15005-4,3,,,,,0,7/4/2025 16:27,0,7/17/2025 9:15,,,,,,,,,,,,,,,,,,,,3.82,100.81,100.8149175,100.8149175,13.87,,,,,
25Oklee_AY1,4/26/2025,12,1173,23,7,,1120130173,,MN-Torgy,35,2020 MN,3,,,,,1,7/30/2025 12:11,,,,,,,,,,,,,,,,,,,,,,3.44,86.38,86.38329156,86.38329156,18.5,,,,,
25Perl_AY1,4/21/2025,11,1173,12,7,,1110130173,,LCS Dual,28,2021 Limagrain Cereal Seeds,3,,,,,0,7/28/2025 15:21,,,,,,,,,,,,5,7/28/2025 15:21,,,,,,,,,4.36,115.36,115.3563881,115.3563881,14.13,,,,,
25Ros_AY1conv,4/25/2025,7,1173,12,7,,1070130173,,Dyna-Gro Ballistic,18,2018 Nutrien Ag Solutions,3,21,,83.82,,,,,,,,,,,9,7/29/2025 15:43,,,,,,,,,,,,,2.94,74.81,74.80590925,74.80590925,17.42,,,,,
25Steph_AY1,4/27/2025,13,1173,12,7,,1130130173,,WB9590,72,2017 WestBred,3,,,,,0,7/29/2025 9:46,,,,,,,,,,7,7/29/2025 9:47,,,,,,,,,,,4.08,105.99,105.9870854,105.9870854,15.69,,,,,
25StP_C-9_AY1-3_URN-PEv2,4/16/2025,1,1173,9,19,,1010130173,,MN22429-2,53,MN16396/MN14227-4,3,16,6/16/2025 11:35,85,,0,6/17/2025 15:11,0,6/27/2025 10:39,1,7/3/2025 10:35,1,7/25/2025 11:47,,,,,,,,,,,,,,,,1.56,90.01,90.01397029,90.01397029,12.7,78.4,,,,
25Strath_AY1,5/8/2025,14,1173,12,7,,1140130173,nice,MN22131-3,43,MN15482-4/MN15005-4,3,,,,,0,7/30/2025 9:03,,,,,,,,,,5,7/30/2025 9:03,,,,,,,,,,,,116.4,116.4,116.4,,,,,,
25Was_AY1,1/1/2025,3,1173,30,5,,1030130173,,MN22071-4,42,MN16024-6/MN15005-4,3,16,,80,,0,7/17/2025 10:22,,,,,,,3,,,,,,,,,,,,,,,,62.63,62.63,62.63,,,,58.33,13.34,
25Beck_AY1,4/12/2025,9,1174,8,20,,1090130174,,ND Stampede,57,2024 NDSU,3,,,,,,,,,,,,,,,,,,,,,,,,,,,,3,77.77,77.76529803,77.76529803,15.87,,,58.78,14.21,
25Ben_AY1,4/18/2025,16,1174,13,7,,1160130174,,Dyna-Gro Rocker,20,2023 Nutrien Ag Solutions,3,,,,,0,7/15/2025 11:45,,,,,,,,,,,,1,7/15/2025 11:46,,,,,,,,,2.94,78.43,78.42934879,78.42934879,13.42,,,,,
25Crk_AY1_Conv,4/24/2025,6,1174,20,17,,1060130174,,MN21090-4,37,MN14223-5/MN-Rothsay,3,,,,,,,5,8/4/2025 18:04,,,,,,,,,,,,,,,,,,,,,101.04,101.04,101.04,,0,,,,
25Ferg_AY1,4/21/2025,10,1174,13,7,,1100130174,,AP Dagr,1,2025 AgriPro/Syngenta,3,,,,,0,7/28/2025 11:46,0,8/5/2025 17:42,,,,,,6,7/28/2025 11:46,,,NA,7/28/2025 11:46,,,,,,,,,3.61,97.25,97.24815653,97.24815653,12.57,,,,,
25Hall_AY1,4/26/2025,15,1174,13,7,,1150130174,,MN22406-1,52,MN16360/MN15320-1,3,,,,,,,,,,,,,,,,,,,,,,,,,,,,4.06,105.56,105.5551073,105.5551073,15.62,,,,,
25Lamb_AY1conv,4/15/2025,4,1174,27,10,,1040130174,,MN22322-2,48,MN15005/MN14223-5,3,16,,83.82,,,,,,,,,,0,,,,,,,,,,,5,7/17/2025 15:27,,,,61.79,61.13347814,61.13347814,,,,,,
25LeCen_AY1,4/11/2025,17,1174,13,7,,1170130174,,TCG-Arsenal,65,2024 21st Century Genetics,3,,,,,0,7/4/2025 16:27,1,7/17/2025 9:16,,,,,,,,,,,,,,,,,,,,3.99,105.35,105.3470291,105.3470291,13.98,,,,,
25Oklee_AY1,4/26/2025,12,1174,24,7,,1120130174,Late|better leaves,MN21263-3,40,MN15332/MN-Washburn-A//MN-Rothsay,3,,,,,0,7/30/2025 12:11,,,,,,,,,,,,,,,,,,,,,,3.44,86.46,86.4574858,86.4574858,18.43,,,,,
25Perl_AY1,4/21/2025,11,1174,13,7,,1110130174,,MN22356-2,51,MN15530-4/MN15005-4,3,,,,,0,7/28/2025 15:21,,,,,,,,,,,,5,7/28/2025 15:21,,,,,,,,,4.26,108.71,108.7072533,108.7072533,17.18,,,,,
25Ros_AY1conv,4/25/2025,7,1174,13,7,,1070130174,,MN22322-2,48,MN15005/MN14223-5,3,23,,68.58,,,,,,,,,,,7,7/29/2025 15:44,,,,,,,,,,,22 or 23 HD,,2.6,65.7,65.6982584,65.6982584,17.99,,,,,
25Steph_AY1,4/27/2025,13,1174,13,7,,1130130174,,LCS Rimfire,30,2025 Limagrain Cereal Seeds,3,,,,,2,7/29/2025 9:47,,,,,,,,,,7,7/29/2025 9:47,,,,,,,,,,,5.01,131.98,131.9828608,131.9828608,14.5,,,,,
25StP_C-9_AY1-3_URN-PEv2,4/16/2025,1,1174,8,19,,1010130174,,Glenn,22,long term check,3,13,6/13/2025 13:49,83.66666667,,3,6/17/2025 15:12,7,6/27/2025 10:39,3,7/3/2025 10:35,3,7/25/2025 11:47,,,,,,,,,,,,,,,,1.17,66.89,66.891825,66.891825,13.5,80.5,,,,
25Strath_AY1,5/8/2025,14,1174,13,7,,1140130174,,TW Trailfire,70,2024 Thunder Seed,3,,,,,7,7/30/2025 9:03,,,,,,,,,,6,7/30/2025 9:03,,,,,,,,,,,,118.16,118.16,118.16,,,,,,
25Was_AY1,1/1/2025,3,1174,31,5,,1030130174,,MS Cobra,55,"2022 Meridian Seeds, LLC",3,16,,75,,0,7/17/2025 10:22,,,,,,,3,,,,,,,,,,,,,,,,59.31,59.31,59.31,,,,56.18,14.97,
25Beck_AY1,4/12/2025,9,1175,7,20,,1090130175,,LCS Rimfire,30,2025 Limagrain Cereal Seeds,3,,,,,,,,,,,,,,,,,,,,,,,,,,,,2.4,63.49,63.49153443,63.49153443,14.14,,,56.98,14.58,
25Ben_AY1,4/18/2025,16,1175,14,7,,1160130175,,LCS Ascent,24,2022 Limagrain Cereal Seeds,3,,,,,1,7/15/2025 11:46,,,,,,,,,,,,0,7/15/2025 11:46,,,,,,,,,3.95,103.52,103.5228384,103.5228384,14.94,,,,,
25Crk_AY1_Conv,4/24/2025,6,1175,19,17,,1060130175,dry,NDHRS15-0006-C46,59,2025 NDSU,3,,,,,,,3,8/4/2025 18:04,,,,,,,,,,,,,,,,,,,,,75.35,75.35,75.35,,0,,,,
25Ferg_AY1,4/21/2025,10,1175,14,7,,1100130175,,SY Valda,64,2015 AgriPro/Syngenta,3,,,,,2,7/28/2025 11:46,2,8/5/2025 17:42,,,,,,7,7/28/2025 11:46,,,NA,7/28/2025 11:46,,,,,,,,,3.76,99.91,99.91030618,99.91030618,13.76,,,,,
25Hall_AY1,4/26/2025,15,1175,14,7,,1150130175,,AP Dagr,1,2025 AgriPro/Syngenta,3,,,,,,,,,,,,,,,,,,,,,,,,,,,,4.04,103.6,103.6036263,103.6036263,16.77,,,,,
25Lamb_AY1conv,4/15/2025,4,1175,26,10,,1040130175,,CAG Ceres,8,2024 Champions Alliance Group Inc,3,17,,81.28,,,,,,,,,,0,,,,,,,,,,,2,7/17/2025 15:27,,,,59.28,61.78786968,61.78786968,,,,,,
25LeCen_AY1,4/11/2025,17,1175,14,7,,1170130175,,CP3678,13,2024 Winfield Untied - Croplan,3,,,,,0,7/4/2025 16:27,4,7/17/2025 9:16,,,,,,,,,,,,,,,,,,,,3.22,84.82,84.82140532,84.82140532,13.67,,,,,
25Oklee_AY1,4/26/2025,12,1175,25,7,,1120130175,,TCG-Zelda,68,2023 21st Century Genetics,3,,,,,0,7/30/2025 12:12,,,,,,,,,,,,,,,,,,,,,,3.82,99.47,99.46840678,99.46840678,15.49,,,,,
25Perl_AY1,4/21/2025,11,1175,14,7,,1110130175,,PFS Muffins,60,2026 Peterson Farms Seed,3,,,,,0,7/28/2025 15:22,,,,,,,,,,,,5,7/28/2025 15:22,,,,,,,,,4.63,121.49,121.4871492,121.4871492,14.84,,,,,
25Ros_AY1conv,4/25/2025,7,1175,14,7,,1070130175,,Linkert,32,2013 MN,3,22,,68.58,,,,,,,,,,,8,7/29/2025 15:44,,,,,,,,,,,,,2.52,63.86,63.85535734,63.85535734,17.76,,,,,
25Steph_AY1,4/27/2025,13,1175,14,7,,1130130175,nice,MN21385-1,41,Linkert-gpcB1/MN-Washburn-A//MN13479-8,3,,,,,0,7/29/2025 9:47,,,,,,,,,,4,7/29/2025 9:47,,,,,,,,,,,5.12,131.57,131.5678291,131.5678291,16.6,,,,,
25StP_C-9_AY1-3_URN-PEv2,4/16/2025,1,1175,7,19,,1010130175,,MS Charger,54,"2023 Meridian Seeds, LLC",3,16,6/16/2025 11:35,83,,0,6/17/2025 15:12,6,6/27/2025 10:39,4,7/3/2025 10:35,5,7/25/2025 11:47,,,,,,,,,,,,,,,,1.17,66.12,66.1185091,66.1185091,14.5,76.3,,,,
25Strath_AY1,5/8/2025,14,1175,14,7,,1140130175,,LCS Cannon,27,2018 Limagrain Cereal Seeds,3,,,,,4,7/30/2025 9:04,,,,,,,,,,6,7/30/2025 9:04,,,,,,,,,,,,113.17,113.17,113.17,,,,,,
25Was_AY1,1/1/2025,3,1175,32,5,,1030130175,,Dyna-Gro Ambush,17,2017 Nutrien Ag Solutions,3,13,,80,,0,7/17/2025 10:22,,,,,,,3,,,,,,,,,,,,,,,,60.69,60.69,60.69,,,,59.1,14.98,
25Beck_AY1,4/12/2025,9,1176,6,20,,1090130176,Late,MN21172-3,39,Bolles/MN-Rothsay,3,,,,,,,,,,,,,,,,,,,,,,,,,,,,2.48,66.12,66.1198838,66.1198838,13.47,,,56.33,15.76,
25Ben_AY1,4/18/2025,16,1176,15,7,,1160130176,,LCS Boom,25,2023 Limagrain Cereal Seeds,3,,,,,0,7/15/2025 11:46,,,,,,,,,,,,0,7/15/2025 11:46,,,,,,,,,3.77,96.48,96.48215032,96.48215032,16.94,,,,,
25Crk_AY1_Conv,4/24/2025,6,1176,18,17,,1060130176,,MN22341-1,49,MN15320-1/MN14105-7,3,,,,,,,3,8/4/2025 18:04,,,,,,,,,,,,,,,,,,,,,114.14,114.14,114.14,,0,,,,
25Ferg_AY1,4/21/2025,10,1176,15,7,,1100130176,,LCS Trigger,31,2016 Limagrain Cereal Seeds,3,,,,,0,7/28/2025 11:46,0,8/5/2025 17:42,,,,,,7,7/28/2025 11:47,,,NA,7/28/2025 11:47,,,,,,,,,3.64,96.12,96.11604735,96.11604735,14.3,,,,,
25Hall_AY1,4/26/2025,15,1176,15,7,,1150130176,,ND Stampede,57,2024 NDSU,3,,,,,,,,,,,,,,,,,,,,,,,,,,,,4.37,110.69,110.6929043,110.6929043,17.79,,,,,
25Lamb_AY1conv,4/15/2025,4,1176,25,10,,1040130176,,MN21089-4,36,MN14223-5/MN-Rothsay,3,15,,78.74,,,,,,,,,,0,,,,,,,,,,,4,7/17/2025 15:27,,,,55.62,59.28481834,59.28481834,,,,,,
25LeCen_AY1,4/11/2025,17,1176,15,7,,1170130176,,Glenn,22,long term check,3,,,,,0,7/4/2025 16:27,1,7/17/2025 9:16,,,,,,,,,,,,,,,,,,,,2.76,72.56,72.56148532,72.56148532,13.67,,,,,
25Oklee_AY1,4/26/2025,12,1176,26,7,,1120130176,,MN22131-3,43,MN15482-4/MN15005-4,3,,,,,0,7/30/2025 12:12,,,,,,,,,,,,,,,,,,,,,,3.78,95.63,95.631628,95.631628,17.89,,,,,
25Perl_AY1,4/21/2025,11,1176,15,7,,1110130176,,Knudson,23,long term check,3,,,,,0,7/28/2025 15:22,,,,,,,,,,,,4,7/28/2025 15:22,,,,,,,,,4.24,109.75,109.7515187,109.7515187,15.99,,,,,
25Ros_AY1conv,4/25/2025,7,1176,15,7,,1070130176,,TCG-Badlands,66,2023 21st Century Genetics,3,22,,73.66,,,,,,,,,,,9,7/29/2025 15:44,,,,,,,,,,,,,2.8,71.33,71.32999547,71.32999547,17.32,,,,,
25Steph_AY1,4/27/2025,13,1176,15,7,,1130130176,,MS Charger,54,"2023 Meridian Seeds, LLC",3,,,,,3,7/29/2025 9:47,,,,,,,,,,6,7/29/2025 9:47,,,,,,,,,,,5.32,138.08,138.0841044,138.0841044,15.76,,,,,
25StP_C-9_AY1-3_URN-PEv2,4/16/2025,1,1176,6,19,,1010130176,,MN-Torgy,35,2020 MN,3,16,6/16/2025 11:35,85,,0,6/17/2025 15:12,6,6/27/2025 10:39,3,7/3/2025 10:36,4,7/25/2025 11:47,,,,,,,,,,,,,,,,1.26,71.79,71.78750948,71.78750948,13.8,78.8,,,,
25Strath_AY1,5/8/2025,14,1176,15,7,,1140130176,,CP3555,12,2024 Winfield Untied - Croplan,3,,,,,6,7/30/2025 9:04,,,,,,,,,,5,7/30/2025 9:04,,,,,,,,,,,,124.68,124.68,124.68,,,,,,
25Was_AY1,1/1/2025,3,1176,33,5,,1030130176,,WB9479,71,2017 WestBred,3,12,,75,,0,7/17/2025 10:22,,,,,,,3,,,,,,,,,,,,,correct,7/2/2025 12:16,,48.45,48.45,48.45,,,,57.95,15.16,
25Beck_AY1,4/12/2025,9,1177,5,20,,1090130177,,CP3530,11,2022 Winfield Untied - Croplan,3,,,,,,,,,,,,,,,,,,,,,,,,,,,,2.56,66.08,66.08364941,66.08364941,16.22,,,58.8,14.55,
25Ben_AY1,4/18/2025,16,1177,16,7,,1160130177,,MN22322-2,48,MN15005/MN14223-5,3,,,,,0,7/15/2025 11:46,,,,,,,,,,,,2,7/15/2025 11:46,,,,,,,,,3.53,92.58,92.58060563,92.58060563,14.88,,,,,
25Crk_AY1_Conv,4/24/2025,6,1177,17,17,,1060130177,,SY Valda,64,2015 AgriPro/Syngenta,3,,,,,,,3,8/4/2025 18:04,,,,,,,,,,,,,,,,,,,,,100.29,100.29,100.29,,0,,,,
25Ferg_AY1,4/21/2025,10,1177,16,7,,1100130177,Short,MN22406-1,52,MN16360/MN15320-1,3,,,,,0,7/28/2025 11:47,0,8/5/2025 17:42,,,,,,8,7/28/2025 11:47,,,NA,7/28/2025 11:47,,,,,,,,,3.12,83.07,83.06772114,83.06772114,13.59,,,,,
25Hall_AY1,4/26/2025,15,1177,16,7,,1150130177,,CAG Ceres,8,2024 Champions Alliance Group Inc,3,,,,,,,,,,,,,,,,,,,,,,,,,,,,4.26,106.97,106.9746576,106.9746576,18.5,,,,,
25Lamb_AY1conv,4/15/2025,4,1177,24,10,,1040130177,,Brawn-SD,7,2022 SD State University,3,15,,86.36,,,,,,,,,,0,,,,,,,,,,,4,7/17/2025 15:27,,,,70.84,55.61903677,55.61903677,,,,,,
25LeCen_AY1,4/11/2025,17,1177,16,7,,1170130177,Mechanical,AP Elevate,2,2024 AgriPro/Syngenta,3,,,,,0,7/4/2025 16:28,1,7/17/2025 9:16,,,,,,,,,,,,,,,,,,,,3.52,92.82,,,13.71,,,,,
25Oklee_AY1,4/26/2025,12,1177,27,7,,1120130177,,ND Thresher,58,2023 NDSU,3,,,,,1,7/30/2025 12:12,,,,,,,,,,,,,,,,,,,,,,3.48,91.1,91.09770684,91.09770684,15.04,,,,,
25Perl_AY1,4/21/2025,11,1177,16,7,,1110130177,,CP3678,13,2024 Winfield Untied - Croplan,3,,,,,0,7/28/2025 15:22,,,,,,,,,,,,3,7/28/2025 15:22,,,,,,,,,4.76,124.55,124.5462441,124.5462441,15.08,,,,,
25Ros_AY1conv,4/25/2025,7,1177,16,7,,1070130177,,TCG-Zelda,68,2023 21st Century Genetics,3,21,,68.58,,,,,,,,,,,7,7/29/2025 15:44,,,,,,,,,,,,,3.24,84.24,84.23609552,84.23609552,15.62,,,,,
25Steph_AY1,4/27/2025,13,1177,16,7,,1130130177,,ND Stampede,57,2024 NDSU,3,,,,,1,7/29/2025 9:47,,,,,,,,,,6,7/29/2025 9:47,,,,,,,,,,,5.06,130.71,130.7120072,130.7120072,16.16,,,,,
25StP_C-9_AY1-3_URN-PEv2,4/16/2025,1,1177,5,19,,1010130177,,MN22199-2,45,MN16360/MN15005,3,16,6/16/2025 11:36,77,,0,6/17/2025 15:12,7,6/27/2025 10:39,3,7/3/2025 10:36,5,7/25/2025 11:47,,,,,,,,,,,,,,,,1.41,80.15,80.1472526,80.1472526,14,80.1,,,,
25Strath_AY1,5/8/2025,14,1177,16,7,,1140130177,,TCG-Badlands,66,2023 21st Century Genetics,3,,,,,1,7/30/2025 9:04,,,,,,,,,,5,7/30/2025 9:04,,,,,,,,,,,,115.72,115.72,115.72,,,,,,
25Was_AY1,1/1/2025,3,1177,34,5,,1030130177,,SY 611 CL2,63,2019 AgriPro/Syngenta,3,16,,75,,0,7/17/2025 10:22,,,,,,,2,,,,,,,,,,,,,,,,59.3,59.3,59.3,,,,57.91,14.82,
25Beck_AY1,4/12/2025,9,1178,4,20,,1090130178,Late,SY Valda,64,2015 AgriPro/Syngenta,3,,,,,,,,,,,,,,,,,,,,,,,,,,,,2.34,60.57,60.5704136,60.5704136,15.99,,,58.45,14.63,
25Ben_AY1,4/18/2025,16,1178,17,7,,1160130178,,MN22406-1,52,MN16360/MN15320-1,3,,,,,0,7/15/2025 11:46,,,,,,,,,,,,0,7/15/2025 11:46,,,,,,,,,3.86,99.87,99.86772461,99.86772461,16.03,,,,,
25Crk_AY1_Conv,4/24/2025,6,1178,16,17,,1060130178,,Dyna-Gro 8582,16,2024 Nutrien Ag Solutions,3,,,,,,,2,8/4/2025 18:04,,,,,,,,,,,,,,,,,,,,,95.9,95.9,95.9,,0,,,,
25Ferg_AY1,4/21/2025,10,1178,17,7,,1100130178,,MN22131-3,43,MN15482-4/MN15005-4,3,,,,,0,7/28/2025 11:47,0,8/5/2025 17:42,,,,,,6,7/28/2025 11:47,,,NA,7/28/2025 11:47,,,,,,,,,3.45,92.83,92.83168904,92.83168904,12.67,,,,,
25Hall_AY1,4/26/2025,15,1178,17,7,,1150130178,,Dyna-Gro Ballistic,18,2018 Nutrien Ag Solutions,3,,,,,,,,,,,,,,,,,,,,,,,,,,,,4.56,114.41,114.4097337,114.4097337,18.57,,,,,
25Lamb_AY1conv,4/15/2025,4,1178,23,10,,1040130178,,PFS Rolls,61,2025 Peterson Farms Seed,3,14,,86.36,,,,,,,,,,0,,,,,,,,,,,3,7/17/2025 15:27,,,,64.23,70.83626122,70.83626122,,,,,,
25LeCen_AY1,4/11/2025,17,1178,17,7,,1170130178,,TCG-Wildcat,67,2020 21st Century Genetics,3,,,,,0,7/4/2025 16:28,1,7/17/2025 9:16,,,,,,,,,,,,,,,,,,,,3.25,85.62,85.61957803,85.61957803,13.55,,,,,
25Oklee_AY1,4/26/2025,12,1178,28,7,,1120130178,,TCG-Wildcat,67,2020 21st Century Genetics,3,,,,,0,7/30/2025 12:12,,,,,,,,,,,,,,,,,,,,,,4.01,102.08,102.0806109,102.0806109,17.38,,,,,
25Perl_AY1,4/21/2025,11,1178,17,7,,1110130178,,MN21089-4,36,MN14223-5/MN-Rothsay,3,,,,,0,7/28/2025 15:22,,,,,,,,,,,,4,7/28/2025 15:22,,,,,,,,,4.5,115.44,115.4416745,115.4416745,16.74,,,,,
25Ros_AY1conv,4/25/2025,7,1178,17,7,,1070130178,,Dyna-Gro 8582,16,2024 Nutrien Ag Solutions,3,20,,71.12,,,,,,,,,,,9,7/29/2025 15:44,,,,,,,,,,,,,2.83,72.16,72.15528312,72.15528312,17.25,,,,,
25Steph_AY1,4/27/2025,13,1178,17,7,,1130130178,,MN22071-4,42,MN16024-6/MN15005-4,3,,,,,1,7/29/2025 9:47,,,,,,,,,,4,7/29/2025 9:47,,,,,,,,,,,4.5,116.01,116.0101477,116.0101477,16.33,,,,,
25StP_C-9_AY1-3_URN-PEv2,4/16/2025,1,1178,4,19,,1010130178,Late,SY Valda,64,2015 AgriPro/Syngenta,3,18,6/18/2025 13:47,79,,0,6/17/2025 15:12,6,6/27/2025 10:39,3,7/3/2025 10:36,4,7/25/2025 11:47,,,,,,,,,,,,,,,,1.215,68.74,68.74183457,68.74183457,14.4,77.8,,,,
25Strath_AY1,5/8/2025,14,1178,17,7,,1140130178,,TCG-Wildcat,67,2020 21st Century Genetics,3,,,,,1,7/30/2025 9:04,,,,,,,,,,7,7/30/2025 9:04,,,,,,,,,,,,113.58,113.58,113.58,,,,,,
25Was_AY1,1/1/2025,3,1178,35,5,,1030130178,,MN-Torgy,35,2020 MN,3,16,,85,,0,7/17/2025 10:22,,,,,,,3,,,,,,,,,,,,,,,,54.62,54.62,54.62,,,,59.3,14.62,
25Beck_AY1,4/12/2025,9,1179,3,20,,1090130179,,LCS Ascent,24,2022 Limagrain Cereal Seeds,3,,,,,,,,,,,,,,,,,,,,,,,,,,,,2.67,71.15,71.15261331,71.15261331,13.51,,,57.32,14.58,
25Ben_AY1,4/18/2025,16,1179,18,7,,1160130179,,CP3099A,10,2020 Winfield Untied - Croplan,3,,,,,0,7/15/2025 11:46,,,,,,,,,,,,0,7/15/2025 11:46,,,,,,,,,3.66,100.16,100.1625912,100.1625912,11.18,,,,,
25Crk_AY1_Conv,4/24/2025,6,1179,15,17,,1060130179,,CP3915,14,2019 Winfield Untied - Croplan,3,,,,,,,3,8/4/2025 18:04,,,,,,,,,,,,,,,,,,,,,104.58,104.58,104.58,,0,,,,
25Ferg_AY1,4/21/2025,10,1179,18,7,,1100130179,,MN21263-3,40,MN15332/MN-Washburn-A//MN-Rothsay,3,,,,,0,7/28/2025 11:47,0,8/5/2025 17:42,,,,,,6,7/28/2025 11:47,,,NA,7/28/2025 11:47,,,,,,,,,3.4,91.41,91.41297073,91.41297073,12.74,,,,,
25Hall_AY1,4/26/2025,15,1179,18,7,,1150130179,,Dyna-Gro Ambush,17,2017 Nutrien Ag Solutions,3,,,,,,,,,,,,,,,,,,,,,,,,,,,,4.6,111.96,111.9550382,111.9550382,21.01,,,,,
25Lamb_AY1conv,4/15/2025,4,1179,22,10,,1040130179,,SY 611 CL2,63,2019 AgriPro/Syngenta,3,14,,76.2,,,,,,,,,,0,,,,,,,,,,,3,7/17/2025 15:27,,,,56.89,64.23303678,64.23303678,,,,,,
25LeCen_AY1,4/11/2025,17,1179,18,7,,1170130179,,PFS Rolls,61,2025 Peterson Farms Seed,3,,,,,0,7/4/2025 16:28,0,7/17/2025 9:16,,,,,,,,,,,,,,,,,,,,3.58,94.41,94.40560509,94.40560509,12.76,,,,,
25Oklee_AY1,4/26/2025,12,1179,29,7,,1120130179,,LCS Cannon,27,2018 Limagrain Cereal Seeds,3,,,,,0,7/30/2025 12:12,,,,,,,,,,,,,,,,,,,,,,3.56,90.14,90.14254846,90.14254846,17.82,,,,,
25Perl_AY1,4/21/2025,11,1179,18,7,,1110130179,,LCS Boom,25,2023 Limagrain Cereal Seeds,3,,,,,0,7/28/2025 15:22,,,,,,,,,,,,5,7/28/2025 15:22,,,,,,,,,3.96,102.78,102.7844086,102.7844086,15.76,,,,,
25Ros_AY1conv,4/25/2025,7,1179,18,7,,1070130179,,MS Nova,56,"2023 Meridian Seeds, LLC",3,21,,73.66,,,,,,,,,,,7,7/29/2025 15:44,,,,,,,,,,,,,3.21,81.07,81.07251852,81.07251852,18.03,,,,,
25Steph_AY1,4/27/2025,13,1179,18,7,,1130130179,,Linkert,32,2013 MN,3,,,,,0,7/29/2025 9:47,,,,,,,,,,7,7/29/2025 9:48,,,,,,,,,,,4.16,108.68,108.6805088,108.6805088,15.21,,,,,
25StP_C-9_AY1-3_URN-PEv2,4/16/2025,1,1179,3,19,,1010130179,,MN21168-1,38,10FAR-3134-1/MN14223-5,3,14,6/13/2025 13:50,78,,0,6/17/2025 15:12,5,6/27/2025 10:39,3,7/3/2025 10:36,3,7/25/2025 11:47,,,,,,,,,,,,,,,,1.415,80.06,80.05736289,80.05736289,14.4,76.8,,,,
25Strath_AY1,5/8/2025,14,1179,18,7,,1140130179,,Dyna-Gro Ballistic,18,2018 Nutrien Ag Solutions,3,,,,,2,7/30/2025 9:04,,,,,,,,,,8,7/30/2025 9:04,,,,,,,,,,,,104.86,104.86,104.86,,,,,,
25Was_AY1,1/1/2025,3,1179,36,5,,1030130179,,MN22199-2,45,MN16360/MN15005,3,17,,75,,0,7/17/2025 10:23,,,,,,,2,,,,,,,,,,,,,,,,59.38,59.38,59.38,,,,59.83,14.48,
25Beck_AY1,4/12/2025,9,1180,2,20,,1090130180,,MN22071-4,42,MN16024-6/MN15005-4,3,,,,,,,,,,,,,,,,,,,,,,,,,,,,1.88,50.11,50.10576,50.10576,13.5,,,57.52,15,
25Ben_AY1,4/18/2025,16,1180,19,7,,1160130180,,MN21385-1,41,Linkert-gpcB1/MN-Washburn-A//MN13479-8,3,,,,,0,7/15/2025 11:46,,,,,,,,,,,,1,7/15/2025 11:47,,,,,,,,,3.47,91.52,91.52019496,91.52019496,14.4,,,,,
25Crk_AY1_Conv,4/24/2025,6,1180,14,17,,1060130180,,PFS Muffins,60,2026 Peterson Farms Seed,3,,,,,,,3,8/4/2025 18:04,,,,,,,,,,,,,,,,,,,,,93.96,93.96,93.96,,0,,,,
25Ferg_AY1,4/21/2025,10,1180,19,7,,1100130180,,ND Thresher,58,2023 NDSU,3,,,,,0,7/28/2025 11:47,0,8/5/2025 17:42,,,,,,7,7/28/2025 11:47,,,NA,7/28/2025 11:47,,,,,,,,,3.27,89.12,89.11673917,89.11673917,11.55,,,,,
25Hall_AY1,4/26/2025,15,1180,19,7,,1150130180,better leaves,MN22322-2,48,MN15005/MN14223-5,3,,,,,,,,,,,,,,,,,,,,,,,,,,,,4.45,110.07,110.0730681,110.0730681,19.72,,,,,
25Lamb_AY1conv,4/15/2025,4,1180,21,10,,1040130180,,Glenn,22,long term check,3,12,,91.44,,,,,,,,,,0,,,,,,,,,,,4,7/17/2025 15:27,,,,47.68,56.88539796,56.88539796,,,,,,
25LeCen_AY1,4/11/2025,17,1180,19,7,,1170130180,,AP Dagr,1,2025 AgriPro/Syngenta,3,,,,,0,7/4/2025 16:28,4,7/17/2025 9:16,,,,,,,,,,,,,,,,,,,,3.88,102.41,102.4072166,102.4072166,13.28,,,,,
25Oklee_AY1,4/26/2025,12,1180,30,7,,1120130180,nice,MN22342-2,50,MN16024-6/MN15119-2,3,,,,,0,7/30/2025 12:12,,,,,,,,,,,,,,,,,,,,,,3.47,88.22,88.21648699,88.21648699,17.49,,,,,
25Perl_AY1,4/21/2025,11,1180,19,7,,1110130180,,Glenn,22,long term check,3,,,,,0,7/28/2025 15:22,,,,,,,,,,,,5,7/28/2025 15:22,,,,,,,,,3.98,102.31,102.3102186,102.3102186,16.57,,,,,
25Ros_AY1conv,4/25/2025,7,1180,19,7,,1070130180,,MN22342-2,50,MN16024-6/MN15119-2,3,24,,73.66,,,,,,,,,,,7,7/29/2025 15:44,,,,,,,,,,,,,3.13,78.53,78.53124262,78.53124262,18.57,,,,,
25Steph_AY1,4/27/2025,13,1180,19,7,,1130130180,,Dyna-Gro Commander,19,2019 Nutrien Ag Solutions,3,,,,,0,7/29/2025 9:48,,,,,,,,,,6,7/29/2025 9:48,,,,,,,,,,,4.52,117.99,117.9880651,117.9880651,15.28,,,,,
25StP_C-9_AY1-3_URN-PEv2,4/16/2025,1,1180,2,19,,1010130180,,Ascend-SD,6,2021 SD State University,3,19,6/20/2025 11:29,84,,4,6/17/2025 15:12,5,6/27/2025 10:39,3,7/3/2025 10:36,4,7/25/2025 11:47,,,,,,,,,,,,,,,,1.33,75.25,75.24826335,75.24826335,14.4,76.7,,,,
25Strath_AY1,5/8/2025,14,1180,19,7,,1140130180,,PFS Rolls,61,2025 Peterson Farms Seed,3,,,,,1,7/30/2025 9:04,,,,,,,,,,5,7/30/2025 9:05,,,,,,,,,,,,122,122,122,,,,,,
25Was_AY1,1/1/2025,3,1180,37,5,,1030130180,,Marshall,33,long term check,3,23,,75,,0,7/17/2025 10:23,,,,,,,2,,,,,,,,,,,,,,,,40.67,40.67,40.67,,,,54.82,13.94,
25Beck_AY1,4/12/2025,9,1181,2,21,,1090130181,,PFS Rolls,61,2025 Peterson Farms Seed,3,,,,,,,,,,,,,,,,,,,,,,,,,,,,2.5,64.35,64.34994451,64.34994451,16.46,,,NA,NA,CLOG
25Ben_AY1,4/18/2025,16,1181,20,7,,1160130181,,MN22199-2,45,MN16360/MN15005,3,,,,,0,7/15/2025 11:47,,,,,,,,,,,,1,7/15/2025 11:47,,,,,,,,,4.04,104.49,104.4874251,104.4874251,16.06,,,,,
25Crk_AY1_Conv,4/24/2025,6,1181,13,17,,1060130181,,MN22356-2,51,MN15530-4/MN15005-4,3,,,,,,,3,8/4/2025 18:04,,,,,,,,,,,,,,,,,,,,,119.57,119.57,119.57,,0,,,,
25Ferg_AY1,4/21/2025,10,1181,20,7,,1100130181,,MN21385-1,41,Linkert-gpcB1/MN-Washburn-A//MN13479-8,3,,,,,0,7/28/2025 11:47,0,8/5/2025 17:42,,,,,,7,7/28/2025 11:47,,,NA,7/28/2025 11:47,,,,,,,,,3.45,92,92.00254994,92.00254994,13.45,,,,,
25Hall_AY1,4/26/2025,15,1181,20,7,,1150130181,,MS Nova,56,"2023 Meridian Seeds, LLC",3,,,,,,,,,,,,,,,,,,,,,,,,,,,,4.65,114.53,114.5330415,114.5330415,20.06,,,,,
25Lamb_AY1conv,4/15/2025,4,1181,21,11,,1040130181,,MN22356-2,51,MN15530-4/MN15005-4,3,13,,76.2,,,,,,,,,,0,,,,,,,,,,,6,7/17/2025 15:28,,,,63.07,,,,,,,,
25LeCen_AY1,4/11/2025,17,1181,20,7,,1170130181,,MN-Torgy,35,2020 MN,3,,,,,0,7/4/2025 16:28,4,7/17/2025 9:16,,,,,,,,,,,,,,,,,,,,3.28,86.41,86.41139237,86.41139237,12.88,,,,,
25Oklee_AY1,4/26/2025,12,1181,31,7,,1120130181,,LCS Hammer AX,29,2022 Limagrain Cereal Seeds,3,,,,,0,7/30/2025 12:13,,,,,,,,,,,,,,,,,,,,,,3.06,79.17,79.16975059,79.16975059,16.03,,,,,
25Perl_AY1,4/21/2025,11,1181,20,7,,1110130181,,MN22199-2,45,MN16360/MN15005,3,,,,,0,7/28/2025 15:22,,,,,,,,,,,,5,7/28/2025 15:22,,,,,,,,,4.04,105.88,105.8815866,105.8815866,14.94,,,,,
25Ros_AY1conv,4/25/2025,7,1181,20,7,,1070130181,,MN21090-4,37,MN14223-5/MN-Rothsay,3,23,,81.28,,,,,,,,,,,7,7/29/2025 15:44,,,,,,,,,,,,,3.45,87.78,87.78244453,87.78244453,17.42,,,,,
25Steph_AY1,4/27/2025,13,1181,20,7,,1130130181,nice,MN22429-2,53,MN16396/MN14227-4,3,,,,,0,7/29/2025 9:48,,,,,,,,,,8,7/29/2025 9:48,,,,,,,,,,,4.5,119.43,119.4348527,119.4348527,13.86,,,,,
25StP_C-9_AY1-3_URN-PEv2,4/16/2025,1,1181,2,20,,1010130181,,MN22227-1,46,MN15413-2/MN10201-4-A//Linkert-gpcB1/MN13288-1-1/3/MN15482-4/Shelly//MN15482-4/MN10261-1,3,18,6/18/2025 13:49,80.66666667,,0,6/17/2025 15:12,2,6/27/2025 10:40,2,7/3/2025 10:36,2,7/25/2025 11:48,,,,,,,,,,,,,,,,1.375,77.07,77.06720809,77.06720809,15.2,73.8,"8/4/2025 9:44:59 AM, Tare Warning, Test Weight: -3.60",,,
25Strath_AY1,5/8/2025,14,1181,20,7,,1140130181,,TCG-Zelda,68,2023 21st Century Genetics,3,,,,,3,7/30/2025 9:05,,,,,,,,,,7,7/30/2025 9:05,,,,,,,,,,,,117.89,117.89,117.89,,,,,,
25Was_AY1,1/1/2025,3,1181,37,6,,1030130181,,Dyna-Gro Commander,19,2019 Nutrien Ag Solutions,3,13,,80,,0,7/17/2025 10:23,,,,,,,2,,,,,,,,,,,,,,,,53.87,53.87,53.87,,,,58.42,14.46,
25Beck_AY1,4/12/2025,9,1182,3,21,,1090130182,,CP3555,12,2024 Winfield Untied - Croplan,3,,,,,,,,,,,,,,,,,,,,,,,,,,,,2.75,70.68,70.68326081,70.68326081,16.58,,,58.42,13.02,
25Ben_AY1,4/18/2025,16,1182,21,7,,1160130182,,CP3915,14,2019 Winfield Untied - Croplan,3,,,,,0,7/15/2025 11:47,,,,,,,,,,,,0,7/15/2025 11:47,,,,,,,,,3.81,103.43,103.4341319,103.4341319,11.89,,,,,
25Crk_AY1_Conv,4/24/2025,6,1182,12,17,,1060130182,,Dyna-Gro Ambush,17,2017 Nutrien Ag Solutions,3,,,,,,,3,8/4/2025 18:03,,,,,,,,,,,,,,,,,,,,,87.01,87.01,87.01,,0,,,,
25Ferg_AY1,4/21/2025,10,1182,21,7,,1100130182,,AP Murdock,4,2020 AgriPro/Syngenta,3,,,,,0,7/28/2025 11:47,1,8/5/2025 17:42,,,,,,7,7/28/2025 11:47,,,NA,7/28/2025 11:47,,,,,,,,,3.68,99.86,99.85952873,99.85952873,11.93,,,,,
25Hall_AY1,4/26/2025,15,1182,21,7,,1150130182,,MN22314-2,47,MN15482-4/MN10201-4-A,3,,,,,,,,,,,,,,,,,,,,,,,,,,,,4.87,123.06,123.0578917,123.0578917,17.99,,,,,
25Lamb_AY1conv,4/15/2025,4,1182,22,11,,1040130182,,LCS Cannon,27,2018 Limagrain Cereal Seeds,3,12,,76.2,,,,,,,,,,0,,,,,,,,,,,6,7/17/2025 15:28,,,,59.33,63.06621733,63.06621733,,,,,,
25LeCen_AY1,4/11/2025,17,1182,21,7,,1170130182,,Dyna-Gro 8582,16,2024 Nutrien Ag Solutions,3,,,,,0,7/4/2025 16:28,0,7/17/2025 9:16,,,,,,,,,,,,,,,,,,,,3.7,97.61,97.61159075,97.61159075,13.43,,,,,
25Oklee_AY1,4/26/2025,12,1182,32,7,,1120130182,Thin,AP Iconic,3,2025 AgriPro/Syngenta,3,,,,,0,7/30/2025 12:13,,,,,,,,,,,,,,,,,,,,,,2.81,76.23,,,11.96,,,,,
25Perl_AY1,4/21/2025,11,1182,21,7,,1110130182,,Brawn-SD,7,2022 SD State University,3,,,,,0,7/28/2025 15:22,,,,,,,,,,,,6,7/28/2025 15:22,,,,,,,,,4.29,109.43,109.4331428,109.4331428,17.21,,,,,
25Ros_AY1conv,4/25/2025,7,1182,21,7,,1070130182,,TW Trailfire,70,2024 Thunder Seed,3,20,,76.2,,,,,,,,,,,7,7/29/2025 15:44,,,,,,,,,,,,,3,78.06,78.06108902,78.06108902,15.55,,,,,
25Steph_AY1,4/27/2025,13,1182,21,7,,1130130182,,TCG-Badlands,66,2023 21st Century Genetics,3,,,,,0,7/29/2025 9:48,,,,,,,,,,8,7/29/2025 9:48,,,,,,,,,,,4.37,113.94,113.9378854,113.9378854,15.38,,,,,
25StP_C-9_AY1-3_URN-PEv2,4/16/2025,1,1182,3,20,,1010130182,Late,MN21263-3,40,MN15332/MN-Washburn-A//MN-Rothsay,3,19,6/20/2025 11:29,76.33333333,,0,6/17/2025 15:12,1,6/27/2025 10:40,1,7/3/2025 10:36,1,7/25/2025 11:48,,,,,,,,,,,,,,,,1.465,83.27,83.27356387,83.27356387,14,79.5,,,,
25Strath_AY1,5/8/2025,14,1182,21,7,,1140130182,,MN21089-4,36,MN14223-5/MN-Rothsay,3,,,,,1,7/30/2025 9:05,,,,,,,,,,4,7/30/2025 9:05,,,,,,,,,,,,118.53,118.53,118.53,,,,,,
25Was_AY1,1/1/2025,3,1182,36,6,,1030130182,,LCS Trigger,31,2016 Limagrain Cereal Seeds,3,23,,75,,0,7/17/2025 10:23,,,,,,,3,,,,,,,,,,,,,,,,66.49,66.49,66.49,,,,57.93,12.6,
25Beck_AY1,4/12/2025,9,1183,4,21,,1090130183,,Dyna-Gro Ambush,17,2017 Nutrien Ag Solutions,3,,,,,,,,,,,,,,,,,,,,,,,,,,,,2.54,64.95,64.94910612,64.94910612,17.01,,,60,13.5,
25Ben_AY1,4/18/2025,16,1183,22,7,,1160130183,,Shelly,62,2016 MN,3,,,,,0,7/15/2025 11:47,,,,,,,,,,,,0,7/15/2025 11:47,,,,,,,,,3.71,97.69,97.69008674,97.69008674,14.54,,,,,
25Crk_AY1_Conv,4/24/2025,6,1183,11,17,,1060130183,dry,CAG Recoil,9,2022 Champions Alliance Group Inc,3,,,,,,,2,8/4/2025 18:03,,,,,,,,,,,,,,,,,,,,,90.53,90.53,90.53,,0,,,,
25Ferg_AY1,4/21/2025,10,1183,22,7,,1100130183,,MN22314-2,47,MN15482-4/MN10201-4-A,3,,,,,0,7/28/2025 11:47,0,8/5/2025 17:42,,,,,,7,7/28/2025 11:48,,,NA,7/28/2025 11:48,,,,,,,,,3.18,86.69,86.69337911,86.69337911,11.52,,,,,
25Hall_AY1,4/26/2025,15,1183,22,7,,1150130183,,ND Thresher,58,2023 NDSU,3,,,,,,,,,,,,,,,,,,,,,,,,,,,,4.89,124.74,124.7384775,124.7384775,17.21,,,,,
25Lamb_AY1conv,4/15/2025,4,1183,23,11,,1040130183,,TW Trailfire,70,2024 Thunder Seed,3,11,,83.82,,,,,,,,,,0,,,,,,,,,,,6,7/17/2025 15:28,,,,56.46,59.33142773,59.33142773,,,,,,
25LeCen_AY1,4/11/2025,17,1183,22,7,,1170130183,,Shelly,62,2016 MN,3,,,,,0,7/4/2025 16:28,2,7/17/2025 9:16,,,,,,,,,,,,,,,,,,,,3.89,102.66,102.6641413,102.6641413,12.45,,,,,
25Oklee_AY1,4/26/2025,12,1183,33,7,,1120130183,Thin,TW Trailfire,70,2024 Thunder Seed,3,,,,,0,7/30/2025 12:13,,,,,,,,,,,,,,,,,,,,,,2.93,76.33,,,15.45,,,,,
25Perl_AY1,4/21/2025,11,1183,22,7,,1110130183,,Shelly,62,2016 MN,3,,,,,0,7/28/2025 15:22,,,,,,,,,,,,5,7/28/2025 15:22,,,,,,,,,3.84,101.24,101.2433375,101.2433375,14.43,,,,,
25Ros_AY1conv,4/25/2025,7,1183,22,7,,1070130183,,MN21172-3,39,Bolles/MN-Rothsay,3,24,,76.2,,,,,,,,,,,5,7/29/2025 15:44,,,,,,,,,,,,,3.23,82.79,82.79180361,82.79180361,16.81,,,,,
25Steph_AY1,4/27/2025,13,1183,22,7,,1130130183,,MN21263-3,40,MN15332/MN-Washburn-A//MN-Rothsay,3,,,,,0,7/29/2025 9:48,,,,,,,,,,6,7/29/2025 9:48,,,,,,,,,,,4.18,109.42,109.4219582,109.4219582,15.04,,,,,
25StP_C-9_AY1-3_URN-PEv2,4/16/2025,1,1183,4,20,,1010130183,,PFS Rolls,61,2025 Peterson Farms Seed,3,18,6/18/2025 13:49,80.66666667,,0,6/17/2025 15:12,6,6/27/2025 10:40,3,7/3/2025 10:36,3,7/25/2025 11:48,,,,,,,,,,,,,,,,1.115,63.08,63.0840704,63.0840704,14.4,75.1,,,,
25Strath_AY1,5/8/2025,14,1183,22,7,,1140130183,,Dyna-Gro 8582,16,2024 Nutrien Ag Solutions,3,,,,,1,7/30/2025 9:05,,,,,,,,,,8,7/30/2025 9:05,,,,,,,,,,,,113.49,113.49,113.49,,,,,,
25Was_AY1,1/1/2025,3,1183,35,6,,1030130183,,MN22314-2,47,MN15482-4/MN10201-4-A,3,16,,75,,0,7/17/2025 10:23,,,,,,,3,,,,,,,,,,,,,,,,51.44,51.44,51.44,,,,56.92,15.1,
25Beck_AY1,4/12/2025,9,1184,5,21,,1090130184,,MN21090-4,37,MN14223-5/MN-Rothsay,3,,,,,,,,,,,,,,,,,,,,,,,,,,,,1.98,52.77,52.77096,52.77096,13.5,,,58.25,13.63,
25Ben_AY1,4/18/2025,16,1184,23,7,,1160130184,,TCG-Arsenal,65,2024 21st Century Genetics,3,,,,,0,7/15/2025 11:47,,,,,,,,,,,,0,7/15/2025 11:47,,,,,,,,,3.54,93.81,93.81362267,93.81362267,13.99,,,,,
25Crk_AY1_Conv,4/24/2025,6,1184,10,17,,1060130184,,LCS Trigger,31,2016 Limagrain Cereal Seeds,3,,,,,,,2,8/4/2025 18:03,,,,,,,,,,,,,,,,,,,,,102.96,102.96,102.96,,0,,,,
25Ferg_AY1,4/21/2025,10,1184,23,7,,1100130184,,MN22227-1,46,MN15413-2/MN10201-4-A//Linkert-gpcB1/MN13288-1-1/3/MN15482-4/Shelly//MN15482-4/MN10261-1,3,,,,,0,7/28/2025 11:48,0,8/5/2025 17:42,,,,,,7,7/28/2025 11:48,,,NA,7/28/2025 11:48,,,,,,,,,3.19,86.46,86.46472652,86.46472652,12.03,,,,,
25Hall_AY1,4/26/2025,15,1184,23,7,,1150130184,,LCS Rimfire,30,2025 Limagrain Cereal Seeds,3,,,,,,,,,,,,,,,,,,,,,,,,,,,,4.85,123.72,123.7181218,123.7181218,17.21,,,,,
25Lamb_AY1conv,4/15/2025,4,1184,24,11,,1040130184,,CP3530,11,2022 Winfield Untied - Croplan,3,13,,91.44,,,,,,,,,,0,,,,,,,,,,,4,7/17/2025 15:28,,,,56.28,56.4613463,56.4613463,,,,,,
25LeCen_AY1,4/11/2025,17,1184,23,7,,1170130184,,TW Olympic,69,2022 Thunder Seed,3,,,,,0,7/4/2025 16:28,3,7/17/2025 9:16,,,,,,,,,,,,,,,,,,,,3.64,96.01,96.01293318,96.01293318,13.47,,,,,
25Oklee_AY1,4/26/2025,12,1184,34,7,,1120130184,,Marshall,33,long term check,3,,,,,0,7/30/2025 12:14,,,,,,,,,,,,,,,,,,,,,,3.14,77.47,77.46636427,77.46636427,19.93,,,,,
25Perl_AY1,4/21/2025,11,1184,23,7,,1110130184,,MN-Torgy,35,2020 MN,3,,,,,0,7/28/2025 15:22,,,,,,,,,,,,5,7/28/2025 15:22,,,,,,,,,3.96,102.5,102.5037769,102.5037769,15.99,,,,,
25Ros_AY1conv,4/25/2025,7,1184,23,7,,1070130184,,LCS Buster,26,2020 Limagrain Cereal Seeds,3,28,,83.82,,,,,,,,,,,5,7/29/2025 15:44,,,,,,,,,,,,,4.28,108.99,108.993431,108.993431,17.35,,,,,
25Steph_AY1,4/27/2025,13,1184,23,7,,1130130184,,NDHRS15-0006-C46,59,2025 NDSU,3,,,,,0,7/29/2025 9:48,,,,,,,,,,8,7/29/2025 9:48,,,,,,,,,,,4.04,107.06,107.0641343,107.0641343,13.99,,,,,
25StP_C-9_AY1-3_URN-PEv2,4/16/2025,1,1184,5,20,,1010130184,,TW Trailfire,70,2024 Thunder Seed,3,13,6/12/2025 12:31,78,,6,6/17/2025 15:12,7,6/27/2025 10:40,5,7/3/2025 10:37,6,7/25/2025 11:48,,,,,,,,,,,,,,,,0.965,55.04,55.04389842,55.04389842,13.7,-,,,,
25Strath_AY1,5/8/2025,14,1184,23,7,,1140130184,,Glenn,22,long term check,3,,,,,2,7/30/2025 9:05,,,,,,,,,,7,7/30/2025 9:05,,,,,,,,,,,,105.81,105.81,105.81,,,,,,
25Was_AY1,1/1/2025,3,1184,34,6,,1030130184,,Dyna-Gro Ballistic,18,2018 Nutrien Ag Solutions,3,17,,85,,0,7/17/2025 10:23,,,,,,,2,,,,,,,,,,,,,,,,62.55,62.55,62.55,,,,56.84,14.42,
25Beck_AY1,4/12/2025,9,1185,6,21,,1090130185,,MN22227-1,46,MN15413-2/MN10201-4-A//Linkert-gpcB1/MN13288-1-1/3/MN15482-4/Shelly//MN15482-4/MN10261-1,3,,,,,,,,,,,,,,,,,,,,,,,,,,,,2.2,58.63,58.6344,58.6344,13.5,,,59,13.46,
25Ben_AY1,4/18/2025,16,1185,24,7,,1160130185,,WB9479,71,2017 WestBred,3,,,,,0,7/15/2025 11:47,,,,,,,,,,,,2,7/15/2025 11:47,,,,,,,,,3.46,90.71,90.7127472,90.7127472,14.91,,,,,
25Crk_AY1_Conv,4/24/2025,6,1185,9,17,,1060130185,,Glenn,22,long term check,3,,,,,,,1,8/4/2025 18:03,,,,,,,,,,,,,,,,,,,,,92.23,92.23,92.23,,0,,,,
25Ferg_AY1,4/21/2025,10,1185,24,7,,1100130185,,ND Stampede,57,2024 NDSU,3,,,,,0,7/28/2025 11:48,0,8/5/2025 17:42,,,,,,8,7/28/2025 11:48,,,NA,7/28/2025 11:48,,,,,,,,,3.78,101.12,101.1172566,101.1172566,13.18,,,,,
25Hall_AY1,4/26/2025,15,1185,24,7,,1150130185,better leaves,MN-Rothsay,34,2022 MN,3,,,,,,,,,,,,,,,,,,,,,,,,,,,,4.99,119.57,119.5711322,119.5711322,22.23,,,,,
25Lamb_AY1conv,4/15/2025,4,1185,25,11,,1040130185,,Dyna-Gro Ambush,17,2017 Nutrien Ag Solutions,3,11,,86.36,,,,,,,,,,0,,,,,,,,,,,4,7/17/2025 15:28,,,,63.53,56.28078361,56.28078361,,,,,,
25LeCen_AY1,4/11/2025,17,1185,24,7,,1170130185,,MN22227-1,46,MN15413-2/MN10201-4-A//Linkert-gpcB1/MN13288-1-1/3/MN15482-4/Shelly//MN15482-4/MN10261-1,3,,,,,0,7/4/2025 16:28,0,7/17/2025 9:16,,,,,,,,,,,,,,,,,,,,3.85,101.6,101.596674,101.596674,12.33,,,,,
25Oklee_AY1,4/26/2025,12,1185,35,7,,1120130185,,WB9479,71,2017 WestBred,3,,,,,0,7/30/2025 12:14,,,,,,,,,,,,,,,,,,,,,,3.96,100.39,100.3929385,100.3929385,17.72,,,,,
25Perl_AY1,4/21/2025,11,1185,24,7,,1110130185,,ND Stampede,57,2024 NDSU,3,,,,,0,7/28/2025 15:22,,,,,,,,,,,,6,7/28/2025 15:22,,,,,,,,,4.23,110.81,110.8090331,110.8090331,14.98,,,,,
25Ros_AY1conv,4/25/2025,7,1185,24,7,,1070130185,,CAG Ceres,8,2024 Champions Alliance Group Inc,3,20,,78.74,,,,,,,,,,,9,7/29/2025 15:44,,,,,,,,,,,,,2.99,76.93,76.92568301,76.92568301,16.5,,,,,
25Steph_AY1,4/27/2025,13,1185,24,7,,1130130185,,MN21090-4,37,MN14223-5/MN-Rothsay,3,,,,,0,7/29/2025 9:48,,,,,,,,,,7,7/29/2025 9:48,,,,,,,,,,,4.01,105.59,105.5895547,105.5895547,14.54,,,,,
25StP_C-9_AY1-3_URN-PEv2,4/16/2025,1,1185,6,20,,1010130185,Nice Color (harvest),MN21385-1,41,Linkert-gpcB1/MN-Washburn-A//MN13479-8,3,16,6/16/2025 11:36,75.66666667,,0,6/17/2025 15:12,2,6/27/2025 10:40,1,7/3/2025 10:37,1,7/25/2025 11:48,,,,,,,,,,,,,,,,1.17,66.66,66.65983023,66.65983023,13.8,77.3,,,,
25Strath_AY1,5/8/2025,14,1185,24,7,,1140130185,,MN21263-3,40,MN15332/MN-Washburn-A//MN-Rothsay,3,,,,,1,7/30/2025 9:05,,,,,,,,,,2,7/30/2025 9:05,,,,,,,,,,,,111.22,111.22,111.22,,,,,,
25Was_AY1,1/1/2025,3,1185,33,6,,1030130185,,MN21172-3,39,Bolles/MN-Rothsay,3,20,,75,,0,7/17/2025 10:23,,,,,,,4,,,,,,,,,,,,,,,,51.34,51.34,51.34,,,,56.54,14.79,
25Beck_AY1,4/12/2025,9,1186,7,21,,1090130186,,MN21263-3,40,MN15332/MN-Washburn-A//MN-Rothsay,3,,,,,,,,,,,,,,,,,,,,,,,,,,,,2.14,57.04,57.03528,57.03528,13.5,,,59.37,15.06,
25Ben_AY1,4/18/2025,16,1186,25,7,,1160130186,,LCS Hammer AX,29,2022 Limagrain Cereal Seeds,3,,,,,0,7/15/2025 11:47,,,,,,,,,,,,4,7/15/2025 11:47,,,,,,,,,3.53,96.5,96.49613877,96.49613877,11.28,,,,,
25Crk_AY1_Conv,4/24/2025,6,1186,8,17,,1060130186,,LCS Dual,28,2021 Limagrain Cereal Seeds,3,,,,,,,2,8/4/2025 18:03,,,,,,,,,,,,,,,,,,,,,100.07,100.07,100.07,,0,,,,
25Ferg_AY1,4/21/2025,10,1186,25,7,,1100130186,,Driver,15,2019 SD State University,3,,,,,0,7/28/2025 11:48,0,8/5/2025 17:42,,,,,,7,7/28/2025 11:48,,,NA,7/28/2025 11:48,,,,,,,,,3.07,83.86,83.85535706,83.85535706,11.35,,,,,
25Hall_AY1,4/26/2025,15,1186,25,7,,1150130186,,Brawn-SD,7,2022 SD State University,3,,,,,,,,,,,,,,,,,,,,,,,,,,,,4.98,123.27,123.2749591,123.2749591,19.66,,,,,
25Lamb_AY1conv,4/15/2025,4,1186,26,11,,1040130186,,SY Valda,64,2015 AgriPro/Syngenta,3,13,,88.9,,,,,,,,,,0,,,,,,,,,,,2,7/17/2025 15:28,,,,68.3,63.53484584,63.53484584,,,,,,
25LeCen_AY1,4/11/2025,17,1186,25,7,,1170130186,,MS Nova,56,"2023 Meridian Seeds, LLC",3,,,,,0,7/4/2025 16:28,1,7/17/2025 9:16,,,,,,,,,,,,,,,,,,,,3.62,95.48,95.48035561,95.48035561,13.51,,,,,
25Oklee_AY1,4/26/2025,12,1186,36,7,,1120130186,,WB9590,72,2017 WestBred,3,,,,,0,7/30/2025 12:14,,,,,,,,,,,,,,,,,,,,,,3.9,101.28,101.2751351,101.2751351,15.72,,,,,
25Perl_AY1,4/21/2025,11,1186,25,7,,1110130186,,MN21385-1,41,Linkert-gpcB1/MN-Washburn-A//MN13479-8,3,,,,,0,7/28/2025 15:22,,,,,,,,,,,,6,7/28/2025 15:23,,,,,,,,,4.07,105.85,105.8527162,105.8527162,15.59,,,,,
25Ros_AY1conv,4/25/2025,7,1186,25,7,,1070130186,,AP Dagr,1,2025 AgriPro/Syngenta,3,23,,71.12,,,,,,,,,,,9,7/29/2025 15:44,,,,,,,,,,,22 or 23 HD,,3.38,86.81,86.81366744,86.81366744,16.64,,,,,
25Steph_AY1,4/27/2025,13,1186,25,7,,1130130186,,PFS Muffins,60,2026 Peterson Farms Seed,3,,,,,0,7/29/2025 9:48,,,,,,,,,,8,7/29/2025 9:48,,,,,,,,,,,4.1,108.05,108.0478242,108.0478242,14.47,,,,,
25StP_C-9_AY1-3_URN-PEv2,4/16/2025,1,1186,7,20,,1010130186,,CAG Ceres,8,2024 Champions Alliance Group Inc,3,13,6/12/2025 12:31,83,,0,6/17/2025 15:13,6,6/27/2025 10:40,2,7/3/2025 10:37,3,7/25/2025 11:48,,,,,,,,,,,,,,,,1.29,73.67,73.66726197,73.66726197,13.6,79.2,,,,
25Strath_AY1,5/8/2025,14,1186,25,7,,1140130186,,WB9590,72,2017 WestBred,3,,,,,0,7/30/2025 9:05,,,,,,,,,,8,7/30/2025 9:06,,,,,,,,,,,,112.58,112.58,112.58,,,,,,
25Was_AY1,1/1/2025,3,1186,32,6,,1030130186,,AP Smith,5,2021 AgriPro/Syngenta,3,19,,75,,0,7/17/2025 10:23,,,,,,,2,,,,,,,,,,,,,,,,52.96,52.96,52.96,,,,57.27,14.93,
25Beck_AY1,4/12/2025,9,1187,8,21,,1090130187,,TW Trailfire,70,2024 Thunder Seed,3,,,,,,,,,,,,,,,,,,,,,,,,,,,,2.47,64.48,64.47577892,64.47577892,15.28,,,58.39,15,
25Ben_AY1,4/18/2025,16,1187,26,7,,1160130187,,Glenn,22,long term check,3,,,,,0,7/15/2025 11:47,,,,,,,,,,,,0,7/15/2025 11:47,,,,,,,,,3.27,88.02,88.01852271,88.01852271,12.64,,,,,
25Crk_AY1_Conv,4/24/2025,6,1187,7,17,,1060130187,dry,MN22406-1,52,MN16360/MN15320-1,3,,,,,,,3,8/4/2025 18:03,,,,,,,,,,,,,,,,,,,,,86.5,86.5,86.5,,0,,,,
25Ferg_AY1,4/21/2025,10,1187,26,7,,1100130187,,MN22071-4,42,MN16024-6/MN15005-4,3,,,,,0,7/28/2025 11:48,0,8/5/2025 17:42,,,,,,5,7/28/2025 11:48,,,NA,7/28/2025 11:48,,,,,,,,,3.41,90.55,90.54710425,90.54710425,13.82,,,,,
25Hall_AY1,4/26/2025,15,1187,26,7,,1150130187,better leaves,MN21089-4,36,MN14223-5/MN-Rothsay,3,,,,,,,,,,,,,,,,,,,,,,,,,,,,4.66,111.56,111.5631152,111.5631152,22.3,,,,,
25Lamb_AY1conv,4/15/2025,4,1187,27,11,,1040130187,,AP Iconic,3,2025 AgriPro/Syngenta,3,13,,86.36,,,,,,,,,,0,,,,,,,,,,,3,7/17/2025 15:28,,,,71.64,68.29593705,68.29593705,,,,,,
25LeCen_AY1,4/11/2025,17,1187,26,7,,1170130187,,MN22342-2,50,MN16024-6/MN15119-2,3,,,,,0,7/4/2025 16:28,0,7/17/2025 9:16,,,,,,,,,,,,,,,,,,,,3.38,89.07,89.0671126,89.0671126,12.06,,,,,
25Oklee_AY1,4/26/2025,12,1187,37,7,,1120130187,Tall,Dyna-Gro Ballistic,18,2018 Nutrien Ag Solutions,3,,,,,0,7/30/2025 12:14,,,,,,,,,,,,,,,,,,,,,,3.92,101.79,101.7944947,101.7944947,15.72,,,,,
25Perl_AY1,4/21/2025,11,1187,26,7,,1110130187,,MN22227-1,46,MN15413-2/MN10201-4-A//Linkert-gpcB1/MN13288-1-1/3/MN15482-4/Shelly//MN15482-4/MN10261-1,3,,,,,0,7/28/2025 15:23,,,,,,,,,,,,5,7/28/2025 15:23,,,,,,,,,4.33,113.39,113.3886077,113.3886077,15.01,,,,,
25Ros_AY1conv,4/25/2025,7,1187,26,7,,1070130187,,MS Cobra,55,"2022 Meridian Seeds, LLC",3,22,,78.74,,,,,,,,,,,8,7/29/2025 15:44,,,,,,,,,,,,,3.5,89.05,89.05465387,89.05465387,17.42,,,,,
25Steph_AY1,4/27/2025,13,1187,26,7,,1130130187,Thin,LCS Hammer AX,29,2022 Limagrain Cereal Seeds,3,,,,,0,7/29/2025 9:48,,,,,,,,,,9,7/29/2025 9:48,,,,,,,,,,,2.86,76.22,,,13.5,,,,,
25StP_C-9_AY1-3_URN-PEv2,4/16/2025,1,1187,8,20,,1010130187,,LCS Ascent,24,2022 Limagrain Cereal Seeds,3,12,6/12/2025 12:31,75,,5,6/17/2025 15:13,6,6/27/2025 10:40,3,7/3/2025 10:37,5,7/25/2025 11:48,,,,,,,,,,,,,,,,1.19,67.64,67.64200751,67.64200751,14,77.5,,,,
25Strath_AY1,5/8/2025,14,1187,26,7,,1140130187,nice,MN22199-2,45,MN16360/MN15005,3,,,,,0,7/30/2025 9:06,,,,,,,,,,3,7/30/2025 9:06,,,,,,,,,,,,126.44,126.44,126.44,,,,,,
25Was_AY1,1/1/2025,3,1187,31,6,,1030130187,,CP3678,13,2024 Winfield Untied - Croplan,3,20,,80,,0,7/17/2025 10:23,,,,,,,3,,,,,,,,,,,,,,,,52.53,52.53,52.53,,,,55.44,15.8,
25Beck_AY1,4/12/2025,9,1188,9,21,,1090130188,,MN22341-1,49,MN15320-1/MN14105-7,3,,,,,,,,,,,,,,,,,,,,,,,,,,,,1.74,46.37,46.37448,46.37448,13.5,,,57.13,14.14,
25Ben_AY1,4/18/2025,16,1188,27,7,,1160130188,,AP Dagr,1,2025 AgriPro/Syngenta,3,,,,,0,7/15/2025 11:48,,,,,,,,,,,,1,7/15/2025 11:48,,,,,,,,,3.96,106.76,106.7620578,106.7620578,12.5,,,,,
25Crk_AY1_Conv,4/24/2025,6,1188,6,17,,1060130188,,LCS Buster,26,2020 Limagrain Cereal Seeds,3,,,,,,,2,8/4/2025 18:03,,,,,,,,,,,,,,,,,,,,,114.71,114.71,114.71,,0,,,,
25Ferg_AY1,4/21/2025,10,1188,27,7,,1100130188,,LCS Cannon,27,2018 Limagrain Cereal Seeds,3,,,,,0,7/28/2025 11:48,0,8/5/2025 17:42,,,,,,9,7/28/2025 11:48,,,NA,7/28/2025 11:48,,,,,,,,,3.01,82.37,82.37415291,82.37415291,11.18,,,,,
25Hall_AY1,4/26/2025,15,1188,27,7,,1150130188,,LCS Ascent,24,2022 Limagrain Cereal Seeds,3,,,,,,,,,,,,,,,,,,,,,,,,,,,,4.27,109.86,109.8570791,109.8570791,16.5,,,,,
25Lamb_AY1conv,4/15/2025,4,1188,28,11,,1040130188,,Dyna-Gro Rocker,20,2023 Nutrien Ag Solutions,3,16,,88.9,,,,,,,,,,0,,,,,,,,,,,2,7/17/2025 15:28,,,,69.34,71.64251814,71.64251814,,,,,,
25LeCen_AY1,4/11/2025,17,1188,27,7,,1170130188,nice,MN22341-1,49,MN15320-1/MN14105-7,3,,,,,0,7/4/2025 16:28,0,7/17/2025 9:16,,,,,,,,,,,,,,,,,,,,3.48,91.73,91.73450913,91.73450913,12.25,,,,,
25Oklee_AY1,4/26/2025,12,1188,38,7,,1120130188,,MS Charger,54,"2023 Meridian Seeds, LLC",3,,,,,1,7/30/2025 12:14,,,,,,,,,,,,,,,,,,,,,,4.19,108.63,108.6251096,108.6251096,15.86,,,,,
25Perl_AY1,4/21/2025,11,1188,27,7,,1110130188,,NDHRS15-0006-C46,59,2025 NDSU,3,,,,,0,7/28/2025 15:23,,,,,,,,,,,,5,7/28/2025 15:23,,,,,,,,,4.36,113.68,113.677158,113.677158,15.38,,,,,
25Ros_AY1conv,4/25/2025,7,1188,27,7,,1070130188,,CAG Recoil,9,2022 Champions Alliance Group Inc,3,28,,78.74,,,,,,,,,,,8,7/29/2025 15:45,,,,,,,,,,,,,3.3,85.69,85.69434506,85.69434506,15.72,,,,,
25Steph_AY1,4/27/2025,13,1188,27,7,,1130130188,,MN22341-1,49,MN15320-1/MN14105-7,3,,,,,0,7/29/2025 9:49,,,,,,,,,,7,7/29/2025 9:49,,,,,,,,,,,3.5,91.39,91.39479191,91.39479191,15.25,,,,,
25StP_C-9_AY1-3_URN-PEv2,4/16/2025,1,1188,9,20,,1010130188,,Dyna-Gro Ballistic,18,2018 Nutrien Ag Solutions,3,18,6/18/2025 13:50,85,,0,6/17/2025 15:13,7,6/27/2025 10:40,4,7/3/2025 10:37,5,7/25/2025 11:48,,,,,,,,,,,,,,,,1.3,74.58,74.58202197,74.58202197,13.2,79.1,,,,
25Strath_AY1,5/8/2025,14,1188,27,7,,1140130188,,CP3915,14,2019 Winfield Untied - Croplan,3,,,,,0,7/30/2025 9:06,,,,,,,,,,8,7/30/2025 9:06,,,,,,,,,,,,106.64,106.64,106.64,,,,,,
25Was_AY1,1/1/2025,3,1188,30,6,,1030130188,,TW Olympic,69,2022 Thunder Seed,3,17,,85,,0,7/17/2025 10:23,,,,,,,2,,,,,,,,,,,,,,,,53.97,53.97,53.97,,,,55.32,14.44,
25Beck_AY1,4/12/2025,9,1189,10,21,,1090130189,,Driver,15,2019 SD State University,3,,,,,,,,,,,,,,,,,,,,,,,,,,,,1.86,49.57,49.57272,49.57272,13.5,,,59.65,13.65,
25Ben_AY1,4/18/2025,16,1189,28,7,,1160130189,,MS Cobra,55,"2022 Meridian Seeds, LLC",3,,,,,0,7/15/2025 11:48,,,,,,,,,,,,2,7/15/2025 11:48,,,,,,,,,3.57,95.5,95.49963127,95.49963127,13.18,,,,,
25Crk_AY1_Conv,4/24/2025,6,1189,5,17,,1060130189,,MN-Rothsay,34,2022 MN,3,,,,,,,2,8/4/2025 18:03,,,,,,,,,,,,,,,,,,,,,114.04,114.04,114.04,,0,,,,
25Ferg_AY1,4/21/2025,10,1189,28,7,,1100130189,,AP Elevate,2,2024 AgriPro/Syngenta,3,,,,,0,7/28/2025 11:48,0,8/5/2025 17:42,,,,,,7,7/28/2025 11:48,,,NA,7/28/2025 11:48,,,,,,,,,3.31,88.89,88.89122935,88.89122935,12.84,,,,,
25Hall_AY1,4/26/2025,15,1189,28,7,,1150130189,better leaves,MN22342-2,50,MN16024-6/MN15119-2,3,,,,,,,,,,,,,,,,,,,,,,,,,,,,4.2,107.43,107.4349823,107.4349823,16.98,,,,,
25Lamb_AY1conv,4/15/2025,4,1189,29,11,,1040130189,,PFS Muffins,60,2026 Peterson Farms Seed,3,14,,81.28,,,,,,,,,,0,,,,,,,,,,,2,7/17/2025 15:28,,,,77.94,69.34400344,69.34400344,,,,,,
25LeCen_AY1,4/11/2025,17,1189,28,7,,1170130189,,TCG-Zelda,68,2023 21st Century Genetics,3,,,,,0,7/4/2025 16:28,2,7/17/2025 9:16,,,,,,,,,,,,,,,,,,,,3.46,91.21,91.21013965,91.21013965,13,,,,,
25Oklee_AY1,4/26/2025,12,1189,39,7,,1120130189,,Shelly,62,2016 MN,3,,,,,0,7/30/2025 12:14,,,,,,,,,,,,,,,,,,,,,,3.95,101.42,101.4173304,101.4173304,16.67,,,,,
25Perl_AY1,4/21/2025,11,1189,28,7,,1110130189,,Marshall,33,long term check,3,,,,,0,7/28/2025 15:23,,,,,,,,,,,,5,7/28/2025 15:23,,,,,,,,,3.8,100.97,100.9731818,100.9731818,13.76,,,,,
25Ros_AY1conv,4/25/2025,7,1189,28,7,,1070130189,,TCG-Arsenal,65,2024 21st Century Genetics,3,25,,78.74,,,,,,,,,,,6,7/29/2025 15:45,,,,,,,,,,,,,3.78,97.01,97.00594685,97.00594685,16.71,,,,,
25Steph_AY1,4/27/2025,13,1189,28,7,,1130130189,,MN22154-1,44,BW980/MN10201-4-A//MN15005,3,,,,,0,7/29/2025 9:49,,,,,,,,,,8,7/29/2025 9:49,,,,,,,,,,,3.26,87.31,87.30739189,87.30739189,13.08,,,,,
25StP_C-9_AY1-3_URN-PEv2,4/16/2025,1,1189,10,20,,1010130189,,Enhance-SD,21,2024 SD State University,3,14,6/13/2025 13:50,87.33333333,,2,6/17/2025 15:13,3,6/27/2025 10:40,2,7/3/2025 10:37,2,7/25/2025 11:48,,,,,,,,,,,,,,,,1.415,81.74,81.74081211,81.74081211,12.6,78.6,,,,
25Strath_AY1,5/8/2025,14,1189,28,7,,1140130189,,AP Smith,5,2021 AgriPro/Syngenta,3,,,,,0,7/30/2025 9:06,,,,,,,,,,6,7/30/2025 9:06,,,,,,,,,,,,112.3,112.3,112.3,,,,,,
25Was_AY1,1/1/2025,3,1189,29,6,,1030130189,Tall,Ascend-SD,6,2021 SD State University,3,17,,90,,1,7/17/2025 10:23,,,,,,,4,,,,,,,,,,,,,,,,70.82,70.82,70.82,,,,59.19,14.43,
25Beck_AY1,4/12/2025,9,1190,11,21,,1090130190,,CP3915,14,2019 Winfield Untied - Croplan,3,,,,,,,,,,,,,,,,,,,,,,,,,,,,1.84,48.79,48.7902296,48.7902296,13.94,,,57.25,13.99,
25Ben_AY1,4/18/2025,16,1190,28,8,,1160130190,,TCG-Zelda,68,2023 21st Century Genetics,3,,,,,0,7/15/2025 11:48,,,,,,,,,,,,4,7/15/2025 11:48,,,,,,,,,3.65,100.54,100.5412037,100.5412037,10.6,,,,,
25Crk_AY1_Conv,4/24/2025,6,1190,4,17,,1060130190,,LCS Boom,25,2023 Limagrain Cereal Seeds,3,,,,,,,3,8/4/2025 18:03,,,,,,,,,,,,,,,,,,,,,86.12,86.12,86.12,,0,,,,
25Ferg_AY1,4/21/2025,10,1190,28,8,,1100130190,Short,MN-Rothsay,34,2022 MN,3,,,,,0,7/28/2025 11:49,0,8/5/2025 17:43,,,,,,6,7/28/2025 11:49,,,NA,7/28/2025 11:49,,,,,,,,,3.03,82.6,82.60406877,82.60406877,11.52,,,,,
25Hall_AY1,4/26/2025,15,1190,28,8,,1150130190,,AP Iconic,3,2025 AgriPro/Syngenta,3,,,,,,,,,,,,,,,,,,,,,,,,,,,,3.96,103.32,103.3212692,103.3212692,15.32,,,,,
25Lamb_AY1conv,4/15/2025,4,1190,30,11,,1040130190,,Ascend-SD,6,2021 SD State University,3,15,,86.36,,,,,,,,,,0,,,,,,,,,,,5,7/17/2025 15:28,,,,77.2,77.93787739,77.93787739,,,,,,
25LeCen_AY1,4/11/2025,17,1190,28,8,,1170130190,,MN22314-2,47,MN15482-4/MN10201-4-A,3,,,,,0,7/4/2025 16:29,0,7/17/2025 9:17,,,,,,,,,,,,,,,,,,,,3.88,102.39,102.3898756,102.3898756,11.78,,,,,
25Oklee_AY1,4/26/2025,12,1190,39,8,,1120130190,,CP3530,11,2022 Winfield Untied - Croplan,3,,,,,0,7/30/2025 12:14,,,,,,,,,,,,,,,,,,,,,,2.69,71.69,71.69388,71.69388,13.5,,,,,
25Perl_AY1,4/21/2025,11,1190,28,8,,1110130190,,PFS Rolls,61,2025 Peterson Farms Seed,3,,,,,0,7/28/2025 15:23,,,,,,,,,,,,5,7/28/2025 15:23,,,,,,,,,4.1,107.67,107.668842,107.668842,14.77,,,,,
25Ros_AY1conv,4/25/2025,7,1190,28,8,,1070130190,,LCS Cannon,27,2018 Limagrain Cereal Seeds,3,18,,76.2,,,,,,,,,,,9,7/29/2025 15:46,,,,,,,,,,,,,3.33,83.62,83.62103514,83.62103514,18.5,,,,,
25Steph_AY1,4/27/2025,13,1190,28,8,,1130130190,,MN22356-2,51,MN15530-4/MN15005-4,3,,,,,0,7/29/2025 9:49,,,,,,,,,,7,7/29/2025 9:49,,,,,,,,,,,3.35,87.62,87.62237847,87.62237847,15.11,,,,,
25StP_C-9_AY1-3_URN-PEv2,4/16/2025,1,1190,11,20,,1010130190,,CP3555,12,2024 Winfield Untied - Croplan,3,16,6/16/2025 11:36,77.33333333,,0,6/17/2025 15:13,8,6/27/2025 10:40,3,7/3/2025 10:37,4,7/25/2025 11:48,,,,,,,,,,,,,,,,1.055,60.18,60.17752626,60.17752626,13.7,-,,,,
25Strath_AY1,5/8/2025,14,1190,28,8,,1140130190,nice,MN22322-2,48,MN15005/MN14223-5,3,,,,,0,7/30/2025 9:06,,,,,,,,,,5,7/30/2025 9:06,,,,,,,,,,,,110.61,110.61,110.61,,,,,,
25Was_AY1,1/1/2025,3,1190,28,6,,1030130190,nice,MN22131-3,43,MN15482-4/MN15005-4,3,20,,80,,0,7/17/2025 10:23,,,,,,,2,,,,,,,,,,,,,,,,44.3,44.3,44.3,,,,56.49,14.18,
25Beck_AY1,4/12/2025,9,1191,12,21,,1090130191,,WB9590,72,2017 WestBred,3,,,,,,,,,,,,,,,,,,,,,,,,,,,,2.04,53.65,53.64724079,53.64724079,14.65,,,57.8,14.85,
25Ben_AY1,4/18/2025,16,1191,27,8,,1160130191,,Linkert,32,2013 MN,3,,,,,0,7/15/2025 11:48,,,,,,,,,,,,2,7/15/2025 11:48,,,,,,,,,3.35,88.32,88.32426583,88.32426583,14.43,,,,,
25Crk_AY1_Conv,4/24/2025,6,1191,3,16,,1060130191,possible error,AP Murdock,4,2020 AgriPro/Syngenta,3,,,,,,,3,8/4/2025 18:03,,,,,,,,,,,,,,,,,,Plot shift,7/2/2025 11:43,,97.46,97.46,97.46,,0,,,,
25Ferg_AY1,4/21/2025,10,1191,27,8,,1100130191,,CP3555,12,2024 Winfield Untied - Croplan,3,,,,,0,7/28/2025 11:49,0,8/5/2025 17:43,,,,,,7,7/28/2025 11:49,,,NA,7/28/2025 11:49,,,,,,,,,3.24,88.43,88.4289327,88.4289327,11.42,,,,,
25Hall_AY1,4/26/2025,15,1191,27,8,,1150130191,,Marshall,33,long term check,3,,,,,,,,,,,,,,,,,,,,,,,,,,,,4.12,104.06,104.0556936,104.0556936,18.03,,,,,
25Lamb_AY1conv,4/15/2025,4,1191,31,11,,1040130191,,MS Charger,54,"2023 Meridian Seeds, LLC",3,15,,76.2,,,,,,,,,,0,,,,,,,,,,,2,7/17/2025 15:29,,,,77.11,77.19942402,77.19942402,,,,,,
25LeCen_AY1,4/11/2025,17,1191,27,8,,1170130191,,MN21385-1,41,Linkert-gpcB1/MN-Washburn-A//MN13479-8,3,,,,,0,7/4/2025 16:29,0,7/17/2025 9:17,,,,,,,,,,,,,,,,,,,,3.3,86.94,86.94443237,86.94443237,12.88,,,,,
25Oklee_AY1,4/26/2025,12,1191,38,8,,1120130191,,CP3555,12,2024 Winfield Untied - Croplan,3,,,,,0,7/30/2025 12:14,,,,,,,,,,,,,,,,,,,,,,3.1,81.5,81.50366469,81.50366469,14.67,,,,,
25Perl_AY1,4/21/2025,11,1191,27,8,,1110130191,,Dyna-Gro Ballistic,18,2018 Nutrien Ag Solutions,3,,,,,0,7/28/2025 15:23,,,,,,,,,,,,3,7/28/2025 15:23,,,,,,,,,4.67,121.66,121.6589852,121.6589852,15.45,,,,,
25Ros_AY1conv,4/25/2025,7,1191,27,8,,1070130191,,MN22356-2,51,MN15530-4/MN15005-4,3,21,,71.12,,,,,,,,,,,7,7/29/2025 15:46,,,,,,,,,,,,,3.52,88.02,88.02345256,88.02345256,18.84,,,,,
25Steph_AY1,4/27/2025,13,1191,27,8,,1130130191,,MN22322-2,48,MN15005/MN14223-5,3,,,,,0,7/29/2025 9:49,,,,,,,,,,8,7/29/2025 9:49,,,,,,,,,,,, , , , ,,,,,
25StP_C-9_AY1-3_URN-PEv2,4/16/2025,1,1191,11,21,,1010130191,,Dyna-Gro Commander,19,2019 Nutrien Ag Solutions,3,13,6/12/2025 12:32,84,,0,6/17/2025 15:20,2,6/27/2025 10:43,1,7/3/2025 10:39,1,7/25/2025 11:51,,,,,,,,,,,,,,,,1.255,72,72.00033659,72.00033659,13.2,78.3,,,,
25Strath_AY1,5/8/2025,14,1191,27,8,,1140130191,,MS Charger,54,"2023 Meridian Seeds, LLC",3,,,,,2,7/30/2025 9:06,,,,,,,,,,8,7/30/2025 9:07,,,,,,,,,,,,119.91,119.91,119.91,,,,,,
25Was_AY1,1/1/2025,3,1191,27,6,,1030130191,,AP Iconic,3,2025 AgriPro/Syngenta,3,16,,85,,0,7/17/2025 10:23,,,,,,,3,,,,,,,,,,,,,,,,67.72,67.72,67.72,,,,57.03,14.22,
25Beck_AY1,4/12/2025,9,1192,13,21,,1090130192,,MN22322-2,48,MN15005/MN14223-5,3,,,,,,,,,,,,,,,,,,,,,,,,,,,,1.41,37.58,37.57932,37.57932,13.5,,,59.38,14.27,
25Ben_AY1,4/18/2025,16,1192,26,8,,1160130192,,MN22314-2,47,MN15482-4/MN10201-4-A,3,,,,,0,7/15/2025 11:48,,,,,,,,,,,,1,7/15/2025 11:48,,,,,,,,,4,102.28,102.2820569,102.2820569,17.01,,,,,
25Crk_AY1_Conv,4/24/2025,6,1192,2,17,,1060130192,,LCS Rimfire,30,2025 Limagrain Cereal Seeds,3,,,,,,,3,8/4/2025 18:03,,,,,,,,,,,,,,,,,,,,,0,,,,lost,,,,
25Ferg_AY1,4/21/2025,10,1192,26,8,,1100130192,,MN21172-3,39,Bolles/MN-Rothsay,3,,,,,0,7/28/2025 11:49,0,8/5/2025 17:43,,,,,,6,7/28/2025 11:49,,,NA,7/28/2025 11:49,,,,,,,,,3.42,92.41,92.41434645,92.41434645,12.3,,,,,
25Hall_AY1,4/26/2025,15,1192,26,8,,1150130192,,CP3915,14,2019 Winfield Untied - Croplan,3,,,,,,,,,,,,,,,,,,,,,,,,,,,,3.97,99.85,99.85136367,99.85136367,18.37,,,,,
25Lamb_AY1conv,4/15/2025,4,1192,32,11,,1040130192,,TW Olympic,69,2022 Thunder Seed,3,15,,73.66,,,,,,,,,,0,,,,,,,,,,,2,7/17/2025 15:29,,,,75.47,77.10671114,77.10671114,,,,,,
25LeCen_AY1,4/11/2025,17,1192,26,8,,1170130192,,LCS Rimfire,30,2025 Limagrain Cereal Seeds,3,,,,,0,7/4/2025 16:29,4,7/17/2025 9:17,,,,,,,,,,,,,,,,,,,,3.15,82.93,82.93345318,82.93345318,11.74,,,,,
25Oklee_AY1,4/26/2025,12,1192,37,8,,1120130192,,TCG-Badlands,66,2023 21st Century Genetics,3,,,,,0,7/30/2025 12:14,,,,,,,,,,,,,,,,,,,,,,3.51,91.52,91.51532673,91.51532673,15.38,,,,,
25Perl_AY1,4/21/2025,11,1192,26,8,,1110130192,,TW Olympic,69,2022 Thunder Seed,3,,,,,0,7/28/2025 15:23,,,,,,,,,,,,4,7/28/2025 15:23,,,,,,,,,4.44,115.85,115.8450594,115.8450594,15.32,,,,,
25Ros_AY1conv,4/25/2025,7,1192,26,8,,1070130192,,MN22406-1,52,MN16360/MN15320-1,3,22,,66.04,,,,,,,,,,,8,7/29/2025 15:46,,,,,,,,,,,,,3.06,79.05,79.04718221,79.04718221,16.16,,,,,
25Steph_AY1,4/27/2025,13,1192,26,8,,1130130192,,CP3530,11,2022 Winfield Untied - Croplan,3,,,,,0,7/29/2025 9:49,,,,,,,,,,8,7/29/2025 9:49,,,,,,,,,,,3.12,83.15,83.15424,83.15424,13.5,,,,,
25StP_C-9_AY1-3_URN-PEv2,4/16/2025,1,1192,10,21,,1010130192,,Marshall,33,long term check,3,20,6/20/2025 11:31,79.66666667,,0,6/17/2025 15:20,0,6/27/2025 10:43,0,7/3/2025 10:39,1,7/25/2025 11:51,,,,,,,,,,,,,,,,0.88,50.2,50.19547214,50.19547214,13.7,-,,,,
25Strath_AY1,5/8/2025,14,1192,26,8,,1140130192,,AP Elevate,2,2024 AgriPro/Syngenta,3,,,,,0,7/30/2025 9:07,,,,,,,,,,6,7/30/2025 9:07,,,,,,,,,,,,106.2,106.2,106.2,,,,,,
25Was_AY1,1/1/2025,3,1192,26,6,,1030130192,,MN22342-2,50,MN16024-6/MN15119-2,3,16,,80,,0,7/17/2025 10:23,,,,,,,3,,,,,,,,,,,,,,,,53.38,53.38,53.38,,,,56.74,14.6,
25Beck_AY1,4/12/2025,9,1193,14,21,,1090130193,,MN22342-2,50,MN16024-6/MN15119-2,3,,,,,,,,,,,,,,,,,,,,,,,,,,,,1.32,35.18,35.18064,35.18064,13.5,,,59.1,14.03,
25Ben_AY1,4/18/2025,16,1193,25,8,,1160130193,,PFS Rolls,61,2025 Peterson Farms Seed,3,,,,,0,7/15/2025 11:48,,,,,,,,,,,,1,7/15/2025 11:48,,,,,,,,,3.7,98.7,98.70360222,98.70360222,13.42,,,,,
25Crk_AY1_Conv,4/24/2025,6,1193,2,18,,1060130193,,MN21172-3,39,Bolles/MN-Rothsay,3,,,,,,,2,8/4/2025 18:06,,,,,,,,,,,,,,,,,,,,,114.66,114.66,114.66,,0,,,,
25Ferg_AY1,4/21/2025,10,1193,25,8,,1100130193,Thick,MN22322-2,48,MN15005/MN14223-5,3,,,,,0,7/28/2025 11:49,0,8/5/2025 17:43,,,,,,7,7/28/2025 11:49,,,NA,7/28/2025 11:49,,,,,,,,,3.33,90.4,90.4030602,90.4030602,11.89,,,,,
25Hall_AY1,4/26/2025,15,1193,25,8,,1150130193,better leaves,MN22071-4,42,MN16024-6/MN15005-4,3,,,,,,,,,,,,,,,,,,,,,,,,,,,,4.08,100.32,100.3175118,100.3175118,20.2,,,,,
25Lamb_AY1conv,4/15/2025,4,1193,33,11,,1040130193,,Shelly,62,2016 MN,3,16,,81.28,,,,,,,,,,0,,,,,,,,,,,2,7/17/2025 15:29,,,,73.68,75.46541877,75.46541877,,,,,,
25LeCen_AY1,4/11/2025,17,1193,25,8,,1170130193,,TW Trailfire,70,2024 Thunder Seed,3,,,,,1,7/4/2025 16:29,6,7/17/2025 9:17,,,,,,,,,,,,,,,,,,,,3.12,82.14,82.14117642,82.14117642,12.37,,,,,
25Oklee_AY1,4/26/2025,12,1193,36,8,,1120130193,,LCS Rimfire,30,2025 Limagrain Cereal Seeds,3,,,,,0,7/30/2025 12:14,,,,,,,,,,,,,,,,,,,,,,4.1,106.9,106.8982449,106.8982449,15.38,,,,,
25Perl_AY1,4/21/2025,11,1193,25,8,,1110130193,,AP Elevate,2,2024 AgriPro/Syngenta,3,,,,,0,7/28/2025 15:23,,,,,,,,,,,,5,7/28/2025 15:23,,,,,,,,,4.21,109.49,109.4938416,109.4938416,15.59,,,,,
25Ros_AY1conv,4/25/2025,7,1193,25,8,,1070130193,,MN22341-1,49,MN15320-1/MN14105-7,3,24,,68.58,,,,,,,,,,,6,7/29/2025 15:46,,,,,,,,,,,,,3.2,81.92,81.9242425,81.9242425,16.91,,,,,
25Steph_AY1,4/27/2025,13,1193,25,8,,1130130193,,MN22131-3,43,MN15482-4/MN15005-4,3,,,,,0,7/29/2025 9:49,,,,,,,,,,7,7/29/2025 9:49,,,,,,,,,,,3.86,101.57,101.5684611,101.5684611,14.6,,,,,
25StP_C-9_AY1-3_URN-PEv2,4/16/2025,1,1193,9,21,,1010130193,Nice Color (harvest),MN22071-4,42,MN16024-6/MN15005-4,3,17,6/18/2025 13:53,78.33333333,,0,6/17/2025 15:20,1,6/27/2025 10:43,1,7/3/2025 10:39,0,7/25/2025 11:51,,,,,,,,,,,,,,,,1.405,81.07,81.07027452,81.07027452,12.7,81.6,,,,
25Strath_AY1,5/8/2025,14,1193,25,8,,1140130193,,MN-Torgy,35,2020 MN,3,,,,,0,7/30/2025 9:07,,,,,,,,,,4,7/30/2025 9:07,,,,,,,,,,,,113.24,113.24,113.24,,,,,,
25Was_AY1,1/1/2025,3,1193,25,6,,1030130193,Tall,Enhance-SD,21,2024 SD State University,3,13,,85,,0,7/17/2025 10:23,,,,,,,4,,,,,,,,,,,,,,,,65.49,65.49,65.49,,,,56.34,15.01,
25Beck_AY1,4/12/2025,9,1194,15,21,,1090130194,,CP3099A,10,2020 Winfield Untied - Croplan,3,,,,,,,,,,,,,,,,,,,,,,,,,,,,2.39,63.02,63.0207954,63.0207954,14.42,,,56.38,11.12,
25Ben_AY1,4/18/2025,16,1194,24,8,,1160130194,,TCG-Badlands,66,2023 21st Century Genetics,3,,,,,0,7/15/2025 11:48,,,,,,,,,,,,0,7/15/2025 11:48,,,,,,,,,3.54,94.14,94.14084144,94.14084144,13.69,,,,,
25Crk_AY1_Conv,4/24/2025,6,1194,3,17,,1060130194,possible error,MN21089-4,36,MN14223-5/MN-Rothsay,3,,,,,,,3,8/4/2025 18:03,,,,,,,,,,,,,,,,,,Plot shift,7/2/2025 11:43,,99.45,99.45,99.45,,0,,,,
25Ferg_AY1,4/21/2025,10,1194,24,8,,1100130194,,Ascend-SD,6,2021 SD State University,3,,,,,0,7/28/2025 11:49,0,8/5/2025 17:43,,,,,,7,7/28/2025 11:49,,,NA,7/28/2025 11:49,,,,,,,,,3.75,99.89,99.88722832,99.88722832,13.55,,,,,
25Hall_AY1,4/26/2025,15,1194,24,8,,1150130194,,TCG-Zelda,68,2023 21st Century Genetics,3,,,,,,,,,,,,,,,,,,,,,,,,,,,,4.61,115.42,115.4227562,115.4227562,18.74,,,,,
25Lamb_AY1conv,4/15/2025,4,1194,34,11,,1040130194,,LCS Rimfire,30,2025 Limagrain Cereal Seeds,3,14,,78.74,,,,,,,,,,0,,,,,,,,,,,3,7/17/2025 15:29,,,,71.13,73.67939098,73.67939098,,,,,,
25LeCen_AY1,4/11/2025,17,1194,24,8,,1170130194,,NDHRS15-0006-C46,59,2025 NDSU,3,,,,,0,7/4/2025 16:29,2,7/17/2025 9:17,,,,,,,,,,,,,,,,,,,,3.12,82.13,82.13389318,82.13389318,11.74,,,,,
25Oklee_AY1,4/26/2025,12,1194,35,8,,1120130194,nice,MN22322-2,48,MN15005/MN14223-5,3,,,,,0,7/30/2025 12:15,,,,,,,,,,,,,,,,,,,,,,3.52,90.33,90.33358013,90.33358013,16.71,,,,,
25Perl_AY1,4/21/2025,11,1194,24,8,,1110130194,,TCG-Zelda,68,2023 21st Century Genetics,3,,,,,0,7/28/2025 15:23,,,,,,,,,,,,5,7/28/2025 15:23,,,,,,,,,4.13,109.4,109.3983257,109.3983257,14.03,,,,,
25Ros_AY1conv,4/25/2025,7,1194,24,8,,1070130194,,LCS Trigger,31,2016 Limagrain Cereal Seeds,3,28,,88.9,,,,,,,,,,,4,7/29/2025 15:46,,,,,,,,,,,,,4.11,102.94,102.9420097,102.9420097,18.71,,,,,
25Steph_AY1,4/27/2025,13,1194,24,8,,1130130194,,Knudson,23,long term check,3,,,,,1,7/29/2025 9:49,,,,,,,,,,6,7/29/2025 9:49,,,,,,,,,,,3.74,98.84,98.83726277,98.83726277,14.23,,,,,
25StP_C-9_AY1-3_URN-PEv2,4/16/2025,1,1194,8,21,,1010130194,,WB9479,71,2017 WestBred,3,14,6/13/2025 13:52,73.33333333,,0,6/17/2025 15:20,0,6/27/2025 10:43,0,7/3/2025 10:40,0,7/25/2025 11:51,,,,,,,,,,,,,,,,1.245,71.26,71.26205124,71.26205124,13.4,79,,,,
25Strath_AY1,5/8/2025,14,1194,24,8,,1140130194,,Ascend-SD,6,2021 SD State University,3,,,,,3,7/30/2025 9:07,,,,,,,,,,7,7/30/2025 9:07,,,,,,,,,,,,118.68,118.68,118.68,,,,,,
25Was_AY1,1/1/2025,3,1194,24,6,,1030130194,,LCS Boom,25,2023 Limagrain Cereal Seeds,3,12,,80,,0,7/17/2025 10:23,,,,,,,4,,,,,,,,,,,,,,,,54.35,54.35,54.35,,,,57.49,14.35,
25Beck_AY1,4/12/2025,9,1195,16,21,,1090130195,,MN22406-1,52,MN16360/MN15320-1,3,,,,,,,,,,,,,,,,,,,,,,,,,,,,2.02,53.84,53.83704,53.83704,13.5,,,58.34,13.03,
25Ben_AY1,4/18/2025,16,1195,23,8,,1160130195,,Marshall,33,long term check,3,,,,,0,7/15/2025 11:48,,,,,,,,,,,,1,7/15/2025 11:49,,,,,,,,,3.09,86.31,86.30580049,86.30580049,9.35,,,,,
25Crk_AY1_Conv,4/24/2025,6,1195,4,18,,1060130195,,MN-Torgy,35,2020 MN,3,,,,,,,2,8/4/2025 18:05,,,,,,,,,,,,,,,,,,,,,102.39,102.39,102.39,,0,,,,
25Ferg_AY1,4/21/2025,10,1195,23,8,,1100130195,,PFS Rolls,61,2025 Peterson Farms Seed,3,,,,,0,7/28/2025 11:50,0,8/5/2025 17:43,,,,,,7,7/28/2025 11:50,,,NA,7/28/2025 11:50,,,,,,,,,2.81,78.81,78.80555795,78.80555795,8.98,,,,,
25Hall_AY1,4/26/2025,15,1195,23,8,,1150130195,,MN21090-4,37,MN14223-5/MN-Rothsay,3,,,,,,,,,,,,,,,,,,,,,,,,,,,,4.96,124.14,124.1400245,124.1400245,18.77,,,,,
25Lamb_AY1conv,4/15/2025,4,1195,35,11,,1040130195,,MN22342-2,50,MN16024-6/MN15119-2,3,15,,83.82,,,,,,,,,,0,,,,,,,,,,,3,7/17/2025 15:29,,,,67.82,71.1303512,71.1303512,,,,,,
25LeCen_AY1,4/11/2025,17,1195,23,8,,1170130195,,SY 611 CL2,63,2019 AgriPro/Syngenta,3,,,,,0,7/4/2025 16:29,3,7/17/2025 9:17,,,,,,,,,,,,,,,,,,,,3.2,84.28,84.28108208,84.28108208,13.04,,,,,
25Oklee_AY1,4/26/2025,12,1195,34,8,,1120130195,,CP3099A,10,2020 Winfield Untied - Croplan,3,,,,,0,7/30/2025 12:15,,,,,,,,,,,,,,,,,,,,,,4.17,111.46,111.4600505,111.4600505,13.25,,,,,
25Perl_AY1,4/21/2025,11,1195,23,8,,1110130195,,MN-Rothsay,34,2022 MN,3,,,,,0,7/28/2025 15:23,,,,,,,,,,,,5,7/28/2025 15:23,,,,,,,,,3.94,101.85,101.8525437,101.8525437,16.1,,,,,
25Ros_AY1conv,4/25/2025,7,1195,23,8,,1070130195,,MN21168-1,38,10FAR-3134-1/MN14223-5,3,20,,73.66,,,,,,,,,,,8,7/29/2025 15:46,,,,,,,,,,,,,3.59,91.94,91.9419436,91.9419436,16.88,,,,,
25Steph_AY1,4/27/2025,13,1195,23,8,,1130130195,,TCG-Zelda,68,2023 21st Century Genetics,3,,,,,0,7/29/2025 9:49,,,,,,,,,,8,7/29/2025 9:49,,,,,,,,,,,3.64,96.27,96.27306307,96.27306307,14.16,,,,,
25StP_C-9_AY1-3_URN-PEv2,4/16/2025,1,1195,7,21,,1010130195,,MN21172-3,39,Bolles/MN-Rothsay,3,20,6/20/2025 11:32,75.33333333,,0,6/17/2025 15:21,1,6/27/2025 10:43,1,7/3/2025 10:40,0,7/25/2025 11:51,,,,,,,,,,,,,,,,1.405,80.33,80.3273625,80.3273625,13.5,78.2,,,,
25Strath_AY1,5/8/2025,14,1195,23,8,,1140130195,,AP Murdock,4,2020 AgriPro/Syngenta,3,,,,,6,7/30/2025 9:07,,,,,,,,,,7,7/30/2025 9:07,,,,,,,,,,,,103.24,103.24,103.24,,,,,,
25Was_AY1,1/1/2025,3,1195,23,6,,1030130195,,Linkert,32,2013 MN,3,16,,85,,0,7/17/2025 10:23,,,,,,,4,,,,,,,,,,,,,,,,53.59,53.59,53.59,,,,57.49,15.22,
25Beck_AY1,4/12/2025,9,1196,17,21,,1090130196,,SY 611 CL2,63,2019 AgriPro/Syngenta,3,,,,,,,,,,,,,,,,,,,,,,,,,,,,2.41,62.12,62.12245354,62.12245354,16.34,,,59.67,13.77,
25Ben_AY1,4/18/2025,16,1196,22,8,,1160130196,,Enhance-SD,21,2024 SD State University,3,,,,,0,7/15/2025 11:49,,,,,,,,,,,,0,7/15/2025 11:49,,,,,,,,,4.03,104.99,104.9862335,104.9862335,15.45,,,,,
25Crk_AY1_Conv,4/24/2025,6,1196,5,18,,1060130196,,MN21385-1,41,Linkert-gpcB1/MN-Washburn-A//MN13479-8,3,,,,,,,2,8/4/2025 18:05,,,,,,,,,,,,,,,,,,,,,94.42,94.42,94.42,,0,,,,
25Ferg_AY1,4/21/2025,10,1196,22,8,,1100130196,,Dyna-Gro Ballistic,18,2018 Nutrien Ag Solutions,3,,,,,0,7/28/2025 11:50,0,8/5/2025 17:43,,,,,,7,7/28/2025 11:50,,,NA,7/28/2025 11:50,,,,,,,,,3.68,98.33,98.3288104,98.3288104,13.28,,,,,
25Hall_AY1,4/26/2025,15,1196,22,8,,1150130196,,MS Cobra,55,"2022 Meridian Seeds, LLC",3,,,,,,,,,,,,,,,,,,,,,,,,,,,,4.87,122.74,122.7427819,122.7427819,18.2,,,,,
25Lamb_AY1conv,4/15/2025,4,1196,36,11,,1040130196,,TCG-Arsenal,65,2024 21st Century Genetics,3,17,,76.2,,,,,,,,,,0,,,,,,,,,,,1,7/17/2025 15:29,,,,78.3,67.82322215,67.82322215,,,,,,
25LeCen_AY1,4/11/2025,17,1196,22,8,,1170130196,,Enhance-SD,21,2024 SD State University,3,,,,,1,7/4/2025 16:29,4,7/17/2025 9:17,,,,,,,,,,,,,,,,,,,,3.43,90.4,90.39508832,90.39508832,11.66,,,,,
25Oklee_AY1,4/26/2025,12,1196,33,8,,1120130196,,MN22341-1,49,MN15320-1/MN14105-7,3,,,,,0,7/30/2025 12:15,,,,,,,,,,,,,,,,,,,,,,3.61,90.87,90.87469276,90.87469276,18.3,,,,,
25Perl_AY1,4/21/2025,11,1196,22,8,,1110130196,,MS Nova,56,"2023 Meridian Seeds, LLC",3,,,,,0,7/28/2025 15:23,,,,,,,,,,,,5,7/28/2025 15:24,,,,,,,,,3.93,103.65,103.6525551,103.6525551,14.4,,,,,
25Ros_AY1conv,4/25/2025,7,1196,22,8,,1070130196,,MN22199-2,45,MN16360/MN15005,3,22,,73.66,,,,,,,,,,,5,7/29/2025 15:46,,,,,,,,,,,,,3.11,78.81,78.80561957,78.80561957,17.76,,,,,
25Steph_AY1,4/27/2025,13,1196,22,8,,1130130196,,AP Iconic,3,2025 AgriPro/Syngenta,3,,,,,1,7/29/2025 9:49,,,,,,,,,,8,7/29/2025 9:50,,,,,,,,,,,4.31,113,112.9976706,112.9976706,14.91,,,,,
25StP_C-9_AY1-3_URN-PEv2,4/16/2025,1,1196,6,21,,1010130196,,TCG-Wildcat,67,2020 21st Century Genetics,3,18,6/18/2025 13:53,83.66666667,,0,6/17/2025 15:21,0,6/27/2025 10:43,1,7/3/2025 10:40,0,7/25/2025 11:51,,,,,,,,,,,,,,,,1.43,81.57,81.56764223,81.56764223,13.7,80.2,,,,
25Strath_AY1,5/8/2025,14,1196,22,8,,1140130196,,MN21172-3,39,Bolles/MN-Rothsay,3,,,,,2,7/30/2025 9:07,,,,,,,,,,3,7/30/2025 9:07,,,,,,,,,,,,110.47,110.47,110.47,,,,,,
25Was_AY1,1/1/2025,3,1196,22,6,,1030130196,,Shelly,62,2016 MN,3,20,,85,,0,7/17/2025 10:23,,,,,,,2,,,,,,,,,,,,,,,,61.16,61.16,61.16,,,,56.07,14.05,
25Beck_AY1,4/12/2025,9,1197,18,21,,1090130197,PBC,MS Nova,56,"2023 Meridian Seeds, LLC",3,,,,,,,,,,,,,,,,,,,,,,,,,,,,1.86,49.57,49.57272,49.57272,13.5,,,59.39,15.03,
25Ben_AY1,4/18/2025,16,1197,21,8,,1160130197,,MN22227-1,46,MN15413-2/MN10201-4-A//Linkert-gpcB1/MN13288-1-1/3/MN15482-4/Shelly//MN15482-4/MN10261-1,3,,,,,0,7/15/2025 11:49,,,,,,,,,,,,0,7/15/2025 11:49,,,,,,,,,4.31,114.03,114.0334937,114.0334937,14.13,,,,,
25Crk_AY1_Conv,4/24/2025,6,1197,6,18,,1060130197,,MN22071-4,42,MN16024-6/MN15005-4,3,,,,,,,2,8/4/2025 18:05,,,,,,,,,,,,,,,,,,,,,107.48,107.48,107.48,,0,,,,
25Ferg_AY1,4/21/2025,10,1197,21,8,,1100130197,,MN22199-2,45,MN16360/MN15005,3,,,,,0,7/28/2025 11:50,,,,,,,,7,7/28/2025 11:50,,,NA,7/28/2025 11:50,,,,,,,,,3.14,85.67,85.67062016,85.67062016,11.45,,,,,
25Hall_AY1,4/26/2025,15,1197,21,8,,1150130197,,PFS Rolls,61,2025 Peterson Farms Seed,3,,,,,,,,,,,,,,,,,,,,,,,,,,,,5.2,126.13,126.125275,126.125275,21.28,,,,,
25Lamb_AY1conv,4/15/2025,4,1197,37,11,,1040130197,,MN22154-1,44,BW980/MN10201-4-A//MN15005,3,15,,81.28,,,,,,,,,,0,,,,,,,,,,,4,7/17/2025 15:29,,,,59.25,78.29946426,78.29946426,,,,,,
25LeCen_AY1,4/11/2025,17,1197,21,8,,1170130197,,Dyna-Gro Ballistic,18,2018 Nutrien Ag Solutions,3,,,,,0,7/4/2025 16:29,4,7/17/2025 9:17,,,,,,,,,,,,,,,,,,,,3.38,89.08,89.07936694,89.07936694,13.12,,,,,
25Oklee_AY1,4/26/2025,12,1197,32,8,,1120130197,nice,MN22406-1,52,MN16360/MN15320-1,3,,,,,0,7/30/2025 12:16,,,,,,,,,,,,,,,,,,,,,,3.35,86.6,86.60051306,86.60051306,16.1,,,,,
25Perl_AY1,4/21/2025,11,1197,21,8,,1110130197,,MN21172-3,39,Bolles/MN-Rothsay,3,,,,,0,7/28/2025 15:24,,,,,,,,,,,,5,7/28/2025 15:24,,,,,,,,,4.12,107.42,107.4196998,107.4196998,15.38,,,,,
25Ros_AY1conv,4/25/2025,7,1197,21,8,,1070130197,,Dyna-Gro Rocker,20,2023 Nutrien Ag Solutions,3,24,,78.74,,,,,,,,,,,7,7/29/2025 15:46,,,,,,,,,,,,,3.16,81.07,81.06570917,81.06570917,16.74,,,,,
25Steph_AY1,4/27/2025,13,1197,21,8,,1130130197,,LCS Cannon,27,2018 Limagrain Cereal Seeds,3,,,,,0,7/29/2025 9:50,,,,,,,,,,8,7/29/2025 9:50,,,,,,,,,,,3.77,98.17,98.16646428,98.16646428,15.49,,,,,
25StP_C-9_AY1-3_URN-PEv2,4/16/2025,1,1197,5,21,,1010130197,,Brawn-SD,7,2022 SD State University,3,17,6/18/2025 13:53,78.66666667,,3,6/17/2025 15:21,6,6/27/2025 10:43,3,7/3/2025 10:40,4,7/25/2025 11:51,,,,,,,,,,,,,,,,1.13,63.86,63.85804725,63.85804725,14.5,78.5,,,,
25Strath_AY1,5/8/2025,14,1197,21,8,,1140130197,,ND Thresher,58,2023 NDSU,3,,,,,2,7/30/2025 9:08,,,,,,,,,,6,7/30/2025 9:08,,,,,,,,,,,,99.5,99.5,99.5,,,,,,
25Was_AY1,1/1/2025,3,1197,21,6,,1030130197,,MS Charger,54,"2023 Meridian Seeds, LLC",3,12,,75,,0,7/17/2025 10:23,,,,,,,3,,,,,,,,,,,,,,,,66.77,66.77,66.77,,,,56.19,12.69,
25Beck_AY1,4/12/2025,9,1198,19,21,,1090130198,,TCG-Badlands,66,2023 21st Century Genetics,3,,,,,,,,,,,,,,,,,,,,,,,,,,,,2.12,56.5,56.50224,56.50224,13.5,,,58.38,13.83,
25Ben_AY1,4/18/2025,16,1198,20,8,,1160130198,,Dyna-Gro Commander,19,2019 Nutrien Ag Solutions,3,,,,,0,7/15/2025 11:49,,,,,,,,,,,,1,7/15/2025 11:49,,,,,,,,,4.17,110.86,110.8561747,110.8561747,13.72,,,,,
25Crk_AY1_Conv,4/24/2025,6,1198,7,18,,1060130198,,MS Nova,56,"2023 Meridian Seeds, LLC",3,,,,,,,2,8/4/2025 18:05,,,,,,,,,,,,,,,,,,,,,107.9,107.9,107.9,,0,,,,
25Ferg_AY1,4/21/2025,10,1198,20,8,,1100130198,,TW Trailfire,70,2024 Thunder Seed,3,,,,,2,7/28/2025 11:50,,,,,,,,8,7/28/2025 11:50,,,NA,7/28/2025 11:50,,,,,,,,,3.17,86.06,86.05936962,86.05936962,11.89,,,,,
25Hall_AY1,4/26/2025,15,1198,20,8,,1150130198,better leaves,MN22131-3,43,MN15482-4/MN15005-4,3,,,,,,,,,,,,,,,,,,,,,,,,,,,,4.38,107.15,107.1539809,107.1539809,20.6,,,,,
25Lamb_AY1conv,4/15/2025,4,1198,38,11,,1040130198,,Dyna-Gro 8582,16,2024 Nutrien Ag Solutions,3,11,,78.74,,,,,,,,,,0,,,,,,,,,,,3,7/17/2025 15:29,,,,70.77,59.25262694,59.25262694,,,,,,
25LeCen_AY1,4/11/2025,17,1198,20,8,,1170130198,,MN22071-4,42,MN16024-6/MN15005-4,3,,,,,0,7/4/2025 16:29,1,7/17/2025 9:17,,,,,,,,,,,,,,,,,,,,3.38,89.08,89.08387561,89.08387561,13.51,,,,,
25Oklee_AY1,4/26/2025,12,1198,31,8,,1120130198,,Linkert,32,2013 MN,3,,,,,0,7/30/2025 12:16,,,,,,,,,,,,,,,,,,,,,,3.18,81.61,81.60817751,81.60817751,16.71,,,,,
25Perl_AY1,4/21/2025,11,1198,20,8,,1110130198,,CP3915,14,2019 Winfield Untied - Croplan,3,,,,,0,7/28/2025 15:24,,,,,,,,,,,,3,7/28/2025 15:24,,,,,,,,,4.63,122.64,122.6426751,122.6426751,14.03,,,,,
25Ros_AY1conv,4/25/2025,7,1198,20,8,,1070130198,,AP Elevate,2,2024 AgriPro/Syngenta,3,23,,76.2,,,,,,,,,,,7,7/29/2025 15:46,,,,,,,,,,,,,3.16,80.67,80.66651459,80.66651459,17.15,,,,,
25Steph_AY1,4/27/2025,13,1198,20,8,,1130130198,,AP Murdock,4,2020 AgriPro/Syngenta,3,,,,,1,7/29/2025 9:50,,,,,,,,,,8,7/29/2025 9:50,,,,,,,,,,,4.12,109.04,109.0445782,109.0445782,14.1,,,,,
25StP_C-9_AY1-3_URN-PEv2,4/16/2025,1,1198,4,21,,1010130198,,MN21090-4,37,MN14223-5/MN-Rothsay,3,18,6/18/2025 13:53,74.33333333,,0,6/17/2025 15:21,7,6/27/2025 10:43,3,7/3/2025 10:40,5,7/25/2025 11:51,,,,,,,,,,,,,,,,1.175,66.4,66.40106684,66.40106684,14.5,75.7,,,,
25Strath_AY1,5/8/2025,14,1198,20,8,,1140130198,,SY Valda,64,2015 AgriPro/Syngenta,3,,,,,2,7/30/2025 9:08,,,,,,,,,,7,7/30/2025 9:08,,,,,,,,,,,,110.51,110.51,110.51,,,,,,
25Was_AY1,1/1/2025,3,1198,20,6,,1030130198,,MN21090-4,37,MN14223-5/MN-Rothsay,3,16,,70,,0,7/17/2025 10:23,,,,,,,4,,,,,,,,,,,,,,,,59.71,59.71,59.71,,,,55.98,13.47,
25Beck_AY1,4/12/2025,9,1199,19,22,,1090130199,,CAG Ceres,8,2024 Champions Alliance Group Inc,3,,,,,,,,,,,,,,,,,,,,,,,,,,,,2,53.3,53.304,53.304,13.5,,,58.39,14.96,
25Ben_AY1,4/18/2025,16,1199,19,8,,1160130199,,MN21090-4,37,MN14223-5/MN-Rothsay,3,,,,,0,7/15/2025 11:49,,,,,,,,,,,,2,7/15/2025 11:49,,,,,,,,,3.95,106.65,106.650674,106.650674,12.37,,,,,
25Crk_AY1_Conv,4/24/2025,6,1199,8,18,,1060130199,,WB9479,71,2017 WestBred,3,,,,,,,1,8/4/2025 18:05,,,,,,,,,,,,,,,,,,,,,99.08,99.08,99.08,,0,,,,
25Ferg_AY1,4/21/2025,10,1199,19,8,,1100130199,,NDHRS15-0006-C46,59,2025 NDSU,3,,,,,0,7/28/2025 11:50,,,,,,,,7,7/28/2025 11:50,,,NA,7/28/2025 11:50,,,,,,,,,3.69,100.06,100.0626694,100.0626694,11.99,,,,,
25Hall_AY1,4/26/2025,15,1199,19,8,,1150130199,,Dyna-Gro 8582,16,2024 Nutrien Ag Solutions,3,,,,,,,,,,,,,,,,,,,,,,,,,,,,4.37,111.51,111.5142481,111.5142481,17.18,,,,,
25Lamb_AY1conv,4/15/2025,4,1199,38,12,,1040130199,,CAG Recoil,9,2022 Champions Alliance Group Inc,3,17,,78.74,,,,,,,,,,0,,,,,,,,,,,6,7/17/2025 15:29,,,,88.86,70.77298139,70.77298139,,,,,,
25LeCen_AY1,4/11/2025,17,1199,19,8,,1170130199,nice,MN22322-2,48,MN15005/MN14223-5,3,,,,,0,7/4/2025 16:29,0,7/17/2025 9:17,,,,,,,,,,,,,,,,,,,,3.66,96.55,96.55418127,96.55418127,14.18,,,,,
25Oklee_AY1,4/26/2025,12,1199,30,8,,1120130199,,SY 611 CL2,63,2019 AgriPro/Syngenta,3,,,,,0,7/30/2025 12:16,,,,,,,,,,,,,,,,,,,,,,3.47,87.97,87.97057992,87.97057992,17.72,,,,,
25Perl_AY1,4/21/2025,11,1199,19,8,,1110130199,,MS Charger,54,"2023 Meridian Seeds, LLC",3,,,,,0,7/28/2025 15:24,,,,,,,,,,,,3,7/28/2025 15:24,,,,,,,,,4.98,128.65,128.6454142,128.6454142,16.16,,,,,
25Ros_AY1conv,4/25/2025,7,1199,19,8,,1070130199,,PFS Muffins,60,2026 Peterson Farms Seed,3,22,,71.12,,,,,,,,,,,6,7/29/2025 15:46,,,,,,,,,,,,,2.84,72.35,72.3489954,72.3489954,17.32,,,,,
25Steph_AY1,4/27/2025,13,1199,19,8,,1130130199,,TW Trailfire,70,2024 Thunder Seed,3,,,,,2,7/29/2025 9:50,,,,,,,,,,6,7/29/2025 9:50,,,,,,,,,,,4.38,115.25,115.251259,115.251259,14.6,,,,,
25StP_C-9_AY1-3_URN-PEv2,4/16/2025,1,1199,3,21,,1010130199,,AP Smith,5,2021 AgriPro/Syngenta,3,20,6/20/2025 11:32,73.33333333,,0,6/17/2025 15:21,1,6/27/2025 10:43,1,7/3/2025 10:40,2,7/25/2025 11:51,,,,,,,,,,,,,,,,1.315,74.05,74.05193705,74.05193705,14.8,76.9,,,,
25Strath_AY1,5/8/2025,14,1199,19,8,,1140130199,,MN21168-1,38,10FAR-3134-1/MN14223-5,3,,,,,1,7/30/2025 9:08,,,,,,,,,,6,7/30/2025 9:08,,,,,,,,,,,,113.59,113.59,113.59,,,,,,
25Was_AY1,1/1/2025,3,1199,19,6,,1030130199,,MN21089-4,36,MN14223-5/MN-Rothsay,3,16,,80,,0,7/17/2025 10:23,,,,,,,2,,,,,,,,,,,,,,,,60.61,60.61,60.61,,,,59.01,14.49,
25Beck_AY1,4/12/2025,9,1200,18,22,,1090130200,,Ascend-SD,6,2021 SD State University,3,,,,,,,,,,,,,,,,,,,,,,,,,,,,2.48,64.8,64.7979446,64.7979446,15.2,,,59.21,13.44,
25Ben_AY1,4/18/2025,16,1200,18,8,,1160130200,,Driver,15,2019 SD State University,3,,,,,0,7/15/2025 11:49,,,,,,,,,,,,2,7/15/2025 11:49,,,,,,,,,3.27,87.58,87.57520597,87.57520597,13.08,,,,,
25Crk_AY1_Conv,4/24/2025,6,1200,9,18,,1060130200,dry,LCS Hammer AX,29,2022 Limagrain Cereal Seeds,3,,,,,,,3,8/4/2025 18:05,,,,,,,,,,,,,,,,,,,,,81.55,81.55,81.55,,0,,,,
25Ferg_AY1,4/21/2025,10,1200,18,8,,1100130200,,Enhance-SD,21,2024 SD State University,3,,,,,0,7/28/2025 11:50,,,,,,,,8,7/28/2025 11:50,,,NA,7/28/2025 11:50,,,,,,,,,3.65,97.91,97.9095883,97.9095883,12.94,,,,,
25Hall_AY1,4/26/2025,15,1200,18,8,,1150130200,better leaves,MN22341-1,49,MN15320-1/MN14105-7,3,,,,,,,,,,,,,,,,,,,,,,,,,,,,4.64,114.47,114.4725892,114.4725892,19.93,,,,,
25Lamb_AY1conv,4/15/2025,4,1200,37,12,,1040130200,,NDHRS15-0006-C46,59,2025 NDSU,3,14,,76.2,,,,,,,,,,0,,,,,,,,,,,4,7/17/2025 15:29,,,,85.93,88.86319644,88.86319644,,,,,,
25LeCen_AY1,4/11/2025,17,1200,18,8,,1170130200,,Knudson,23,long term check,3,,,,,0,7/4/2025 16:29,1,7/17/2025 9:17,,,,,,,,,,,,,,,,,,,,2.68,70.43,70.42793803,70.42793803,13.55,,,,,
25Oklee_AY1,4/26/2025,12,1200,29,8,,1120130200,nice,MN22429-2,53,MN16396/MN14227-4,3,,,,,0,7/30/2025 12:16,,,,,,,,,,,,,,,,,,,,,,3.08,80.3,80.30404739,80.30404739,15.38,,,,,
25Perl_AY1,4/21/2025,11,1200,18,8,,1110130200,Short,MN22341-1,49,MN15320-1/MN14105-7,3,,,,,0,7/28/2025 15:24,,,,,,,,,,,,4,7/28/2025 15:24,,,,,,,,,4.5,117.65,117.6462416,117.6462416,15.15,,,,,
25Ros_AY1conv,4/25/2025,7,1200,18,8,,1070130200,,TCG-Wildcat,67,2020 21st Century Genetics,3,24,,76.2,,,,,,,,,,,8,7/29/2025 15:46,,,,,,,,,,,,,2.92,74.03,74.02711625,74.02711625,17.72,,,,,
25Steph_AY1,4/27/2025,13,1200,18,8,,1130130200,,MN22342-2,50,MN16024-6/MN15119-2,3,,,,,1,7/29/2025 9:50,,,,,,,,,,3,7/29/2025 9:50,,,,,,,,,,,4.54,117.6,117.600887,117.600887,15.93,,,,,
25StP_C-9_AY1-3_URN-PEv2,4/16/2025,1,1200,2,21,,1010130200,,LCS Cannon,27,2018 Limagrain Cereal Seeds,3,12,6/12/2025 12:33,79,,1,6/17/2025 15:21,6,6/27/2025 10:43,3,7/3/2025 10:40,3,7/25/2025 11:51,,,,,,,,,,,,,,,,0.995,56.76,56.7551077,56.7551077,13.7,-,"8/4/2025 9:44:02 AM, Tare Warning, Test Weight: -8.90",,,
25Strath_AY1,5/8/2025,14,1200,18,8,,1140130200,,Dyna-Gro Rocker,20,2023 Nutrien Ag Solutions,3,,,,,3,7/30/2025 9:08,,,,,,,,,,6,7/30/2025 9:08,,,,,,,,,,,,112.12,112.12,112.12,,,,,,
25Was_AY1,1/1/2025,3,1200,18,6,,1030130200,Tall,Glenn,22,long term check,3,12,,85,,0,7/17/2025 10:23,,,,,,,3,,,,,,,,,,,,,,,,48.82,48.82,48.82,,,,59.04,15.02,
25Beck_AY1,4/12/2025,9,1201,17,22,,1090130201,,MN-Rothsay,34,2022 MN,3,,,,,,,,,,,,,,,,,,,,,,,,,,,,2.02,53.84,53.83704,53.83704,13.5,,,58.45,14.33,
25Ben_AY1,4/18/2025,16,1201,17,8,,1160130201,,Brawn-SD,7,2022 SD State University,3,,,,,2,7/15/2025 11:49,,,,,,,,,,,,0,7/15/2025 11:49,,,,,,,,,3.74,97.82,97.82319268,97.82319268,15.11,,,,,
25Crk_AY1_Conv,4/24/2025,6,1201,10,18,,1060130201,,MN21168-1,38,10FAR-3134-1/MN14223-5,3,,,,,,,3,8/4/2025 18:05,,,,,,,,,,,,,,,,,,,,,114.34,114.34,114.34,,0,,,,
25Ferg_AY1,4/21/2025,10,1201,17,8,,1100130201,,Dyna-Gro Rocker,20,2023 Nutrien Ag Solutions,3,,,,,1,7/28/2025 11:50,,,,,,,,7,7/28/2025 11:51,,,NA,7/28/2025 11:51,,,,,,,,,3.28,92.03,92.02698351,92.02698351,8.94,,,,,
25Hall_AY1,4/26/2025,15,1201,17,8,,1150130201,better leaves,TCG-Arsenal,65,2024 21st Century Genetics,3,,,,,,,,,,,,,,,,,,,,,,,,,,,,5.73,137.96,137.9563597,137.9563597,21.86,,,,,
25Lamb_AY1conv,4/15/2025,4,1201,36,12,,1040130201,,LCS Ascent,24,2022 Limagrain Cereal Seeds,3,13,,83.82,,,,,,,,,,0,,,,,,,,,,,4,7/17/2025 15:30,,,,86.55,85.93151405,85.93151405,,,,,,
25LeCen_AY1,4/11/2025,17,1201,17,8,,1170130201,,Dyna-Gro Rocker,20,2023 Nutrien Ag Solutions,3,,,,,0,7/4/2025 16:29,6,7/17/2025 9:17,,,,,,,,,,,,,,,,,,,,3.12,82.14,82.14302613,82.14302613,12.53,,,,,
25Oklee_AY1,4/26/2025,12,1201,28,8,,1120130201,Thick,Dyna-Gro 8582,16,2024 Nutrien Ag Solutions,3,,,,,0,7/30/2025 12:16,,,,,,,,,,,,,,,,,,,,,,3.85,98.65,98.64814141,98.64814141,16.84,,,,,
25Perl_AY1,4/21/2025,11,1201,17,8,,1110130201,,TCG-Wildcat,67,2020 21st Century Genetics,3,,,,,0,7/28/2025 15:24,,,,,,,,,,,,6,7/28/2025 15:24,,,,,,,,,4.32,111.96,111.955408,111.955408,15.89,,,,,
25Ros_AY1conv,4/25/2025,7,1201,17,8,,1070130201,,CP3099A,10,2020 Winfield Untied - Croplan,3,27,,81.28,,,,,,,,,,,7,7/29/2025 15:46,,,,,,,,,,,,,3.04,80.46,80.46007713,80.46007713,14.1,,,,,
25Steph_AY1,4/27/2025,13,1201,17,8,,1130130201,,Glenn,22,long term check,3,,,,,1,7/29/2025 9:50,,,,,,,,,,4,7/29/2025 9:50,,,,,,,,,,,4.3,111.25,111.2516103,111.2516103,16.03,,,,,
25StP_C-9_AY1-3_URN-PEv2,4/16/2025,1,1201,2,22,,1010130201,,LCS Hammer AX,29,2022 Limagrain Cereal Seeds,3,16,6/16/2025 11:38,81,,0,6/17/2025 15:21,5,6/27/2025 10:43,3,7/3/2025 10:40,4,7/25/2025 11:51,,,,,,,,,,,,,,,,1.19,66.38,66.38355156,66.38355156,15.6,73.9,"8/4/2025 9:39:30 AM, Tare Warning, Test Weight: -3.90",,,
25Strath_AY1,5/8/2025,14,1201,17,8,,1140130201,,Linkert,32,2013 MN,3,,,,,0,7/30/2025 9:08,,,,,,,,,,7,7/30/2025 9:08,,,,,,,,,,,,104.32,104.32,104.32,,,,,,
25Was_AY1,1/1/2025,3,1201,17,6,,1030130201,Short,MN22406-1,52,MN16360/MN15320-1,3,13,,65,,0,7/17/2025 10:23,,,,,,,3,,,,,,,,,,,,,,,,56.1,56.1,56.1,,,,57.14,14.28,
25Beck_AY1,4/12/2025,9,1202,16,22,,1090130202,,TCG-Arsenal,65,2024 21st Century Genetics,3,,,,,,,,,,,,,,,,,,,,,,,,,,,,2.12,56.5,56.50224,56.50224,13.5,,,57.76,13.52,
25Ben_AY1,4/18/2025,16,1202,16,8,,1160130202,,CAG Recoil,9,2022 Champions Alliance Group Inc,3,,,,,0,7/15/2025 11:49,,,,,,,,,,,,1,7/15/2025 11:49,,,,,,,,,3.45,91.72,91.71554025,91.71554025,13.72,,,,,
25Crk_AY1_Conv,4/24/2025,6,1202,11,18,,1060130202,,AP Smith,5,2021 AgriPro/Syngenta,3,,,,,,,2,8/4/2025 18:05,,,,,,,,,,,,,,,,,,,,,109.29,109.29,109.29,,0,,,,
25Ferg_AY1,4/21/2025,10,1202,16,8,,1100130202,,LCS Hammer AX,29,2022 Limagrain Cereal Seeds,3,,,,,0,7/28/2025 11:51,,,,,,,,8,7/28/2025 11:51,,,NA,7/28/2025 11:51,,,,,,,,,3.16,87.83,87.83254413,87.83254413,9.79,,,,,
25Hall_AY1,4/26/2025,15,1202,16,8,,1150130202,,CP3678,13,2024 Winfield Untied - Croplan,3,,,,,,,,,,,,,,,,,,,,,,,,,,,,4.64,114.67,114.6727411,114.6727411,19.79,,,,,
25Lamb_AY1conv,4/15/2025,4,1202,35,12,,1040130202,,MN21090-4,37,MN14223-5/MN-Rothsay,3,15,,76.2,,,,,,,,,,0,,,,,,,,,,,5,7/17/2025 15:30,,,,82.45,86.55171496,86.55171496,,,,,,
25LeCen_AY1,4/11/2025,17,1202,16,8,,1170130202,Mechanical,LCS Boom,25,2023 Limagrain Cereal Seeds,3,,,,,0,7/4/2025 16:30,0,7/17/2025 9:17,,,,,,,,,,,,,,,,,,,,3,78.96,,,14.18,,,,,
25Oklee_AY1,4/26/2025,12,1202,27,8,,1120130202,,TW Olympic,69,2022 Thunder Seed,3,,,,,0,7/30/2025 12:16,,,,,,,,,,,,,,,,,,,,,,3.3,83.62,83.6201108,83.6201108,17.76,,,,,
25Perl_AY1,4/21/2025,11,1202,16,8,,1110130202,,LCS Ascent,24,2022 Limagrain Cereal Seeds,3,,,,,0,7/28/2025 15:24,,,,,,,,,,,,5,7/28/2025 15:24,,,,,,,,,4.71,124.33,124.3264037,124.3264037,14.33,,,,,
25Ros_AY1conv,4/25/2025,7,1202,16,8,,1070130202,,WB9479,71,2017 WestBred,3,21,,68.58,,,,,,,,,,,9,7/29/2025 15:46,,,,,,,,,,,,,3.03,77.19,77.1892451,77.1892451,17.32,,,,,
25Steph_AY1,4/27/2025,13,1202,16,8,,1130130202,,CP3915,14,2019 Winfield Untied - Croplan,3,,,,,1,7/29/2025 9:50,,,,,,,,,,5,7/29/2025 9:50,,,,,,,,,,,4.59,117.27,117.2696627,117.2696627,17.08,,,,,
25StP_C-9_AY1-3_URN-PEv2,4/16/2025,1,1202,3,22,,1010130202,Nice Color (harvest),MN22341-1,49,MN15320-1/MN14105-7,3,17,6/18/2025 13:53,76,,0,6/17/2025 15:21,0,6/27/2025 10:43,0,7/3/2025 10:40,0,7/25/2025 11:51,,,,,,,,,,,,,,,,1.46,83.09,83.08585301,83.08585301,13.9,77,,,,
25Strath_AY1,5/8/2025,14,1202,16,8,,1140130202,,LCS Dual,28,2021 Limagrain Cereal Seeds,3,,,,,0,7/30/2025 9:08,,,,,,,,,,5,7/30/2025 9:08,,,,,,,,,,,,106.04,106.04,106.04,,,,,,
25Was_AY1,1/1/2025,3,1202,16,6,,1030130202,,Dyna-Gro Rocker,20,2023 Nutrien Ag Solutions,3,20,,80,,0,7/17/2025 10:23,,,,,,,2,,,,,,,,,,,,,,,,47.87,47.87,47.87,,,,55.52,14.71,
25Beck_AY1,4/12/2025,9,1203,15,22,,1090130203,,TCG-Zelda,68,2023 21st Century Genetics,3,,,,,,,,,,,,,,,,,,,,,,,,,,,,2.66,68.67,68.66504196,68.66504196,16.22,,,59.34,13.28,
25Ben_AY1,4/18/2025,16,1203,15,8,,1160130203,,ND Thresher,58,2023 NDSU,3,,,,,0,7/15/2025 11:49,,,,,,,,,,,,2,7/15/2025 11:49,,,,,,,,,3.55,94.45,94.45052844,94.45052844,13.65,,,,,
25Crk_AY1_Conv,4/24/2025,6,1203,12,18,,1060130203,,Brawn-SD,7,2022 SD State University,3,,,,,,,2,8/4/2025 18:05,,,,,,,,,,,,,,,,,,,,,104.94,,,,Plugged - Lost Sample,,,,
25Ferg_AY1,4/21/2025,10,1203,15,8,,1100130203,,MS Nova,56,"2023 Meridian Seeds, LLC",3,,,,,0,7/28/2025 11:51,,,,,,,,8,7/28/2025 11:51,,,NA,7/28/2025 11:51,,,,,,,,,3.32,89.75,89.75309033,89.75309033,12.26,,,,,
25Hall_AY1,4/26/2025,15,1203,15,8,,1150130203,,MN22154-1,44,BW980/MN10201-4-A//MN15005,3,,,,,,,,,,,,,,,,,,,,,,,,,,,,3.92,101.13,101.1301975,101.1301975,16.27,,,,,
25Lamb_AY1conv,4/15/2025,4,1203,34,12,,1040130203,,CP3555,12,2024 Winfield Untied - Croplan,3,16,,76.2,,,,,,,,,,0,,,,,,,,,,,2,7/17/2025 15:30,,,,82.18,82.45316483,82.45316483,,,,,,
25LeCen_AY1,4/11/2025,17,1203,15,8,,1170130203,,LCS Cannon,27,2018 Limagrain Cereal Seeds,3,,,,,0,7/4/2025 16:30,1,7/17/2025 9:17,,,,,,,,,,,,,,,,,,,,3.22,84.84,84.83597179,84.83597179,14.93,,,,,
25Oklee_AY1,4/26/2025,12,1203,26,8,,1120130203,,Glenn,22,long term check,3,,,,,0,7/30/2025 12:16,,,,,,,,,,,,,,,,,,,,,,2.84,74.4,74.39660848,74.39660848,14.98,,,,,
25Perl_AY1,4/21/2025,11,1203,15,8,,1110130203,,Dyna-Gro Rocker,20,2023 Nutrien Ag Solutions,3,,,,,0,7/28/2025 15:24,,,,,,,,,,,,5,7/28/2025 15:24,,,,,,,,,4.48,117.18,117.1785838,117.1785838,15.11,,,,,
25Ros_AY1conv,4/25/2025,7,1203,15,8,,1070130203,,MN21385-1,41,Linkert-gpcB1/MN-Washburn-A//MN13479-8,3,22,,73.66,,,,,,,,,,,7,7/29/2025 15:47,,,,,,,,,,,,,3.1,77.45,77.45379316,77.45379316,18.91,,,,,
25Steph_AY1,4/27/2025,13,1203,15,8,,1130130203,,MS Cobra,55,"2022 Meridian Seeds, LLC",3,,,,,1,7/29/2025 9:50,,,,,,,,,,5,7/29/2025 9:50,,,,,,,,,,,4.58,117.21,117.211737,117.211737,16.94,,,,,
25StP_C-9_AY1-3_URN-PEv2,4/16/2025,1,1203,4,22,,1010130203,,TCG-Zelda,68,2023 21st Century Genetics,3,16,6/16/2025 11:38,79,,0,6/17/2025 15:21,4,6/27/2025 10:43,2,7/3/2025 10:40,2,7/25/2025 11:51,,,,,,,,,,,,,,,,1.385,78.54,78.54311783,78.54311783,14.2,80.6,,,,
25Strath_AY1,5/8/2025,14,1203,15,8,,1140130203,Thin,WB9479,71,2017 WestBred,3,,,,,0,7/30/2025 9:08,,,,,,,,,,7,7/30/2025 9:09,,,,,,,,,,,,109.54,109.54,109.54,,,,,,
25Was_AY1,1/1/2025,3,1203,15,6,,1030130203,,CAG Recoil,9,2022 Champions Alliance Group Inc,3,20,,75,,0,7/17/2025 10:23,,,,,,,3,,,,,,,,,,,,,,,,59.54,59.54,59.54,,,,57.18,14.84,
25Beck_AY1,4/12/2025,9,1204,14,22,,1090130204,,MN22131-3,43,MN15482-4/MN15005-4,3,,,,,,,,,,,,,,,,,,,,,,,,,,,,2.18,56.72,56.72439135,56.72439135,15.55,,,59.32,14.23,
25Ben_AY1,4/18/2025,16,1204,14,8,,1160130204,,CP3530,11,2022 Winfield Untied - Croplan,3,,,,,0,7/15/2025 11:49,,,,,,,,,,,,2,7/15/2025 11:50,,,,,,,,,3.77,101.16,101.1633815,101.1633815,12.91,,,,,
25Crk_AY1_Conv,4/24/2025,6,1204,13,18,,1060130204,,AP Elevate,2,2024 AgriPro/Syngenta,3,,,,,,,3,8/4/2025 18:05,,,,,,,,,,,,,,,,,,,,,105.76,105.76,105.76,,0,,,,
25Ferg_AY1,4/21/2025,10,1204,14,8,,1100130204,,CP3678,13,2024 Winfield Untied - Croplan,3,,,,,0,7/28/2025 11:51,,,,,,,,6,7/28/2025 11:51,,,NA,7/28/2025 11:51,,,,,,,,,3.58,96.29,96.28557256,96.28557256,12.71,,,,,
25Hall_AY1,4/26/2025,15,1204,14,8,,1150130204,,LCS Dual,28,2021 Limagrain Cereal Seeds,3,,,,,,,,,,,,,,,,,,,,,,,,,,,,4.56,113.22,113.2154776,113.2154776,19.42,,,,,
25Lamb_AY1conv,4/15/2025,4,1204,33,12,,1040130204,,TCG-Badlands,66,2023 21st Century Genetics,3,15,,68.58,,,,,,,,,,0,,,,,,,,,,,5,7/17/2025 15:30,,,,82.25,82.18175278,82.18175278,,,,,,
25LeCen_AY1,4/11/2025,17,1204,14,8,,1170130204,,MN21090-4,37,MN14223-5/MN-Rothsay,3,,,,,0,7/4/2025 16:30,3,7/17/2025 9:17,,,,,,,,,,,,,,,,,,,,3.17,83.5,83.50383422,83.50383422,14.97,,,,,
25Oklee_AY1,4/26/2025,12,1204,25,8,,1120130204,,MN22227-1,46,MN15413-2/MN10201-4-A//Linkert-gpcB1/MN13288-1-1/3/MN15482-4/Shelly//MN15482-4/MN10261-1,3,,,,,0,7/30/2025 12:16,,,,,,,,,,,,,,,,,,,,,,3.2,81.46,81.46083662,81.46083662,17.38,,,,,
25Perl_AY1,4/21/2025,11,1204,14,8,,1110130204,,WB9479,71,2017 WestBred,3,,,,,0,7/28/2025 15:24,,,,,,,,,,,,5,7/28/2025 15:24,,,,,,,,,4.09,108.12,108.124545,108.124545,14.2,,,,,
25Ros_AY1conv,4/25/2025,7,1204,14,8,,1070130204,,MN22154-1,44,BW980/MN10201-4-A//MN15005,3,21,,71.12,,,,,,,,,,,6,7/29/2025 15:47,,,,,,,,,,,,,3.12,79.1,79.09746667,79.09746667,17.72,,,,,
25Steph_AY1,4/27/2025,13,1204,14,8,,1130130204,,CP3555,12,2024 Winfield Untied - Croplan,3,,,,,4,7/29/2025 9:50,,,,,,,,,,5,7/29/2025 9:50,,,,,,,,,,,4.88,127.69,127.6860654,127.6860654,15.08,,,,,
25StP_C-9_AY1-3_URN-PEv2,4/16/2025,1,1204,5,22,,1010130204,,Knudson,23,long term check,3,17,6/18/2025 13:53,81,,0,6/17/2025 15:21,4,6/27/2025 10:44,2,7/3/2025 10:40,2,7/25/2025 11:51,,,,,,,,,,,,,,,,1.255,71.09,71.08788993,71.08788993,14.3,78.3,,,,
25Strath_AY1,5/8/2025,14,1204,14,8,,1140130204,,LCS Boom,25,2023 Limagrain Cereal Seeds,3,,,,,1,7/30/2025 9:09,,,,,,,,,,7,7/30/2025 9:09,,,,,,,,,,,,116.82,116.82,116.82,,,,,,
25Was_AY1,1/1/2025,3,1204,14,6,,1030130204,,LCS Buster,26,2020 Limagrain Cereal Seeds,3,20,,85,,0,7/17/2025 10:23,,,,,,,3,,,,,,,,,,,,,,,,53.62,53.62,53.62,,,,55.07,12.96,
25Beck_AY1,4/12/2025,9,1205,13,22,,1090130205,,AP Dagr,1,2025 AgriPro/Syngenta,3,,,,,,,,,,,,,,,,,,,,,,,,,,,,2.82,72.86,72.86478093,72.86478093,16.14,,,58.34,12.5,
25Ben_AY1,4/18/2025,16,1205,13,8,,1160130205,,MN22341-1,49,MN15320-1/MN14105-7,3,,,,,0,7/15/2025 11:50,,,,,,,,,,,,1,7/15/2025 11:50,,,,,,,,,3.76,98.66,98.65911033,98.65911033,14.84,,,,,
25Crk_AY1_Conv,4/24/2025,6,1205,14,18,,1060130205,,PFS Rolls,61,2025 Peterson Farms Seed,3,,,,,,,2,8/4/2025 18:05,,,,,,,,,,,,,,,,,,,,,118.88,118.88,118.88,,0,,,,
25Ferg_AY1,4/21/2025,10,1205,13,8,,1100130205,,MN21168-1,38,10FAR-3134-1/MN14223-5,3,,,,,0,7/28/2025 11:51,,,,,,,,8,7/28/2025 11:51,,,NA,7/28/2025 11:51,,,,,,,,,3.52,97.73,97.73032664,97.73032664,9.89,,,,,
25Hall_AY1,4/26/2025,15,1205,13,8,,1150130205,,Glenn,22,long term check,3,,,,,,,,,,,,,,,,,,,,,,,,,,,,3.88,96.33,96.33246775,96.33246775,19.42,,,,,
25Lamb_AY1conv,4/15/2025,4,1205,32,12,,1040130205,,WB9479,71,2017 WestBred,3,11,,81.28,,,,,,,,,,0,,,,,,,,,,,4,7/17/2025 15:30,,,,74.58,82.24608651,82.24608651,,,,,,
25LeCen_AY1,4/11/2025,17,1205,13,8,,1170130205,,LCS Buster,26,2020 Limagrain Cereal Seeds,3,,,,,0,7/4/2025 16:30,2,7/17/2025 9:18,,,,,,,,,,,,,,,,,,,,3.74,98.68,98.67593665,98.67593665,13.28,,,,,
25Oklee_AY1,4/26/2025,12,1205,24,8,,1120130205,,MN22356-2,51,MN15530-4/MN15005-4,3,,,,,0,7/30/2025 12:16,,,,,,,,,,,,,,,,,,,,,,3.27,81.97,81.9732945,81.9732945,18.64,,,,,
25Perl_AY1,4/21/2025,11,1205,13,8,,1110130205,,MN22429-2,53,MN16396/MN14227-4,3,,,,,0,7/28/2025 15:24,,,,,,,,,,,,6,7/28/2025 15:24,,,,,,,,,4.26,110.89,110.8861236,110.8861236,15.52,,,,,
25Ros_AY1conv,4/25/2025,7,1205,13,8,,1070130205,,MN-Rothsay,34,2022 MN,3,26,,71.12,,,,,,,,,,,4,7/29/2025 15:47,,,,,,,,,,,,,2.95,74.29,74.28775124,74.28775124,18.27,,,,,
25Steph_AY1,4/27/2025,13,1205,13,8,,1130130205,,Brawn-SD,7,2022 SD State University,3,,,,,2,7/29/2025 9:50,,,,,,,,,,7,7/29/2025 9:51,,,,,,,,,,,5.02,128.78,128.7816013,128.7816013,16.74,,,,,
25StP_C-9_AY1-3_URN-PEv2,4/16/2025,1,1205,6,22,,1010130205,,LCS Dual,28,2021 Limagrain Cereal Seeds,3,17,6/18/2025 13:53,79.66666667,,0,6/17/2025 15:21,1,6/27/2025 10:44,0,7/3/2025 10:40,0,7/25/2025 11:52,,,,,,,,,,,,,,,,1.485,84.21,84.21410107,84.21410107,14.2,80,,,,
25Strath_AY1,5/8/2025,14,1205,13,8,,1140130205,,MN-Rothsay,34,2022 MN,3,,,,,0,7/30/2025 9:09,,,,,,,,,,2,7/30/2025 9:09,,,,,,,,,,,,122.79,122.79,122.79,,,,,,
25Was_AY1,1/1/2025,3,1205,13,6,,1030130205,,AP Murdock,4,2020 AgriPro/Syngenta,3,14,,75,,0,7/17/2025 10:24,,,,,,,3,,,,,,,,,,,,,,,,58.04,58.04,58.04,,,,56.44,14.53,
25Beck_AY1,4/12/2025,9,1206,12,22,,1090130206,,Shelly,62,2016 MN,3,,,,,,,,,,,,,,,,,,,,,,,,,,,,2.11,54.75,54.7469362,54.7469362,15.79,,,na,na,clog
25Ben_AY1,4/18/2025,16,1206,12,8,,1160130206,,MN22356-2,51,MN15530-4/MN15005-4,3,,,,,0,7/15/2025 11:50,,,,,,,,,,,,0,7/15/2025 11:50,,,,,,,,,3.97,101.81,101.808514,101.808514,16.77,,,,,
25Crk_AY1_Conv,4/24/2025,6,1206,15,18,,1060130206,,Ascend-SD,6,2021 SD State University,3,,,,,,,3,8/4/2025 18:05,,,,,,,,,,,,,,,,,,,,,156.99,156.99,156.99,,0,,,,
25Ferg_AY1,4/21/2025,10,1206,12,8,,1100130206,,Marshall,33,long term check,3,,,,,1,7/28/2025 11:51,,,,,,,,5,7/28/2025 11:52,,,NA,7/28/2025 11:52,,,,,,,,,3.12,84.93,84.93268328,84.93268328,11.65,,,,,
25Hall_AY1,4/26/2025,15,1206,12,8,,1150130206,,PFS Muffins,60,2026 Peterson Farms Seed,3,,,,,,,,,,,,,,,,,,,,,,,,,,,,4.15,104.56,104.5576447,104.5576447,18.23,,,,,
25Lamb_AY1conv,4/15/2025,4,1206,31,12,,1040130206,,Knudson,23,long term check,3,14,,76.2,,,,,,,,,,0,,,,,,,,,,,3,7/17/2025 15:30,,,,62.4,74.57621009,74.57621009,,,,,,
25LeCen_AY1,4/11/2025,17,1206,12,8,,1170130206,,AP Smith,5,2021 AgriPro/Syngenta,3,,,,,0,7/4/2025 16:30,0,7/17/2025 9:18,,,,,,,,,,,,,,,,,,,,3.94,104.02,104.0207875,104.0207875,14.53,,,,,
25Oklee_AY1,4/26/2025,12,1206,23,8,,1120130206,,PFS Muffins,60,2026 Peterson Farms Seed,3,,,,,0,7/30/2025 12:16,,,,,,,,,,,,,,,,,,,,,,3.64,94.56,94.55710563,94.55710563,15.69,,,,,
25Perl_AY1,4/21/2025,11,1206,12,8,,1110130206,,Driver,15,2019 SD State University,3,,,,,0,7/28/2025 15:24,,,,,,,,,,,,3,7/28/2025 15:25,,,,,,,,,4.24,108.46,108.4581726,108.4581726,16.98,,,,,
25Ros_AY1conv,4/25/2025,7,1206,12,8,,1070130206,,Ascend-SD,6,2021 SD State University,3,24,,83.82,,,,,,,,,,,7,7/29/2025 15:47,,,,,,,,,,,,,2.98,75.02,75.01567436,75.01567436,18.3,,,,,
25Steph_AY1,4/27/2025,13,1206,12,8,,1130130206,,AP Elevate,2,2024 AgriPro/Syngenta,3,,,,,1,7/29/2025 9:51,,,,,,,,,,6,7/29/2025 9:51,,,,,,,,,,,4.64,119.91,119.9052836,119.9052836,16.13,,,,,
25StP_C-9_AY1-3_URN-PEv2,4/16/2025,1,1206,7,22,,1010130206,,Dyna-Gro Ambush,17,2017 Nutrien Ag Solutions,3,13,6/12/2025 12:33,78,,2,6/17/2025 15:21,7,6/27/2025 10:44,4,7/3/2025 10:41,4,7/25/2025 11:52,,,,,,,,,,,,,,,,1.295,73.87,73.86720048,73.86720048,13.7,80.2,,,,
25Strath_AY1,5/8/2025,14,1206,12,8,,1140130206,,MN22356-2,51,MN15530-4/MN15005-4,3,,,,,1,7/30/2025 9:09,,,,,,,,,,4,7/30/2025 9:09,,,,,,,,,,,,120.95,120.95,120.95,,,,,,
25Was_AY1,1/1/2025,3,1206,12,6,,1030130206,,SY Valda,64,2015 AgriPro/Syngenta,3,16,,75,,0,7/17/2025 10:24,,,,,,,3,,,,,,,,,,,,,,,,35.94,35.94,,,,,56.49,14.68,
25Beck_AY1,4/12/2025,9,1207,11,22,,1090130207,,Glenn,22,long term check,3,,,,,,,,,,,,,,,,,,,,,,,,,,,,1.7,45.31,45.3084,45.3084,13.5,,,61.43,14.72,
25Ben_AY1,4/18/2025,16,1207,11,8,,1160130207,,MN22154-1,44,BW980/MN10201-4-A//MN15005,3,,,,,0,7/15/2025 11:50,,,,,,,,,,,,0,7/15/2025 11:50,,,,,,,,,4.26,111.29,111.293021,111.293021,15.21,,,,,
25Crk_AY1_Conv,4/24/2025,6,1207,16,18,,1060130207,,CP3099A,10,2020 Winfield Untied - Croplan,3,,,,,,,3,8/4/2025 18:05,,,,,,,,,,,,,,,,,,,,,117.09,117.09,117.09,,0,,,,
25Ferg_AY1,4/21/2025,10,1207,11,8,,1100130207,,AP Iconic,3,2025 AgriPro/Syngenta,3,,,,,0,7/28/2025 11:52,,,,,,,,8,7/28/2025 11:52,,,NA,7/28/2025 11:52,,,,,,,,,3.66,98.1,98.09889453,98.09889453,13.01,,,,,
25Hall_AY1,4/26/2025,15,1207,11,8,,1150130207,,TW Olympic,69,2022 Thunder Seed,3,,,,,,,,,,,,,,,,,,,,,,,,,,,,4.24,107.22,107.2170829,107.2170829,17.93,,,,,
25Lamb_AY1conv,4/15/2025,4,1207,30,12,,1040130207,,AP Smith,5,2021 AgriPro/Syngenta,3,16,,76.2,,,,,,,,,,0,,,,,,,,,,,2,7/17/2025 15:30,,,,67.06,67.06002926,67.06002926,,,,,,
25LeCen_AY1,4/11/2025,17,1207,11,8,,1170130207,,MN22154-1,44,BW980/MN10201-4-A//MN15005,3,,,,,0,7/4/2025 16:30,2,7/17/2025 9:18,,,,,,,,,,,,,,,,,,,,3.56,93.89,93.89487723,93.89487723,14.69,,,,,
25Oklee_AY1,4/26/2025,12,1207,22,8,,1120130207,Late,MN22071-4,42,MN16024-6/MN15005-4,3,,,,,0,7/30/2025 12:16,,,,,,,,,,,,,,,,,,,,,,3.53,88.09,88.08861901,88.08861901,19.01,,,,,
25Perl_AY1,4/21/2025,11,1207,11,8,,1110130207,,MS Cobra,55,"2022 Meridian Seeds, LLC",3,,,,,0,7/28/2025 15:25,,,,,,,,,,,,6,7/28/2025 15:25,,,,,,,,,4.18,107.01,107.0135418,107.0135418,16.91,,,,,
25Ros_AY1conv,4/25/2025,7,1207,11,8,,1070130207,,Brawn-SD,7,2022 SD State University,3,22,,76.2,,,,,,,,,,,7,7/29/2025 15:47,,,,,,,,,,,,,2.87,71.71,71.70722141,71.70722141,18.91,,,,,
25Steph_AY1,4/27/2025,13,1207,11,8,,1130130207,,TCG-Arsenal,65,2024 21st Century Genetics,3,,,,,1,7/29/2025 9:51,,,,,,,,,,4,7/29/2025 9:51,,,,,,,,,,,4.93,126.99,126.9892312,126.9892312,16.4,,,,,
25StP_C-9_AY1-3_URN-PEv2,4/16/2025,1,1207,8,22,,1010130207,,LCS Trigger,31,2016 Limagrain Cereal Seeds,3,21,6/23/2025 12:17,83.66666667,,0,6/17/2025 15:21,0,6/27/2025 10:44,0,7/3/2025 10:41,0,7/25/2025 11:52,,,,,,,,,,,,,,,,1.57,89.97,89.96836448,89.96836448,13.3,79.4,,,,
25Strath_AY1,5/8/2025,14,1207,11,8,,1140130207,,LCS Hammer AX,29,2022 Limagrain Cereal Seeds,3,,,,,0,7/30/2025 9:09,,,,,,,,,,8,7/30/2025 9:09,,,,,,,,,,,,116.62,116.62,116.62,,,,,,
25Was_AY1,1/1/2025,3,1207,11,6,,1030130207,,Knudson,23,long term check,3,16,,70,,0,7/17/2025 10:24,,,,,,,3,,,,,,,,,,,,,,,,42.68,42.68,42.68,,,,54.73,14.35,
25Beck_AY1,4/12/2025,9,1208,10,22,,1090130208,,AP Murdock,4,2020 AgriPro/Syngenta,3,,,,,,,,,,,,,,,,,,,,,,,,,,,,2.14,55.68,55.68357683,55.68357683,15.55,,,57.51,13.64,
25Ben_AY1,4/18/2025,16,1208,10,8,,1160130208,,NDHRS15-0006-C46,59,2025 NDSU,3,,,,,0,7/15/2025 11:50,,,,,,,,,,,,0,7/15/2025 11:50,,,,,,,,,4.14,109.1,109.1019493,109.1019493,14.47,,,,,
25Crk_AY1_Conv,4/24/2025,6,1208,17,18,,1060130208,,MS Charger,54,"2023 Meridian Seeds, LLC",3,,,,,,,3,8/4/2025 18:05,,,,,,,,,,,,,,,,,,,,,112.58,112.58,112.58,,0,,,,
25Ferg_AY1,4/21/2025,10,1208,10,8,,1100130208,,LCS Buster,26,2020 Limagrain Cereal Seeds,3,,,,,0,7/28/2025 11:52,,,,,,,,7,7/28/2025 11:52,,,NA,7/28/2025 11:52,,,,,,,,,3.6,94.73,94.7270622,94.7270622,14.6,,,,,
25Hall_AY1,4/26/2025,15,1208,10,8,,1150130208,,MN22429-2,53,MN16396/MN14227-4,3,,,,,,,,,,,,,,,,,,,,,,,,,,,,3.77,98.81,98.80534199,98.80534199,14.94,,,,,
25Lamb_AY1conv,4/15/2025,4,1208,29,12,,1040130208,,Driver,15,2019 SD State University,3,16,,83.82,,,,,,,,,,0,,,,,,,,,,,3,7/17/2025 15:30,,,,79.83,79.82665371,79.82665371,,,,,,
25LeCen_AY1,4/11/2025,17,1208,10,8,,1170130208,,WB9590,72,2017 WestBred,3,,,,,0,7/4/2025 16:30,0,7/17/2025 9:18,,,,,,,,,,,,,,,,,,,,3.5,92.29,92.28627746,92.28627746,13.87,,,,,
25Oklee_AY1,4/26/2025,12,1208,21,8,,1120130208,,AP Murdock,4,2020 AgriPro/Syngenta,3,,,,,0,7/30/2025 12:16,,,,,,,,,,,,,,,,,,,,,,3.08,80.47,80.46537672,80.46537672,15.21,,,,,
25Perl_AY1,4/21/2025,11,1208,10,8,,1110130208,,MN22342-2,50,MN16024-6/MN15119-2,3,,,,,0,7/28/2025 15:25,,,,,,,,,,,,5,7/28/2025 15:25,,,,,,,,,3.98,101.39,101.3904936,101.3904936,17.32,,,,,
25Ros_AY1conv,4/25/2025,7,1208,10,8,,1070130208,,MN22071-4,42,MN16024-6/MN15005-4,3,23,,78.74,,,,,,,,,,,4,7/29/2025 15:47,,,,,,,,,,,,,3.03,75.23,75.22870549,75.22870549,19.42,,,,,
25Steph_AY1,4/27/2025,13,1208,10,8,,1130130208,,LCS Trigger,31,2016 Limagrain Cereal Seeds,3,,,,,0,7/29/2025 9:51,,,,,,,,,,4,7/29/2025 9:51,,,,,,,,,,,5.19,133.09,133.0947576,133.0947576,16.77,,,,,
25StP_C-9_AY1-3_URN-PEv2,4/16/2025,1,1208,9,22,,1010130208,,MN-Rothsay,34,2022 MN,3,20,6/20/2025 11:33,79,,0,6/17/2025 15:21,0,6/27/2025 10:44,0,7/3/2025 10:41,0,7/25/2025 11:52,,,,,,,,,,,,,,,,1.37,78.69,78.68852766,78.68852766,13.1,79.7,,,,
25Strath_AY1,5/8/2025,14,1208,10,8,,1140130208,,SY 611 CL2,63,2019 AgriPro/Syngenta,3,,,,,1,7/30/2025 9:09,,,,,,,,,,6,7/30/2025 9:10,,,,,,,,,,,,115.64,115.64,115.64,,,,,,
25Was_AY1,1/1/2025,3,1208,10,6,,1030130208,,MN21168-1,38,10FAR-3134-1/MN14223-5,3,12,,70,,0,7/17/2025 10:24,,,,,,,3,,,,,,,,,,,,,,,,53.1,53.1,53.1,,,,58.38,14.13,
25Beck_AY1,4/12/2025,9,1209,9,22,,1090130209,,TW Olympic,69,2022 Thunder Seed,3,,,,,,,,,,,,,,,,,,,,,,,,,,,,2.47,63.37,63.37226288,63.37226288,16.73,,,59.45,13.73,
25Ben_AY1,4/18/2025,16,1209,9,8,,1160130209,,MN21172-3,39,Bolles/MN-Rothsay,3,,,,,0,7/15/2025 11:50,,,,,,,,,,,,0,7/15/2025 11:50,,,,,,,,,3.56,94.53,94.5301147,94.5301147,13.82,,,,,
25Crk_AY1_Conv,4/24/2025,6,1209,18,18,,1060130209,,MS Cobra,55,"2022 Meridian Seeds, LLC",3,,,,,,,3,8/4/2025 18:04,,,,,,,,,,,,,,,,,,,,,92.53,92.53,92.53,,0,,,,
25Ferg_AY1,4/21/2025,10,1209,9,8,,1100130209,,MN22356-2,51,MN15530-4/MN15005-4,3,,,,,0,7/28/2025 11:52,,,,,,,,7,7/28/2025 11:52,,,NA,7/28/2025 11:52,,,,,,,,,3.62,95.7,95.69947505,95.69947505,14.2,,,,,
25Hall_AY1,4/26/2025,15,1209,9,8,,1150130209,,LCS Hammer AX,29,2022 Limagrain Cereal Seeds,3,,,,,,,,,,,,,,,,,,,,,,,,,,,,3.78,97.25,97.25052902,97.25052902,16.5,,,,,
25Lamb_AY1conv,4/15/2025,4,1209,28,12,,1040130209,,MN22341-1,49,MN15320-1/MN14105-7,3,17,,76.2,,,,,,,,,,0,,,,,,,,,,,2,7/17/2025 15:30,,,,69.43,69.42686673,69.42686673,,,,,,
25LeCen_AY1,4/11/2025,17,1209,9,8,,1170130209,,Marshall,33,long term check,3,,,,,0,7/4/2025 16:30,0,7/17/2025 9:18,,,,,,,,,,,,,,,,,,,,3.06,80.55,80.5533859,80.5533859,13.35,,,,,
25Oklee_AY1,4/26/2025,12,1209,20,8,,1120130209,possible error,CP3678,13,2024 Winfield Untied - Croplan,3,,,,,0,7/30/2025 12:16,,,,,,,,,,,,,,,,,,,,"1st 2 plots mixed, unclear which end of pass",7/2/2025 12:01,3.13,79.38,79.37991625,79.37991625,17.69,,,,,
25Perl_AY1,4/21/2025,11,1209,9,8,,1110130209,,MN21263-3,40,MN15332/MN-Washburn-A//MN-Rothsay,3,,,,,0,7/28/2025 15:25,,,,,,,,,,,,4,7/28/2025 15:25,,,,,,,,,4.18,107.89,107.8893296,107.8893296,16.23,,,,,
25Ros_AY1conv,4/25/2025,7,1209,9,8,,1070130209,,PFS Rolls,61,2025 Peterson Farms Seed,3,22,,78.74,,,,,,,,,,,8,7/29/2025 15:47,,,,,,,,,,,,,2.6,69.3,69.2952,69.2952,13.5,,,,,
25Steph_AY1,4/27/2025,13,1209,9,8,,1130130209,,MN-Torgy,35,2020 MN,3,,,,,1,7/29/2025 9:51,,,,,,,,,,3,7/29/2025 9:51,,,,,,,,,,,4.91,125.81,125.8084089,125.8084089,16.84,,,,,
25StP_C-9_AY1-3_URN-PEv2,4/16/2025,1,1209,10,22,,1010130209,,CP3915,14,2019 Winfield Untied - Croplan,3,17,6/18/2025 13:54,82.66666667,,0,6/17/2025 15:21,2,6/27/2025 10:44,2,7/3/2025 10:41,2,7/25/2025 11:52,,,,,,,,,,,,,,,,1.135,64.97,64.96580575,64.96580575,13.4,79.4,,,,
25Strath_AY1,5/8/2025,14,1209,9,8,,1140130209,,MN22227-1,46,MN15413-2/MN10201-4-A//Linkert-gpcB1/MN13288-1-1/3/MN15482-4/Shelly//MN15482-4/MN10261-1,3,,,,,0,7/30/2025 9:10,,,,,,,,,,5,7/30/2025 9:10,,,,,,,,,,,,118.63,118.63,118.63,,,,,,
25Was_AY1,1/1/2025,3,1209,9,6,,1030130209,,ND Thresher,58,2023 NDSU,3,19,,75,,0,7/17/2025 10:24,,,,,,,3,,,,,,,,,,,,,,,,44.69,44.69,44.69,,,,56.2,15.45,
25Beck_AY1,4/12/2025,9,1210,8,22,,1090130210,,AP Iconic,3,2025 AgriPro/Syngenta,3,,,,,,,,,,,,,,,,,,,,,,,,,,,,2.79,72.73,72.72575917,72.72575917,15.4,,,57.66,14.85,
25Ben_AY1,4/18/2025,16,1210,8,8,,1160130210,,SY Valda,64,2015 AgriPro/Syngenta,3,,,,,0,7/15/2025 11:50,,,,,,,,,,,,0,7/15/2025 11:50,,,,,,,,,3.9,102.21,102.2124228,102.2124228,14.94,,,,,
25Crk_AY1_Conv,4/24/2025,6,1210,19,18,,1060130210,,SY 611 CL2,63,2019 AgriPro/Syngenta,3,,,,,,,3,8/4/2025 18:04,,,,,,,,,,,,,,,,,,,,,105.23,105.23,105.23,,0,,,,
25Ferg_AY1,4/21/2025,10,1210,8,8,,1100130210,,Dyna-Gro Commander,19,2019 Nutrien Ag Solutions,3,,,,,0,7/28/2025 11:52,,,,,,,,6,7/28/2025 11:52,,,NA,7/28/2025 11:52,,,,,,,,,3.82,99.32,99.31539657,99.31539657,15.62,,,,,
25Hall_AY1,4/26/2025,15,1210,8,8,,1150130210,,NDHRS15-0006-C46,59,2025 NDSU,3,,,,,,,,,,,,,,,,,,,,,,,,,,,,4.11,104.84,104.8415424,104.8415424,17.21,,,,,
25Lamb_AY1conv,4/15/2025,4,1210,27,12,,1040130210,,Enhance-SD,21,2024 SD State University,3,11,,91.44,,,,,,,,,,0,,,,,,,,,,,6,7/17/2025 15:30,,,,77.48,77.48288632,77.48288632,,,,,,
25LeCen_AY1,4/11/2025,17,1210,8,8,,1170130210,,LCS Hammer AX,29,2022 Limagrain Cereal Seeds,3,,,,,0,7/4/2025 16:30,0,7/17/2025 9:18,,,,,,,,,,,,,,,,,,,,3.54,93.36,93.35952509,93.35952509,14.49,,,,,
25Oklee_AY1,4/26/2025,12,1210,19,8,,1120130210,,MN22154-1,44,BW980/MN10201-4-A//MN15005,3,,,,,0,7/30/2025 12:16,,,,,,,,,,,,,,,,,,,,,,2.64,67.73,67.72578234,67.72578234,16.74,,,,,
25Perl_AY1,4/21/2025,11,1210,8,8,,1110130210,,MN22131-3,43,MN15482-4/MN15005-4,3,,,,,0,7/28/2025 15:25,,,,,,,,,,,,3,7/28/2025 15:25,,,,,,,,,4.26,113.87,113.8656631,113.8656631,13.25,,,,,
25Ros_AY1conv,4/25/2025,7,1210,8,8,,1070130210,,MN-Torgy,35,2020 MN,3,21,,73.66,,,,,,,,,,,8,7/29/2025 15:47,,,,,,,,,,,,,2.91,71.77,71.76517795,71.76517795,19.96,,,,,
25Steph_AY1,4/27/2025,13,1210,8,8,,1130130210,,ND Thresher,58,2023 NDSU,3,,,,,1,7/29/2025 9:51,,,,,,,,,,4,7/29/2025 9:51,,,,,,,,,,,4.53,118.05,118.0536937,118.0536937,15.42,,,,,
25StP_C-9_AY1-3_URN-PEv2,4/16/2025,1,1210,11,22,,1010130210,,WB9590,72,2017 WestBred,3,13,6/12/2025 12:33,77.33333333,,0,6/17/2025 15:21,0,6/27/2025 10:44,0,7/3/2025 10:41,0,7/25/2025 11:52,,,,,,,,,,,,,,,,1.23,70.57,70.56606694,70.56606694,13.2,78.8,,,,
25Strath_AY1,5/8/2025,14,1210,8,8,,1140130210,,CAG Ceres,8,2024 Champions Alliance Group Inc,3,,,,,0,7/30/2025 9:10,,,,,,,,,,8,7/30/2025 9:10,,,,,,,,,,,,112.78,112.78,112.78,,,,,,
25Was_AY1,1/1/2025,3,1210,8,6,,1030130210,,MN22227-1,46,MN15413-2/MN10201-4-A//Linkert-gpcB1/MN13288-1-1/3/MN15482-4/Shelly//MN15482-4/MN10261-1,3,16,,70,,0,7/17/2025 10:24,,,,,,,3,,,,,,,,,,,,,,,,57.14,57.14,57.14,,,,57.58,13.79,
25Beck_AY1,4/12/2025,9,1211,7,22,,1090130211,,Enhance-SD,21,2024 SD State University,3,,,,,,,,,,,,,,,,,,,,,,,,,,,,2.26,60.23,60.23352,60.23352,13.5,,,57.19,13.76,
25Ben_AY1,4/18/2025,16,1211,7,8,,1160130211,,MN22131-3,43,MN15482-4/MN15005-4,3,,,,,0,7/15/2025 11:50,,,,,,,,,,,,0,7/15/2025 11:50,,,,,,,,,3.87,101.9,101.9031363,101.9031363,14.54,,,,,
25Crk_AY1_Conv,4/24/2025,6,1211,20,18,,1060130211,,CAG Ceres,8,2024 Champions Alliance Group Inc,3,,,,,,,2,8/4/2025 18:04,,,,,,,,,,,,,,,,,,,,,113.78,113.78,113.78,,0,,,,
25Ferg_AY1,4/21/2025,10,1211,7,8,,1100130211,,CAG Recoil,9,2022 Champions Alliance Group Inc,3,,,,,0,7/28/2025 11:52,,,,,,,,6,7/28/2025 11:52,,,NA,7/28/2025 11:52,,,,,,,,,3.48,94.25,94.25009924,94.25009924,12.1,,,,,
25Hall_AY1,4/26/2025,15,1211,7,8,,1150130211,,Knudson,23,long term check,3,,,,,,,,,,,,,,,,,,,,,,,,,,,,3.69,95.05,95.04873489,95.04873489,16.4,,,,,
25Lamb_AY1conv,4/15/2025,4,1211,26,12,,1040130211,,AP Elevate,2,2024 AgriPro/Syngenta,3,16,,86.36,,,,,,,,,,0,,,,,,,,,,,4,7/17/2025 15:30,,,,67.14,67.13711477,67.13711477,,,,,,
25LeCen_AY1,4/11/2025,17,1211,7,8,,1170130211,,Dyna-Gro Ambush,17,2017 Nutrien Ag Solutions,3,,,,,0,7/4/2025 16:30,1,7/17/2025 9:18,,,,,,,,,,,,,,,,,,,,3.34,88.03,88.03189965,88.03189965,14.73,,,,,
25Oklee_AY1,4/26/2025,12,1211,18,8,,1120130211,,Brawn-SD,7,2022 SD State University,3,,,,,0,7/30/2025 12:17,,,,,,,,,,,,,,,,,,,,,,3.23,81.18,81.17955789,81.17955789,18.43,,,,,
25Perl_AY1,4/21/2025,11,1211,7,8,,1110130211,,Dyna-Gro Commander,19,2019 Nutrien Ag Solutions,3,,,,,0,7/28/2025 15:25,,,,,,,,,,,,5,7/28/2025 15:25,,,,,,,,,4.24,109.97,109.9736084,109.9736084,15.82,,,,,
25Ros_AY1conv,4/25/2025,7,1211,7,8,,1070130211,,AP Iconic,3,2025 AgriPro/Syngenta,3,22,,76.2,,,,,,,,,,,9,7/29/2025 15:47,,,,,,,,,,,,,2.85,71.03,71.03189362,71.03189362,19.11,,,,,
25Steph_AY1,4/27/2025,13,1211,7,8,,1130130211,,LCS Dual,28,2021 Limagrain Cereal Seeds,3,,,,,1,7/29/2025 9:51,,,,,,,,,,4,7/29/2025 9:51,,,,,,,,,,,4.95,126.68,126.6808074,126.6808074,16.94,,,,,
25StP_C-9_AY1-3_URN-PEv2,4/16/2025,1,1211,9,23,,1010130211,,CP3099A,10,2020 Winfield Untied - Croplan,3,21,6/23/2025 12:17,91,,0,6/17/2025 15:24,0,6/27/2025 10:46,1,7/3/2025 10:43,0,7/25/2025 11:54,,,,,,,,,,,,,,,,1.265,72.49,72.4904338,72.4904338,13.3,76.4,,,,
25Strath_AY1,5/8/2025,14,1211,7,8,,1140130211,,MS Cobra,55,"2022 Meridian Seeds, LLC",3,,,,,3,7/30/2025 9:10,,,,,,,,,,7,7/30/2025 9:10,,,,,,,,,,,,115.07,115.07,115.07,,,,,,
25Was_AY1,1/1/2025,3,1211,7,6,,1030130211,,PFS Muffins,60,2026 Peterson Farms Seed,3,16,,75,,0,7/17/2025 10:24,,,,,,,2,,,,,,,,,,,,,,,,56.37,56.37,56.37,,,,57.01,14.68,
25Beck_AY1,4/12/2025,9,1212,6,22,,1090130212,,Dyna-Gro Rocker,20,2023 Nutrien Ag Solutions,3,,,,,,,,,,,,,,,,,,,,,,,,,,,,2.76,72.41,72.41148125,72.41148125,14.85,,,58.01,14.59,
25Ben_AY1,4/18/2025,16,1212,6,8,,1160130212,,MN22342-2,50,MN16024-6/MN15119-2,3,,,,,0,7/15/2025 11:51,,,,,,,,,,,,0,7/15/2025 11:51,,,,,,,,,3.42,89.99,89.99070909,89.99070909,14.6,,,,,
25Crk_AY1_Conv,4/24/2025,6,1212,21,18,,1060130212,,MN22429-2,53,MN16396/MN14227-4,3,,,,,,,2,8/4/2025 18:04,,,,,,,,,,,,,,,,,,,,,108.4,108.4,108.4,,0,,,,
25Ferg_AY1,4/21/2025,10,1212,6,8,,1100130212,,SY 611 CL2,63,2019 AgriPro/Syngenta,3,,,,,0,7/28/2025 11:52,,,,,,,,6,7/28/2025 11:52,,,NA,7/28/2025 11:52,,,,,,,,,3.56,93.01,93.00543543,93.00543543,15.21,,,,,
25Hall_AY1,4/26/2025,15,1212,6,8,,1150130212,better leaves,Driver,15,2019 SD State University,3,,,,,,,,,,,,,,,,,,,,,,,,,,,,5.13,121.27,121.2661686,121.2661686,23.28,,,,,
25Lamb_AY1conv,4/15/2025,4,1212,25,12,,1040130212,,CP3915,14,2019 Winfield Untied - Croplan,3,15,,88.9,,,,,,,,,,0,,,,,,,,,,,3,7/17/2025 15:30,,,,73.65,73.64749178,73.64749178,,,,,,
25LeCen_AY1,4/11/2025,17,1212,6,8,,1170130212,,MN22356-2,51,MN15530-4/MN15005-4,3,,,,,0,7/4/2025 16:30,0,7/17/2025 9:18,,,,,,,,,,,,,,,,,,,,3.18,83.78,83.77798428,83.77798428,15.63,,,,,
25Oklee_AY1,4/26/2025,12,1212,17,8,,1120130212,,MN22314-2,47,MN15482-4/MN10201-4-A,3,,,,,0,7/30/2025 12:17,,,,,,,,,,,,,,,,,,,,,,2.49,66.36,66.36348,66.36348,13.5,,,,,
25Perl_AY1,4/21/2025,11,1212,6,8,,1110130212,,CAG Recoil,9,2022 Champions Alliance Group Inc,3,,,,,0,7/28/2025 15:25,,,,,,,,,,,,7,7/28/2025 15:25,,,,,,,,,4,104.54,104.5374631,104.5374631,15.18,,,,,
25Ros_AY1conv,4/25/2025,7,1212,6,8,,1070130212,,MN21089-4,36,MN14223-5/MN-Rothsay,3,22,,71.12,,,,,,,,,,,6,7/29/2025 15:47,,,,,,,,,,,,,2.47,65.83,65.83044,65.83044,13.5,,,,,
25Steph_AY1,4/27/2025,13,1212,6,8,,1130130212,,Enhance-SD,21,2024 SD State University,3,,,,,1,7/29/2025 9:51,,,,,,,,,,6,7/29/2025 9:51,,,,,,,,,,,4.58,118.4,118.3971194,118.3971194,16.1,,,,,
25StP_C-9_AY1-3_URN-PEv2,4/16/2025,1,1212,8,23,,1010130212,,AP Iconic,3,2025 AgriPro/Syngenta,3,18,6/18/2025 13:56,84.66666667,,0,6/17/2025 15:24,5,6/27/2025 10:46,3,7/3/2025 10:43,3,7/25/2025 11:54,,,,,,,,,,,,,,,,1.23,70,69.99698575,69.99698575,13.9,75.7,,,,
25Strath_AY1,5/8/2025,14,1212,6,8,,1140130212,,CAG Recoil,9,2022 Champions Alliance Group Inc,3,,,,,1,7/30/2025 9:10,,,,,,,,,,4,7/30/2025 9:10,,,,,,,,,,,,106.74,106.74,106.74,,,,,,
25Was_AY1,1/1/2025,3,1212,6,6,,1030130212,,PFS Rolls,61,2025 Peterson Farms Seed,3,17,,80,,0,7/17/2025 10:24,,,,,,,3,,,,,,,,,,,,,,,,65.64,65.64,65.64,,,,,,
25Beck_AY1,4/12/2025,9,1213,5,22,,1090130213,,MS Cobra,55,"2022 Meridian Seeds, LLC",3,,,,,,,,,,,,,,,,,,,,,,,,,,,,2.74,71.82,71.81922143,71.81922143,14.93,,,58.68,14.74,
25Ben_AY1,4/18/2025,16,1213,5,8,,1160130213,,LCS Cannon,27,2018 Limagrain Cereal Seeds,3,,,,,0,7/15/2025 11:51,,,,,,,,,,,,0,7/15/2025 11:51,,,,,,,,,4.03,104.65,104.6509729,104.6509729,15.72,,,,,
25Crk_AY1_Conv,4/24/2025,6,1213,22,18,,1060130213,,Dyna-Gro Ballistic,18,2018 Nutrien Ag Solutions,3,,,,,,,2,8/4/2025 18:04,,,,,,,,,,,,,,,,,,,,,88.58,88.58,88.58,,0,,,,
25Ferg_AY1,4/21/2025,10,1213,5,8,,1100130213,,CP3099A,10,2020 Winfield Untied - Croplan,3,,,,,0,7/28/2025 11:53,,,,,,,,6,7/28/2025 11:53,,,NA,7/28/2025 11:53,,,,,,,,,3.38,95.22,95.2180136,95.2180136,8.57,,,,,
25Hall_AY1,4/26/2025,15,1213,5,8,,1150130213,,MN22227-1,46,MN15413-2/MN10201-4-A//Linkert-gpcB1/MN13288-1-1/3/MN15482-4/Shelly//MN15482-4/MN10261-1,3,,,,,,,,,,,,,,,,,,,,,,,,,,,,4.58,115.19,115.1937646,115.1937646,18.37,,,,,
25Lamb_AY1conv,4/15/2025,4,1213,24,12,,1040130213,,ND Stampede,57,2024 NDSU,3,14,,76.2,,,,,,,,,,0,,,,,,,,,,,5,7/17/2025 15:31,,,,82.49,82.49487551,82.49487551,,,,,,
25LeCen_AY1,4/11/2025,17,1213,5,8,,1170130213,,CP3099A,10,2020 Winfield Untied - Croplan,3,,,,,0,7/4/2025 16:30,0,7/17/2025 9:18,,,,,,,,,,,,,,,,,,,,3.5,92.27,92.26893642,92.26893642,12.37,,,,,
25Oklee_AY1,4/26/2025,12,1213,16,8,,1120130213,,PFS Rolls,61,2025 Peterson Farms Seed,3,,,,,0,7/30/2025 12:17,,,,,,,,,,,,,,,,,,,,,,2.71,70.66,70.65713261,70.65713261,15.38,,,,,
25Perl_AY1,4/21/2025,11,1213,5,8,,1110130213,,AP Dagr,1,2025 AgriPro/Syngenta,3,,,,,0,7/28/2025 15:25,,,,,,,,,,,,2,7/28/2025 15:25,,,,,,,,,4.58,120.27,120.2739748,120.2739748,14.77,,,,,
25Ros_AY1conv,4/25/2025,7,1213,5,8,,1070130213,,TW Olympic,69,2022 Thunder Seed,3,24,,73.66,,,,,,,,,,,5,7/29/2025 15:47,,,,,,,,,,,,,, , , , ,,,,,
25Steph_AY1,4/27/2025,13,1213,5,8,,1130130213,,MN21089-4,36,MN14223-5/MN-Rothsay,3,,,,,2,7/29/2025 9:51,,,,,,,,,,3,7/29/2025 9:51,,,,,,,,,,,4.75,121.71,121.7087459,121.7087459,16.84,,,,,
25StP_C-9_AY1-3_URN-PEv2,4/16/2025,1,1213,7,23,,1010130213,,MN22131-3,43,MN15482-4/MN15005-4,3,18,6/18/2025 13:56,76.66666667,,0,6/17/2025 15:24,2,6/27/2025 10:46,2,7/3/2025 10:44,2,7/25/2025 11:54,,,,,,,,,,,,,,,,1.355,77.02,77.02094133,77.02094133,14,77.3,,,,
25Strath_AY1,5/8/2025,14,1213,5,8,,1140130213,nice,MN22406-1,52,MN16360/MN15320-1,3,,,,,0,7/30/2025 9:10,,,,,,,,,,6,7/30/2025 9:11,,,,,,,,,,,,111.52,111.52,111.52,,,,,,
25Was_AY1,1/1/2025,3,1213,5,6,,1030130213,,LCS Dual,28,2021 Limagrain Cereal Seeds,3,16,,75,,0,7/17/2025 10:24,,,,,,,2,,,,,,,,,,,,,,,,48.22,48.22,48.22,,,,58.57,14.42,
25Beck_AY1,4/12/2025,9,1214,4,22,,1090130214,,Dyna-Gro Commander,19,2019 Nutrien Ag Solutions,3,,,,,,,,,,,,,,,,,,,,,,,,,,,,3.3,84.5,84.50471071,84.50471071,16.89,,,59.22,14.91,
25Ben_AY1,4/18/2025,16,1214,4,8,,1160130214,,CP3678,13,2024 Winfield Untied - Croplan,3,,,,,0,7/15/2025 11:51,,,,,,,,,,,,0,7/15/2025 11:51,,,,,,,,,3.62,99.4,99.40253166,99.40253166,10.88,,,,,
25Crk_AY1_Conv,4/24/2025,6,1214,23,18,,1060130214,,Marshall,33,long term check,3,,,,,,,2,8/4/2025 18:04,,,,,,,,,,,,,,,,,,,,,98.62,98.62,98.62,,0,,,,
25Ferg_AY1,4/21/2025,10,1214,4,8,,1100130214,nice,MN21089-4,36,MN14223-5/MN-Rothsay,3,,,,,0,7/28/2025 11:53,,,,,,,,5,7/28/2025 11:53,,,NA,7/28/2025 11:53,,,,,,,,,3.65,94.63,94.62569216,94.62569216,15.86,,,,,
25Hall_AY1,4/26/2025,15,1214,4,8,,1150130214,,Enhance-SD,21,2024 SD State University,3,,,,,,,,,,,,,,,,,,,,,,,,,,,,4.36,112.58,112.5755831,112.5755831,16.2,,,,,
25Lamb_AY1conv,4/15/2025,4,1214,23,12,,1040130214,,MN22314-2,47,MN15482-4/MN10201-4-A,3,15,,78.74,,,,,,,,,,0,,,,,,,,,,,4,7/17/2025 15:31,,,,58.99,58.98628765,58.98628765,,,,,,
25LeCen_AY1,4/11/2025,17,1214,4,8,,1170130214,,CAG Recoil,9,2022 Champions Alliance Group Inc,3,,,,,0,7/4/2025 16:30,0,7/17/2025 9:18,,,,,,,,,,,,,,,,,,,,3.52,92.81,92.81376832,92.81376832,13.39,,,,,
25Oklee_AY1,4/26/2025,12,1214,15,8,,1120130214,,MN21172-3,39,Bolles/MN-Rothsay,3,,,,,0,7/30/2025 12:17,,,,,,,,,,,,,,,,,,,,,,2.62,68.88,68.88374242,68.88374242,14.67,,,,,
25Perl_AY1,4/21/2025,11,1214,4,8,,1110130214,,MN22322-2,48,MN15005/MN14223-5,3,,,,,0,7/28/2025 15:25,,,,,,,,,,,,3,7/28/2025 15:26,,,,,,,,,4.08,106.72,106.7162102,106.7162102,15.11,,,,,
25Ros_AY1conv,4/25/2025,7,1214,4,8,,1070130214,,MN22429-2,53,MN16396/MN14227-4,3,22,,68.58,,,,,,,,,,,8,7/29/2025 15:47,,,,,,,,,,,,,2.74,69.06,69.05856721,69.05856721,18.2,,,,,
25Steph_AY1,4/27/2025,13,1214,4,8,,1130130214,,MN22199-2,45,MN16360/MN15005,3,,,,,1,7/29/2025 9:51,,,,,,,,,,3,7/29/2025 9:52,,,,,,,,,,,5.09,128.88,128.8835875,128.8835875,17.82,,,,,
25StP_C-9_AY1-3_URN-PEv2,4/16/2025,1,1214,6,23,,1010130214,,AP Elevate,2,2024 AgriPro/Syngenta,3,18,6/18/2025 13:56,75.66666667,,0,6/17/2025 15:24,4,6/27/2025 10:46,3,7/3/2025 10:44,2,7/25/2025 11:54,,,,,,,,,,,,,,,,1.245,70.69,70.68603004,70.68603004,14.1,77.2,,,,
25Strath_AY1,5/8/2025,14,1214,4,8,,1140130214,nice,MN22429-2,53,MN16396/MN14227-4,3,,,,,0,7/30/2025 9:11,,,,,,,,,,6,7/30/2025 9:11,,,,,,,,,,,,127.99,127.99,127.99,,,,,,
25Was_AY1,1/1/2025,3,1214,4,6,,1030130214,,CP3555,12,2024 Winfield Untied - Croplan,3,16,,80,,0,7/17/2025 10:24,,,,,,,2,,,,,,,,,,,,,,,,49.62,49.62,49.62,,,,57.98,14.74,
25Beck_AY1,4/12/2025,9,1215,3,22,,1090130215,Late,LCS Dual,28,2021 Limagrain Cereal Seeds,3,,,,,,,,,,,,,,,,,,,,,,,,,,,,3.15,81.81,81.8088532,81.8088532,15.71,,,58.83,14.37,
25Ben_AY1,4/18/2025,16,1215,3,8,,1160130215,,MS Nova,56,"2023 Meridian Seeds, LLC",3,,,,,0,7/15/2025 11:51,,,,,,,,,,,,0,7/15/2025 11:51,,,,,,,,,3.81,101.09,101.086291,101.086291,13.89,,,,,
25Crk_AY1_Conv,4/24/2025,6,1215,24,18,,1060130215,,AP Dagr,1,2025 AgriPro/Syngenta,3,,,,,,,3,8/4/2025 18:04,,,,,,,,,,,,,,,,,,,,,115.19,115.19,115.19,,0,,,,
25Ferg_AY1,4/21/2025,10,1215,3,8,,1100130215,,Knudson,23,long term check,3,,,,,2,7/28/2025 11:53,,,,,,,,6,7/28/2025 11:53,,,NA,7/28/2025 11:53,,,,,,,,,3.1,83.09,83.08922761,83.08922761,13.01,,,,,
25Hall_AY1,4/26/2025,15,1215,3,8,,1150130215,better leaves,Shelly,62,2016 MN,3,,,,,,,,,,,,,,,,,,,,,,,,,,,,5.29,130.35,130.3456269,130.3456269,20.03,,,,,
25Lamb_AY1conv,4/15/2025,4,1215,22,12,,1040130215,,TCG-Wildcat,67,2020 21st Century Genetics,3,17,,86.36,,,,,,,,,,0,,,,,,,,,,,3,7/17/2025 15:31,,,,65.01,65.01066497,65.01066497,,,,,,
25LeCen_AY1,4/11/2025,17,1215,3,8,,1170130215,,MN21168-1,38,10FAR-3134-1/MN14223-5,3,,,,,0,7/4/2025 16:30,0,7/17/2025 9:18,,,,,,,,,,,,,,,,,,,,3.51,92.52,92.51961827,92.51961827,11,,,,,
25Oklee_AY1,4/26/2025,12,1215,14,8,,1120130215,Thin,MN21168-1,38,10FAR-3134-1/MN14223-5,3,,,,,0,7/30/2025 12:17,,,,,,,,,,,,,,,,,,,,,,2.58,63.57,,,20.03,,,,,
25Perl_AY1,4/21/2025,11,1215,3,8,,1110130215,,Ascend-SD,6,2021 SD State University,3,,,,,0,7/28/2025 15:26,,,,,,,,,,,,4,7/28/2025 15:26,,,,,,,,,4.74,121.99,121.9928901,121.9928901,16.47,,,,,
25Ros_AY1conv,4/25/2025,7,1215,3,8,,1070130215,,NDHRS15-0006-C46,59,2025 NDSU,3,21,,76.2,,,,,,,,,,,6,7/29/2025 15:48,,,,,,,,,,,,,3.3,84.66,84.65722793,84.65722793,16.74,,,,,
25Steph_AY1,4/27/2025,13,1215,3,8,,1130130215,,LCS Buster,26,2020 Limagrain Cereal Seeds,3,,,,,1,7/29/2025 9:52,,,,,,,,,,4,7/29/2025 9:52,,,,,,,,,,,5.23,132.59,132.5896637,132.5896637,17.72,,,,,
25StP_C-9_AY1-3_URN-PEv2,4/16/2025,1,1215,5,23,,1010130215,,NDHRS15-0006-C46,59,2025 NDSU,3,18,6/18/2025 13:56,75,,0,6/17/2025 15:24,7,6/27/2025 10:46,4,7/3/2025 10:44,4,7/25/2025 11:54,,,,,,,,,,,,,,,,1.235,70.04,70.03664298,70.03664298,14.2,78.4,,,,
25Strath_AY1,5/8/2025,14,1215,3,8,,1140130215,,Marshall,33,long term check,3,,,,,3,7/30/2025 9:11,,,,,,,,,,6,7/30/2025 9:11,,,,,,,,,,,,114.09,114.09,114.09,,,,,,
25Was_AY1,1/1/2025,3,1215,3,6,,1030130215,,ND Stampede,57,2024 NDSU,3,16,,80,,0,7/17/2025 10:24,,,,,,,3,,,,,,,,,,,,,,,,51.37,51.37,51.37,,,,57.58,15.88,
25Beck_AY1,4/12/2025,9,1216,2,22,,1090130216,,TCG-Wildcat,67,2020 21st Century Genetics,3,,,,,,,,,,,,,,,,,,,,,,,,,,,,2.48,66.21,66.21157901,66.21157901,13.35,,,57.35,15.72,
25Ben_AY1,4/18/2025,16,1216,2,8,,1160130216,,MN-Rothsay,34,2022 MN,3,,,,,0,7/15/2025 11:51,,,,,,,,,,,,0,7/15/2025 11:51,,,,,,,,,3.96,103.28,103.2846651,103.2846651,15.35,,,,,
25Crk_AY1_Conv,4/24/2025,6,1216,25,18,,1060130216,dry,ND Stampede,57,2024 NDSU,3,,,,,,,2,8/4/2025 18:04,,,,,,,,,,,,,,,,,,,,,103.91,103.91,103.91,,0,,,,
25Ferg_AY1,4/21/2025,10,1216,2,8,,1100130216,,LCS Ascent,24,2022 Limagrain Cereal Seeds,3,,,,,1,7/28/2025 11:53,,,,,,,,7,7/28/2025 11:53,,,NA,7/28/2025 11:53,,,,,,,,,3.72,97.45,97.44907871,97.44907871,14.98,,,,,
25Hall_AY1,4/26/2025,15,1216,2,8,,1150130216,,WB9479,71,2017 WestBred,3,,,,,,,,,,,,,,,,,,,,,,,,,,,,4.46,108.73,108.7263564,108.7263564,20.88,,,,,
25Lamb_AY1conv,4/15/2025,4,1216,21,12,,1040130216,,TCG-Zelda,68,2023 21st Century Genetics,3,12,,81.28,,,,,,,,,,0,,,,,,,,,,,3,7/17/2025 15:31,,,,70.48,70.47887295,70.47887295,,,,,,
25LeCen_AY1,4/11/2025,17,1216,2,8,,1170130216,,MS Charger,54,"2023 Meridian Seeds, LLC",3,,,,,0,7/4/2025 16:30,4,7/17/2025 9:18,,,,,,,,,,,,,,,,,,,,3.62,95.5,95.49723422,95.49723422,14.97,,,,,
25Oklee_AY1,4/26/2025,12,1216,13,8,,1120130216,Thin,MN-Rothsay,34,2022 MN,3,,,,,0,7/30/2025 12:17,,,,,,,,,,,,,,,,,,,,,,2.31,61.57,,,13.5,,,,,
25Perl_AY1,4/21/2025,11,1216,2,8,,1110130216,,MN22071-4,42,MN16024-6/MN15005-4,3,,,,,1,7/28/2025 15:26,,,,,,,,,,,,2,7/28/2025 15:26,,,,,,,,,4.08,104.33,104.327698,104.327698,17.01,,,,,
25Ros_AY1conv,4/25/2025,7,1216,2,8,,1070130216,,MN22131-3,43,MN15482-4/MN15005-4,3,24,,76.2,,,,,,,,,,,5,7/29/2025 15:48,,,,,,,,,,,,,3.48,87.75,87.75231083,87.75231083,18.16,,,,,
25Steph_AY1,4/27/2025,13,1216,2,8,,1130130216,,SY 611 CL2,63,2019 AgriPro/Syngenta,3,,,,,1,7/29/2025 9:52,,,,,,,,,,6,7/29/2025 9:52,,,,,,,,,,,4.25,108.05,108.0461296,108.0461296,17.49,,,,,
25StP_C-9_AY1-3_URN-PEv2,4/16/2025,1,1216,4,23,,1010130216,,Dyna-Gro 8582,16,2024 Nutrien Ag Solutions,3,12,6/12/2025 12:35,80.33333333,,0,6/17/2025 15:24,2,6/27/2025 10:46,1,7/3/2025 10:44,2,7/25/2025 11:54,,,,,,,,,,,,,,,,1.46,82.6,82.60335676,82.60335676,14.4,78.4,,,,
25Strath_AY1,5/8/2025,14,1216,2,8,,1140130216,,LCS Trigger,31,2016 Limagrain Cereal Seeds,3,,,,,3,7/30/2025 9:11,,,,,,,,,,3,7/30/2025 9:11,,,,,,,,,,,,133.44,133.44,133.44,,,,,,
25Was_AY1,1/1/2025,3,1216,2,6,,1030130216,,AP Dagr,1,2025 AgriPro/Syngenta,3,16,,75,,0,7/17/2025 10:24,,,,,,,3,,,,,,,,,,,,,,,,56.83,56.83,56.83,,,,56.59,14.51,
